SU3_ADJOINT_SWAP_TABLE_V1
# Eq8 convention: B(g1,g2)[in] = sum_out W[out,in] B(g2,g1)[out]
# Irrep convention: SU(3) Dynkin labels p q; adjoint=(1,1)
# Vertex convention: isometric real CG maps; multiplicities are zero-based
# Self vertex mult=0: normalized action v tensor X -> rho(X)v (except 8x8)
# 8x8->8: mult=0 Jordan/symmetric, mult=1 Lie-bracket/antisymmetric
NC 3
ADJOINT_PQ 1 1
MAX_PREFIX_GLUONS 6
NBLOCKS 354
NPATHS 1165
NVALUES 5673
BEGIN_BLOCKS
# block left_p left_q right_p right_q size
0 0 0 0 0 1
1 0 0 0 3 1
2 0 0 1 1 2
3 0 0 2 2 1
4 0 0 3 0 1
5 1 1 0 0 2
6 1 1 0 3 4
7 1 1 1 1 8
8 1 1 1 4 2
9 1 1 2 2 6
10 1 1 3 0 4
11 1 1 3 3 1
12 1 1 4 1 2
13 0 3 0 0 1
14 0 3 0 3 4
15 0 3 0 6 1
16 0 3 1 1 4
17 0 3 1 4 4
18 0 3 2 2 5
19 0 3 2 5 1
20 0 3 3 0 2
21 0 3 3 3 2
22 0 3 4 1 1
23 2 2 0 0 1
24 2 2 0 3 5
25 2 2 0 6 1
26 2 2 1 1 6
27 2 2 1 4 6
28 2 2 2 2 10
29 2 2 2 5 2
30 2 2 3 0 5
31 2 2 3 3 6
32 2 2 4 1 6
33 2 2 4 4 1
34 2 2 5 2 2
35 2 2 6 0 1
36 3 0 0 0 1
37 3 0 0 3 2
38 3 0 1 1 4
39 3 0 1 4 1
40 3 0 2 2 5
41 3 0 3 0 4
42 3 0 3 3 2
43 3 0 4 1 4
44 3 0 5 2 1
45 3 0 6 0 1
46 1 4 0 3 4
47 1 4 0 6 4
48 1 4 1 1 2
49 1 4 1 4 9
50 1 4 1 7 2
51 1 4 2 2 6
52 1 4 2 5 6
53 1 4 3 0 1
54 1 4 3 3 6
55 1 4 3 6 1
56 1 4 4 1 2
57 1 4 4 4 2
58 1 4 5 2 1
59 3 3 0 3 2
60 3 3 0 6 2
61 3 3 1 1 1
62 3 3 1 4 6
63 3 3 1 7 1
64 3 3 2 2 6
65 3 3 2 5 6
66 3 3 3 0 2
67 3 3 3 3 10
68 3 3 3 6 2
69 3 3 4 1 6
70 3 3 4 4 6
71 3 3 5 2 6
72 3 3 5 5 1
73 3 3 6 0 2
74 3 3 6 3 2
75 3 3 7 1 1
76 4 1 0 3 1
77 4 1 1 1 2
78 4 1 1 4 2
79 4 1 2 2 6
80 4 1 2 5 1
81 4 1 3 0 4
82 4 1 3 3 6
83 4 1 4 1 9
84 4 1 4 4 2
85 4 1 5 2 6
86 4 1 6 0 4
87 4 1 6 3 1
88 4 1 7 1 2
89 0 6 0 3 1
90 0 6 0 6 4
91 0 6 0 9 1
92 0 6 1 4 4
93 0 6 1 7 4
94 0 6 2 2 1
95 0 6 2 5 5
96 0 6 2 8 1
97 0 6 3 3 2
98 0 6 3 6 2
99 0 6 4 4 1
100 2 5 0 3 1
101 2 5 0 6 5
102 2 5 0 9 1
103 2 5 1 4 6
104 2 5 1 7 6
105 2 5 2 2 2
106 2 5 2 5 10
107 2 5 2 8 2
108 2 5 3 3 6
109 2 5 3 6 6
110 2 5 4 1 1
111 2 5 4 4 6
112 2 5 4 7 1
113 2 5 5 2 2
114 2 5 5 5 2
115 2 5 6 3 1
116 4 4 0 6 1
117 4 4 1 4 2
118 4 4 1 7 2
119 4 4 2 2 1
120 4 4 2 5 6
121 4 4 2 8 1
122 4 4 3 3 6
123 4 4 3 6 6
124 4 4 4 1 2
125 4 4 4 4 10
126 4 4 4 7 2
127 4 4 5 2 6
128 4 4 5 5 6
129 4 4 6 0 1
130 4 4 6 3 6
131 4 4 6 6 1
132 4 4 7 1 2
133 4 4 7 4 2
134 4 4 8 2 1
135 5 2 1 4 1
136 5 2 2 2 2
137 5 2 2 5 2
138 5 2 3 0 1
139 5 2 3 3 6
140 5 2 3 6 1
141 5 2 4 1 6
142 5 2 4 4 6
143 5 2 5 2 10
144 5 2 5 5 2
145 5 2 6 0 5
146 5 2 6 3 6
147 5 2 7 1 6
148 5 2 7 4 1
149 5 2 8 2 2
150 5 2 9 0 1
151 6 0 2 2 1
152 6 0 3 0 1
153 6 0 3 3 2
154 6 0 4 1 4
155 6 0 4 4 1
156 6 0 5 2 5
157 6 0 6 0 4
158 6 0 6 3 2
159 6 0 7 1 4
160 6 0 8 2 1
161 6 0 9 0 1
162 1 7 0 6 4
163 1 7 0 9 4
164 1 7 1 4 2
165 1 7 1 7 9
166 1 7 1 10 2
167 1 7 2 5 6
168 1 7 2 8 6
169 1 7 3 3 1
170 1 7 3 6 6
171 1 7 3 9 1
172 1 7 4 4 2
173 1 7 4 7 2
174 1 7 5 5 1
175 3 6 0 6 2
176 3 6 0 9 2
177 3 6 1 4 1
178 3 6 1 7 6
179 3 6 1 10 1
180 3 6 2 5 6
181 3 6 2 8 6
182 3 6 3 3 2
183 3 6 3 6 10
184 3 6 3 9 2
185 3 6 4 4 6
186 3 6 4 7 6
187 3 6 5 2 1
188 3 6 5 5 6
189 3 6 5 8 1
190 3 6 6 3 2
191 3 6 6 6 2
192 3 6 7 4 1
193 5 5 1 7 1
194 5 5 2 5 2
195 5 5 2 8 2
196 5 5 3 3 1
197 5 5 3 6 6
198 5 5 3 9 1
199 5 5 4 4 6
200 5 5 4 7 6
201 5 5 5 2 2
202 5 5 5 5 10
203 5 5 5 8 2
204 5 5 6 3 6
205 5 5 6 6 6
206 5 5 7 1 1
207 5 5 7 4 6
208 5 5 7 7 1
209 5 5 8 2 2
210 5 5 8 5 2
211 5 5 9 3 1
212 6 3 2 5 1
213 6 3 3 3 2
214 6 3 3 6 2
215 6 3 4 1 1
216 6 3 4 4 6
217 6 3 4 7 1
218 6 3 5 2 6
219 6 3 5 5 6
220 6 3 6 0 2
221 6 3 6 3 10
222 6 3 6 6 2
223 6 3 7 1 6
224 6 3 7 4 6
225 6 3 8 2 6
226 6 3 8 5 1
227 6 3 9 0 2
228 6 3 9 3 2
229 6 3 10 1 1
230 7 1 3 3 1
231 7 1 4 1 2
232 7 1 4 4 2
233 7 1 5 2 6
234 7 1 5 5 1
235 7 1 6 0 4
236 7 1 6 3 6
237 7 1 7 1 9
238 7 1 7 4 2
239 7 1 8 2 6
240 7 1 9 0 4
241 7 1 9 3 1
242 7 1 10 1 2
243 0 9 0 6 1
244 0 9 0 9 4
245 0 9 0 12 1
246 0 9 1 7 4
247 0 9 1 10 4
248 0 9 2 5 1
249 0 9 2 8 5
250 0 9 2 11 1
251 0 9 3 6 2
252 0 9 3 9 2
253 0 9 4 7 1
254 2 8 0 6 1
255 2 8 0 9 5
256 2 8 0 12 1
257 2 8 1 7 6
258 2 8 1 10 6
259 2 8 2 5 2
260 2 8 2 8 10
261 2 8 2 11 2
262 2 8 3 6 6
263 2 8 3 9 6
264 2 8 4 4 1
265 2 8 4 7 6
266 2 8 4 10 1
267 2 8 5 5 2
268 2 8 5 8 2
269 2 8 6 6 1
270 4 7 0 9 1
271 4 7 1 7 2
272 4 7 1 10 2
273 4 7 2 5 1
274 4 7 2 8 6
275 4 7 2 11 1
276 4 7 3 6 6
277 4 7 3 9 6
278 4 7 4 4 2
279 4 7 4 7 10
280 4 7 4 10 2
281 4 7 5 5 6
282 4 7 5 8 6
283 4 7 6 3 1
284 4 7 6 6 6
285 4 7 6 9 1
286 4 7 7 4 2
287 4 7 7 7 2
288 4 7 8 5 1
289 6 6 2 8 1
290 6 6 3 6 2
291 6 6 3 9 2
292 6 6 4 4 1
293 6 6 4 7 6
294 6 6 4 10 1
295 6 6 5 5 6
296 6 6 5 8 6
297 6 6 6 3 2
298 6 6 6 6 10
299 6 6 6 9 2
300 6 6 7 4 6
301 6 6 7 7 6
302 6 6 8 2 1
303 6 6 8 5 6
304 6 6 8 8 1
305 6 6 9 3 2
306 6 6 9 6 2
307 6 6 10 4 1
308 7 4 3 6 1
309 7 4 4 4 2
310 7 4 4 7 2
311 7 4 5 2 1
312 7 4 5 5 6
313 7 4 5 8 1
314 7 4 6 3 6
315 7 4 6 6 6
316 7 4 7 1 2
317 7 4 7 4 10
318 7 4 7 7 2
319 7 4 8 2 6
320 7 4 8 5 6
321 7 4 9 0 1
322 7 4 9 3 6
323 7 4 9 6 1
324 7 4 10 1 2
325 7 4 10 4 2
326 7 4 11 2 1
327 8 2 4 4 1
328 8 2 5 2 2
329 8 2 5 5 2
330 8 2 6 0 1
331 8 2 6 3 6
332 8 2 6 6 1
333 8 2 7 1 6
334 8 2 7 4 6
335 8 2 8 2 10
336 8 2 8 5 2
337 8 2 9 0 5
338 8 2 9 3 6
339 8 2 10 1 6
340 8 2 10 4 1
341 8 2 11 2 2
342 8 2 12 0 1
343 9 0 5 2 1
344 9 0 6 0 1
345 9 0 6 3 2
346 9 0 7 1 4
347 9 0 7 4 1
348 9 0 8 2 5
349 9 0 9 0 4
350 9 0 9 3 2
351 9 0 10 1 4
352 9 0 11 2 1
353 9 0 12 0 1
END_BLOCKS
BEGIN_PATHS
# block path middle_p middle_q left_mult right_mult left_parity right_parity
0 0 1 1 0 0 0 1
1 0 1 1 0 0 0 -1
2 0 1 1 0 0 0 1
2 1 1 1 0 1 0 -1
3 0 1 1 0 0 0 1
4 0 1 1 0 0 0 -1
5 0 1 1 0 0 1 1
5 1 1 1 1 0 -1 1
6 0 0 3 0 0 -1 0
6 1 1 1 0 0 1 -1
6 2 1 1 1 0 -1 -1
6 3 2 2 0 0 1 0
7 0 0 0 0 0 1 0
7 1 0 3 0 0 -1 0
7 2 1 1 0 0 1 1
7 3 1 1 0 1 1 -1
7 4 1 1 1 0 -1 1
7 5 1 1 1 1 -1 -1
7 6 2 2 0 0 1 0
7 7 3 0 0 0 -1 0
8 0 0 3 0 0 -1 0
8 1 2 2 0 0 1 0
9 0 0 3 0 0 -1 0
9 1 1 1 0 0 1 1
9 2 1 1 1 0 -1 1
9 3 2 2 0 0 1 0
9 4 2 2 0 1 1 0
9 5 3 0 0 0 -1 0
10 0 1 1 0 0 1 -1
10 1 1 1 1 0 -1 -1
10 2 2 2 0 0 1 0
10 3 3 0 0 0 -1 0
11 0 2 2 0 0 1 0
12 0 2 2 0 0 1 0
12 1 3 0 0 0 -1 0
13 0 1 1 0 0 0 1
14 0 0 3 0 0 0 0
14 1 1 1 0 0 0 -1
14 2 1 4 0 0 0 0
14 3 2 2 0 0 0 0
15 0 1 4 0 0 0 0
16 0 0 3 0 0 0 0
16 1 1 1 0 0 0 1
16 2 1 1 0 1 0 -1
16 3 2 2 0 0 0 0
17 0 0 3 0 0 0 0
17 1 1 4 0 0 0 0
17 2 1 4 0 1 0 0
17 3 2 2 0 0 0 0
18 0 0 3 0 0 0 0
18 1 1 1 0 0 0 1
18 2 1 4 0 0 0 0
18 3 2 2 0 0 0 0
18 4 2 2 0 1 0 0
19 0 1 4 0 0 0 0
20 0 1 1 0 0 0 -1
20 1 2 2 0 0 0 0
21 0 1 4 0 0 0 0
21 1 2 2 0 0 0 0
22 0 2 2 0 0 0 0
23 0 1 1 0 0 0 1
24 0 0 3 0 0 0 0
24 1 1 1 0 0 0 -1
24 2 1 4 0 0 0 0
24 3 2 2 0 0 0 0
24 4 2 2 1 0 0 0
25 0 1 4 0 0 0 0
26 0 0 3 0 0 0 0
26 1 1 1 0 0 0 1
26 2 1 1 0 1 0 -1
26 3 2 2 0 0 0 0
26 4 2 2 1 0 0 0
26 5 3 0 0 0 0 0
27 0 0 3 0 0 0 0
27 1 1 4 0 0 0 0
27 2 1 4 0 1 0 0
27 3 2 2 0 0 0 0
27 4 2 2 1 0 0 0
27 5 3 3 0 0 0 0
28 0 0 3 0 0 0 0
28 1 1 1 0 0 0 1
28 2 1 4 0 0 0 0
28 3 2 2 0 0 0 0
28 4 2 2 0 1 0 0
28 5 2 2 1 0 0 0
28 6 2 2 1 1 0 0
28 7 3 0 0 0 0 0
28 8 3 3 0 0 0 0
28 9 4 1 0 0 0 0
29 0 1 4 0 0 0 0
29 1 3 3 0 0 0 0
30 0 1 1 0 0 0 -1
30 1 2 2 0 0 0 0
30 2 2 2 1 0 0 0
30 3 3 0 0 0 0 0
30 4 4 1 0 0 0 0
31 0 1 4 0 0 0 0
31 1 2 2 0 0 0 0
31 2 2 2 1 0 0 0
31 3 3 3 0 0 0 0
31 4 3 3 0 1 0 0
31 5 4 1 0 0 0 0
32 0 2 2 0 0 0 0
32 1 2 2 1 0 0 0
32 2 3 0 0 0 0 0
32 3 3 3 0 0 0 0
32 4 4 1 0 0 0 0
32 5 4 1 0 1 0 0
33 0 3 3 0 0 0 0
34 0 3 3 0 0 0 0
34 1 4 1 0 0 0 0
35 0 4 1 0 0 0 0
36 0 1 1 0 0 0 1
37 0 1 1 0 0 0 -1
37 1 2 2 0 0 0 0
38 0 1 1 0 0 0 1
38 1 1 1 0 1 0 -1
38 2 2 2 0 0 0 0
38 3 3 0 0 0 0 0
39 0 2 2 0 0 0 0
40 0 1 1 0 0 0 1
40 1 2 2 0 0 0 0
40 2 2 2 0 1 0 0
40 3 3 0 0 0 0 0
40 4 4 1 0 0 0 0
41 0 1 1 0 0 0 -1
41 1 2 2 0 0 0 0
41 2 3 0 0 0 0 0
41 3 4 1 0 0 0 0
42 0 2 2 0 0 0 0
42 1 4 1 0 0 0 0
43 0 2 2 0 0 0 0
43 1 3 0 0 0 0 0
43 2 4 1 0 0 0 0
43 3 4 1 0 1 0 0
44 0 4 1 0 0 0 0
45 0 4 1 0 0 0 0
46 0 0 3 0 0 0 0
46 1 1 4 0 0 0 0
46 2 1 4 1 0 0 0
46 3 2 2 0 0 0 0
47 0 0 6 0 0 0 0
47 1 1 4 0 0 0 0
47 2 1 4 1 0 0 0
47 3 2 5 0 0 0 0
48 0 0 3 0 0 0 0
48 1 2 2 0 0 0 0
49 0 0 3 0 0 0 0
49 1 0 6 0 0 0 0
49 2 1 4 0 0 0 0
49 3 1 4 0 1 0 0
49 4 1 4 1 0 0 0
49 5 1 4 1 1 0 0
49 6 2 2 0 0 0 0
49 7 2 5 0 0 0 0
49 8 3 3 0 0 0 0
50 0 0 6 0 0 0 0
50 1 2 5 0 0 0 0
51 0 0 3 0 0 0 0
51 1 1 4 0 0 0 0
51 2 1 4 1 0 0 0
51 3 2 2 0 0 0 0
51 4 2 2 0 1 0 0
51 5 3 3 0 0 0 0
52 0 0 6 0 0 0 0
52 1 1 4 0 0 0 0
52 2 1 4 1 0 0 0
52 3 2 5 0 0 0 0
52 4 2 5 0 1 0 0
52 5 3 3 0 0 0 0
53 0 2 2 0 0 0 0
54 0 1 4 0 0 0 0
54 1 1 4 1 0 0 0
54 2 2 2 0 0 0 0
54 3 2 5 0 0 0 0
54 4 3 3 0 0 0 0
54 5 3 3 0 1 0 0
55 0 2 5 0 0 0 0
56 0 2 2 0 0 0 0
56 1 3 3 0 0 0 0
57 0 2 5 0 0 0 0
57 1 3 3 0 0 0 0
58 0 3 3 0 0 0 0
59 0 1 4 0 0 0 0
59 1 2 2 0 0 0 0
60 0 1 4 0 0 0 0
60 1 2 5 0 0 0 0
61 0 2 2 0 0 0 0
62 0 1 4 0 0 0 0
62 1 1 4 0 1 0 0
62 2 2 2 0 0 0 0
62 3 2 5 0 0 0 0
62 4 3 3 0 0 0 0
62 5 3 3 1 0 0 0
63 0 2 5 0 0 0 0
64 0 1 4 0 0 0 0
64 1 2 2 0 0 0 0
64 2 2 2 0 1 0 0
64 3 3 3 0 0 0 0
64 4 3 3 1 0 0 0
64 5 4 1 0 0 0 0
65 0 1 4 0 0 0 0
65 1 2 5 0 0 0 0
65 2 2 5 0 1 0 0
65 3 3 3 0 0 0 0
65 4 3 3 1 0 0 0
65 5 4 4 0 0 0 0
66 0 2 2 0 0 0 0
66 1 4 1 0 0 0 0
67 0 1 4 0 0 0 0
67 1 2 2 0 0 0 0
67 2 2 5 0 0 0 0
67 3 3 3 0 0 0 0
67 4 3 3 0 1 0 0
67 5 3 3 1 0 0 0
67 6 3 3 1 1 0 0
67 7 4 1 0 0 0 0
67 8 4 4 0 0 0 0
67 9 5 2 0 0 0 0
68 0 2 5 0 0 0 0
68 1 4 4 0 0 0 0
69 0 2 2 0 0 0 0
69 1 3 3 0 0 0 0
69 2 3 3 1 0 0 0
69 3 4 1 0 0 0 0
69 4 4 1 0 1 0 0
69 5 5 2 0 0 0 0
70 0 2 5 0 0 0 0
70 1 3 3 0 0 0 0
70 2 3 3 1 0 0 0
70 3 4 4 0 0 0 0
70 4 4 4 0 1 0 0
70 5 5 2 0 0 0 0
71 0 3 3 0 0 0 0
71 1 3 3 1 0 0 0
71 2 4 1 0 0 0 0
71 3 4 4 0 0 0 0
71 4 5 2 0 0 0 0
71 5 5 2 0 1 0 0
72 0 4 4 0 0 0 0
73 0 4 1 0 0 0 0
73 1 5 2 0 0 0 0
74 0 4 4 0 0 0 0
74 1 5 2 0 0 0 0
75 0 5 2 0 0 0 0
76 0 2 2 0 0 0 0
77 0 2 2 0 0 0 0
77 1 3 0 0 0 0 0
78 0 2 2 0 0 0 0
78 1 3 3 0 0 0 0
79 0 2 2 0 0 0 0
79 1 2 2 0 1 0 0
79 2 3 0 0 0 0 0
79 3 3 3 0 0 0 0
79 4 4 1 0 0 0 0
79 5 4 1 1 0 0 0
80 0 3 3 0 0 0 0
81 0 2 2 0 0 0 0
81 1 3 0 0 0 0 0
81 2 4 1 0 0 0 0
81 3 4 1 1 0 0 0
82 0 2 2 0 0 0 0
82 1 3 3 0 0 0 0
82 2 3 3 0 1 0 0
82 3 4 1 0 0 0 0
82 4 4 1 1 0 0 0
82 5 5 2 0 0 0 0
83 0 2 2 0 0 0 0
83 1 3 0 0 0 0 0
83 2 3 3 0 0 0 0
83 3 4 1 0 0 0 0
83 4 4 1 0 1 0 0
83 5 4 1 1 0 0 0
83 6 4 1 1 1 0 0
83 7 5 2 0 0 0 0
83 8 6 0 0 0 0 0
84 0 3 3 0 0 0 0
84 1 5 2 0 0 0 0
85 0 3 3 0 0 0 0
85 1 4 1 0 0 0 0
85 2 4 1 1 0 0 0
85 3 5 2 0 0 0 0
85 4 5 2 0 1 0 0
85 5 6 0 0 0 0 0
86 0 4 1 0 0 0 0
86 1 4 1 1 0 0 0
86 2 5 2 0 0 0 0
86 3 6 0 0 0 0 0
87 0 5 2 0 0 0 0
88 0 5 2 0 0 0 0
88 1 6 0 0 0 0 0
89 0 1 4 0 0 0 0
90 0 0 6 0 0 0 0
90 1 1 4 0 0 0 0
90 2 1 7 0 0 0 0
90 3 2 5 0 0 0 0
91 0 1 7 0 0 0 0
92 0 0 6 0 0 0 0
92 1 1 4 0 0 0 0
92 2 1 4 0 1 0 0
92 3 2 5 0 0 0 0
93 0 0 6 0 0 0 0
93 1 1 7 0 0 0 0
93 2 1 7 0 1 0 0
93 3 2 5 0 0 0 0
94 0 1 4 0 0 0 0
95 0 0 6 0 0 0 0
95 1 1 4 0 0 0 0
95 2 1 7 0 0 0 0
95 3 2 5 0 0 0 0
95 4 2 5 0 1 0 0
96 0 1 7 0 0 0 0
97 0 1 4 0 0 0 0
97 1 2 5 0 0 0 0
98 0 1 7 0 0 0 0
98 1 2 5 0 0 0 0
99 0 2 5 0 0 0 0
100 0 1 4 0 0 0 0
101 0 0 6 0 0 0 0
101 1 1 4 0 0 0 0
101 2 1 7 0 0 0 0
101 3 2 5 0 0 0 0
101 4 2 5 1 0 0 0
102 0 1 7 0 0 0 0
103 0 0 6 0 0 0 0
103 1 1 4 0 0 0 0
103 2 1 4 0 1 0 0
103 3 2 5 0 0 0 0
103 4 2 5 1 0 0 0
103 5 3 3 0 0 0 0
104 0 0 6 0 0 0 0
104 1 1 7 0 0 0 0
104 2 1 7 0 1 0 0
104 3 2 5 0 0 0 0
104 4 2 5 1 0 0 0
104 5 3 6 0 0 0 0
105 0 1 4 0 0 0 0
105 1 3 3 0 0 0 0
106 0 0 6 0 0 0 0
106 1 1 4 0 0 0 0
106 2 1 7 0 0 0 0
106 3 2 5 0 0 0 0
106 4 2 5 0 1 0 0
106 5 2 5 1 0 0 0
106 6 2 5 1 1 0 0
106 7 3 3 0 0 0 0
106 8 3 6 0 0 0 0
106 9 4 4 0 0 0 0
107 0 1 7 0 0 0 0
107 1 3 6 0 0 0 0
108 0 1 4 0 0 0 0
108 1 2 5 0 0 0 0
108 2 2 5 1 0 0 0
108 3 3 3 0 0 0 0
108 4 3 3 0 1 0 0
108 5 4 4 0 0 0 0
109 0 1 7 0 0 0 0
109 1 2 5 0 0 0 0
109 2 2 5 1 0 0 0
109 3 3 6 0 0 0 0
109 4 3 6 0 1 0 0
109 5 4 4 0 0 0 0
110 0 3 3 0 0 0 0
111 0 2 5 0 0 0 0
111 1 2 5 1 0 0 0
111 2 3 3 0 0 0 0
111 3 3 6 0 0 0 0
111 4 4 4 0 0 0 0
111 5 4 4 0 1 0 0
112 0 3 6 0 0 0 0
113 0 3 3 0 0 0 0
113 1 4 4 0 0 0 0
114 0 3 6 0 0 0 0
114 1 4 4 0 0 0 0
115 0 4 4 0 0 0 0
116 0 2 5 0 0 0 0
117 0 2 5 0 0 0 0
117 1 3 3 0 0 0 0
118 0 2 5 0 0 0 0
118 1 3 6 0 0 0 0
119 0 3 3 0 0 0 0
120 0 2 5 0 0 0 0
120 1 2 5 0 1 0 0
120 2 3 3 0 0 0 0
120 3 3 6 0 0 0 0
120 4 4 4 0 0 0 0
120 5 4 4 1 0 0 0
121 0 3 6 0 0 0 0
122 0 2 5 0 0 0 0
122 1 3 3 0 0 0 0
122 2 3 3 0 1 0 0
122 3 4 4 0 0 0 0
122 4 4 4 1 0 0 0
122 5 5 2 0 0 0 0
123 0 2 5 0 0 0 0
123 1 3 6 0 0 0 0
123 2 3 6 0 1 0 0
123 3 4 4 0 0 0 0
123 4 4 4 1 0 0 0
123 5 5 5 0 0 0 0
124 0 3 3 0 0 0 0
124 1 5 2 0 0 0 0
125 0 2 5 0 0 0 0
125 1 3 3 0 0 0 0
125 2 3 6 0 0 0 0
125 3 4 4 0 0 0 0
125 4 4 4 0 1 0 0
125 5 4 4 1 0 0 0
125 6 4 4 1 1 0 0
125 7 5 2 0 0 0 0
125 8 5 5 0 0 0 0
125 9 6 3 0 0 0 0
126 0 3 6 0 0 0 0
126 1 5 5 0 0 0 0
127 0 3 3 0 0 0 0
127 1 4 4 0 0 0 0
127 2 4 4 1 0 0 0
127 3 5 2 0 0 0 0
127 4 5 2 0 1 0 0
127 5 6 3 0 0 0 0
128 0 3 6 0 0 0 0
128 1 4 4 0 0 0 0
128 2 4 4 1 0 0 0
128 3 5 5 0 0 0 0
128 4 5 5 0 1 0 0
128 5 6 3 0 0 0 0
129 0 5 2 0 0 0 0
130 0 4 4 0 0 0 0
130 1 4 4 1 0 0 0
130 2 5 2 0 0 0 0
130 3 5 5 0 0 0 0
130 4 6 3 0 0 0 0
130 5 6 3 0 1 0 0
131 0 5 5 0 0 0 0
132 0 5 2 0 0 0 0
132 1 6 3 0 0 0 0
133 0 5 5 0 0 0 0
133 1 6 3 0 0 0 0
134 0 6 3 0 0 0 0
135 0 3 3 0 0 0 0
136 0 3 3 0 0 0 0
136 1 4 1 0 0 0 0
137 0 3 3 0 0 0 0
137 1 4 4 0 0 0 0
138 0 4 1 0 0 0 0
139 0 3 3 0 0 0 0
139 1 3 3 0 1 0 0
139 2 4 1 0 0 0 0
139 3 4 4 0 0 0 0
139 4 5 2 0 0 0 0
139 5 5 2 1 0 0 0
140 0 4 4 0 0 0 0
141 0 3 3 0 0 0 0
141 1 4 1 0 0 0 0
141 2 4 1 0 1 0 0
141 3 5 2 0 0 0 0
141 4 5 2 1 0 0 0
141 5 6 0 0 0 0 0
142 0 3 3 0 0 0 0
142 1 4 4 0 0 0 0
142 2 4 4 0 1 0 0
142 3 5 2 0 0 0 0
142 4 5 2 1 0 0 0
142 5 6 3 0 0 0 0
143 0 3 3 0 0 0 0
143 1 4 1 0 0 0 0
143 2 4 4 0 0 0 0
143 3 5 2 0 0 0 0
143 4 5 2 0 1 0 0
143 5 5 2 1 0 0 0
143 6 5 2 1 1 0 0
143 7 6 0 0 0 0 0
143 8 6 3 0 0 0 0
143 9 7 1 0 0 0 0
144 0 4 4 0 0 0 0
144 1 6 3 0 0 0 0
145 0 4 1 0 0 0 0
145 1 5 2 0 0 0 0
145 2 5 2 1 0 0 0
145 3 6 0 0 0 0 0
145 4 7 1 0 0 0 0
146 0 4 4 0 0 0 0
146 1 5 2 0 0 0 0
146 2 5 2 1 0 0 0
146 3 6 3 0 0 0 0
146 4 6 3 0 1 0 0
146 5 7 1 0 0 0 0
147 0 5 2 0 0 0 0
147 1 5 2 1 0 0 0
147 2 6 0 0 0 0 0
147 3 6 3 0 0 0 0
147 4 7 1 0 0 0 0
147 5 7 1 0 1 0 0
148 0 6 3 0 0 0 0
149 0 6 3 0 0 0 0
149 1 7 1 0 0 0 0
150 0 7 1 0 0 0 0
151 0 4 1 0 0 0 0
152 0 4 1 0 0 0 0
153 0 4 1 0 0 0 0
153 1 5 2 0 0 0 0
154 0 4 1 0 0 0 0
154 1 4 1 0 1 0 0
154 2 5 2 0 0 0 0
154 3 6 0 0 0 0 0
155 0 5 2 0 0 0 0
156 0 4 1 0 0 0 0
156 1 5 2 0 0 0 0
156 2 5 2 0 1 0 0
156 3 6 0 0 0 0 0
156 4 7 1 0 0 0 0
157 0 4 1 0 0 0 0
157 1 5 2 0 0 0 0
157 2 6 0 0 0 0 0
157 3 7 1 0 0 0 0
158 0 5 2 0 0 0 0
158 1 7 1 0 0 0 0
159 0 5 2 0 0 0 0
159 1 6 0 0 0 0 0
159 2 7 1 0 0 0 0
159 3 7 1 0 1 0 0
160 0 7 1 0 0 0 0
161 0 7 1 0 0 0 0
162 0 0 6 0 0 0 0
162 1 1 7 0 0 0 0
162 2 1 7 1 0 0 0
162 3 2 5 0 0 0 0
163 0 0 9 0 0 0 0
163 1 1 7 0 0 0 0
163 2 1 7 1 0 0 0
163 3 2 8 0 0 0 0
164 0 0 6 0 0 0 0
164 1 2 5 0 0 0 0
165 0 0 6 0 0 0 0
165 1 0 9 0 0 0 0
165 2 1 7 0 0 0 0
165 3 1 7 0 1 0 0
165 4 1 7 1 0 0 0
165 5 1 7 1 1 0 0
165 6 2 5 0 0 0 0
165 7 2 8 0 0 0 0
165 8 3 6 0 0 0 0
166 0 0 9 0 0 0 0
166 1 2 8 0 0 0 0
167 0 0 6 0 0 0 0
167 1 1 7 0 0 0 0
167 2 1 7 1 0 0 0
167 3 2 5 0 0 0 0
167 4 2 5 0 1 0 0
167 5 3 6 0 0 0 0
168 0 0 9 0 0 0 0
168 1 1 7 0 0 0 0
168 2 1 7 1 0 0 0
168 3 2 8 0 0 0 0
168 4 2 8 0 1 0 0
168 5 3 6 0 0 0 0
169 0 2 5 0 0 0 0
170 0 1 7 0 0 0 0
170 1 1 7 1 0 0 0
170 2 2 5 0 0 0 0
170 3 2 8 0 0 0 0
170 4 3 6 0 0 0 0
170 5 3 6 0 1 0 0
171 0 2 8 0 0 0 0
172 0 2 5 0 0 0 0
172 1 3 6 0 0 0 0
173 0 2 8 0 0 0 0
173 1 3 6 0 0 0 0
174 0 3 6 0 0 0 0
175 0 1 7 0 0 0 0
175 1 2 5 0 0 0 0
176 0 1 7 0 0 0 0
176 1 2 8 0 0 0 0
177 0 2 5 0 0 0 0
178 0 1 7 0 0 0 0
178 1 1 7 0 1 0 0
178 2 2 5 0 0 0 0
178 3 2 8 0 0 0 0
178 4 3 6 0 0 0 0
178 5 3 6 1 0 0 0
179 0 2 8 0 0 0 0
180 0 1 7 0 0 0 0
180 1 2 5 0 0 0 0
180 2 2 5 0 1 0 0
180 3 3 6 0 0 0 0
180 4 3 6 1 0 0 0
180 5 4 4 0 0 0 0
181 0 1 7 0 0 0 0
181 1 2 8 0 0 0 0
181 2 2 8 0 1 0 0
181 3 3 6 0 0 0 0
181 4 3 6 1 0 0 0
181 5 4 7 0 0 0 0
182 0 2 5 0 0 0 0
182 1 4 4 0 0 0 0
183 0 1 7 0 0 0 0
183 1 2 5 0 0 0 0
183 2 2 8 0 0 0 0
183 3 3 6 0 0 0 0
183 4 3 6 0 1 0 0
183 5 3 6 1 0 0 0
183 6 3 6 1 1 0 0
183 7 4 4 0 0 0 0
183 8 4 7 0 0 0 0
183 9 5 5 0 0 0 0
184 0 2 8 0 0 0 0
184 1 4 7 0 0 0 0
185 0 2 5 0 0 0 0
185 1 3 6 0 0 0 0
185 2 3 6 1 0 0 0
185 3 4 4 0 0 0 0
185 4 4 4 0 1 0 0
185 5 5 5 0 0 0 0
186 0 2 8 0 0 0 0
186 1 3 6 0 0 0 0
186 2 3 6 1 0 0 0
186 3 4 7 0 0 0 0
186 4 4 7 0 1 0 0
186 5 5 5 0 0 0 0
187 0 4 4 0 0 0 0
188 0 3 6 0 0 0 0
188 1 3 6 1 0 0 0
188 2 4 4 0 0 0 0
188 3 4 7 0 0 0 0
188 4 5 5 0 0 0 0
188 5 5 5 0 1 0 0
189 0 4 7 0 0 0 0
190 0 4 4 0 0 0 0
190 1 5 5 0 0 0 0
191 0 4 7 0 0 0 0
191 1 5 5 0 0 0 0
192 0 5 5 0 0 0 0
193 0 3 6 0 0 0 0
194 0 3 6 0 0 0 0
194 1 4 4 0 0 0 0
195 0 3 6 0 0 0 0
195 1 4 7 0 0 0 0
196 0 4 4 0 0 0 0
197 0 3 6 0 0 0 0
197 1 3 6 0 1 0 0
197 2 4 4 0 0 0 0
197 3 4 7 0 0 0 0
197 4 5 5 0 0 0 0
197 5 5 5 1 0 0 0
198 0 4 7 0 0 0 0
199 0 3 6 0 0 0 0
199 1 4 4 0 0 0 0
199 2 4 4 0 1 0 0
199 3 5 5 0 0 0 0
199 4 5 5 1 0 0 0
199 5 6 3 0 0 0 0
200 0 3 6 0 0 0 0
200 1 4 7 0 0 0 0
200 2 4 7 0 1 0 0
200 3 5 5 0 0 0 0
200 4 5 5 1 0 0 0
200 5 6 6 0 0 0 0
201 0 4 4 0 0 0 0
201 1 6 3 0 0 0 0
202 0 3 6 0 0 0 0
202 1 4 4 0 0 0 0
202 2 4 7 0 0 0 0
202 3 5 5 0 0 0 0
202 4 5 5 0 1 0 0
202 5 5 5 1 0 0 0
202 6 5 5 1 1 0 0
202 7 6 3 0 0 0 0
202 8 6 6 0 0 0 0
202 9 7 4 0 0 0 0
203 0 4 7 0 0 0 0
203 1 6 6 0 0 0 0
204 0 4 4 0 0 0 0
204 1 5 5 0 0 0 0
204 2 5 5 1 0 0 0
204 3 6 3 0 0 0 0
204 4 6 3 0 1 0 0
204 5 7 4 0 0 0 0
205 0 4 7 0 0 0 0
205 1 5 5 0 0 0 0
205 2 5 5 1 0 0 0
205 3 6 6 0 0 0 0
205 4 6 6 0 1 0 0
205 5 7 4 0 0 0 0
206 0 6 3 0 0 0 0
207 0 5 5 0 0 0 0
207 1 5 5 1 0 0 0
207 2 6 3 0 0 0 0
207 3 6 6 0 0 0 0
207 4 7 4 0 0 0 0
207 5 7 4 0 1 0 0
208 0 6 6 0 0 0 0
209 0 6 3 0 0 0 0
209 1 7 4 0 0 0 0
210 0 6 6 0 0 0 0
210 1 7 4 0 0 0 0
211 0 7 4 0 0 0 0
212 0 4 4 0 0 0 0
213 0 4 4 0 0 0 0
213 1 5 2 0 0 0 0
214 0 4 4 0 0 0 0
214 1 5 5 0 0 0 0
215 0 5 2 0 0 0 0
216 0 4 4 0 0 0 0
216 1 4 4 0 1 0 0
216 2 5 2 0 0 0 0
216 3 5 5 0 0 0 0
216 4 6 3 0 0 0 0
216 5 6 3 1 0 0 0
217 0 5 5 0 0 0 0
218 0 4 4 0 0 0 0
218 1 5 2 0 0 0 0
218 2 5 2 0 1 0 0
218 3 6 3 0 0 0 0
218 4 6 3 1 0 0 0
218 5 7 1 0 0 0 0
219 0 4 4 0 0 0 0
219 1 5 5 0 0 0 0
219 2 5 5 0 1 0 0
219 3 6 3 0 0 0 0
219 4 6 3 1 0 0 0
219 5 7 4 0 0 0 0
220 0 5 2 0 0 0 0
220 1 7 1 0 0 0 0
221 0 4 4 0 0 0 0
221 1 5 2 0 0 0 0
221 2 5 5 0 0 0 0
221 3 6 3 0 0 0 0
221 4 6 3 0 1 0 0
221 5 6 3 1 0 0 0
221 6 6 3 1 1 0 0
221 7 7 1 0 0 0 0
221 8 7 4 0 0 0 0
221 9 8 2 0 0 0 0
222 0 5 5 0 0 0 0
222 1 7 4 0 0 0 0
223 0 5 2 0 0 0 0
223 1 6 3 0 0 0 0
223 2 6 3 1 0 0 0
223 3 7 1 0 0 0 0
223 4 7 1 0 1 0 0
223 5 8 2 0 0 0 0
224 0 5 5 0 0 0 0
224 1 6 3 0 0 0 0
224 2 6 3 1 0 0 0
224 3 7 4 0 0 0 0
224 4 7 4 0 1 0 0
224 5 8 2 0 0 0 0
225 0 6 3 0 0 0 0
225 1 6 3 1 0 0 0
225 2 7 1 0 0 0 0
225 3 7 4 0 0 0 0
225 4 8 2 0 0 0 0
225 5 8 2 0 1 0 0
226 0 7 4 0 0 0 0
227 0 7 1 0 0 0 0
227 1 8 2 0 0 0 0
228 0 7 4 0 0 0 0
228 1 8 2 0 0 0 0
229 0 8 2 0 0 0 0
230 0 5 2 0 0 0 0
231 0 5 2 0 0 0 0
231 1 6 0 0 0 0 0
232 0 5 2 0 0 0 0
232 1 6 3 0 0 0 0
233 0 5 2 0 0 0 0
233 1 5 2 0 1 0 0
233 2 6 0 0 0 0 0
233 3 6 3 0 0 0 0
233 4 7 1 0 0 0 0
233 5 7 1 1 0 0 0
234 0 6 3 0 0 0 0
235 0 5 2 0 0 0 0
235 1 6 0 0 0 0 0
235 2 7 1 0 0 0 0
235 3 7 1 1 0 0 0
236 0 5 2 0 0 0 0
236 1 6 3 0 0 0 0
236 2 6 3 0 1 0 0
236 3 7 1 0 0 0 0
236 4 7 1 1 0 0 0
236 5 8 2 0 0 0 0
237 0 5 2 0 0 0 0
237 1 6 0 0 0 0 0
237 2 6 3 0 0 0 0
237 3 7 1 0 0 0 0
237 4 7 1 0 1 0 0
237 5 7 1 1 0 0 0
237 6 7 1 1 1 0 0
237 7 8 2 0 0 0 0
237 8 9 0 0 0 0 0
238 0 6 3 0 0 0 0
238 1 8 2 0 0 0 0
239 0 6 3 0 0 0 0
239 1 7 1 0 0 0 0
239 2 7 1 1 0 0 0
239 3 8 2 0 0 0 0
239 4 8 2 0 1 0 0
239 5 9 0 0 0 0 0
240 0 7 1 0 0 0 0
240 1 7 1 1 0 0 0
240 2 8 2 0 0 0 0
240 3 9 0 0 0 0 0
241 0 8 2 0 0 0 0
242 0 8 2 0 0 0 0
242 1 9 0 0 0 0 0
243 0 1 7 0 0 0 0
244 0 0 9 0 0 0 0
244 1 1 7 0 0 0 0
244 2 1 10 0 0 0 0
244 3 2 8 0 0 0 0
245 0 1 10 0 0 0 0
246 0 0 9 0 0 0 0
246 1 1 7 0 0 0 0
246 2 1 7 0 1 0 0
246 3 2 8 0 0 0 0
247 0 0 9 0 0 0 0
247 1 1 10 0 0 0 0
247 2 1 10 0 1 0 0
247 3 2 8 0 0 0 0
248 0 1 7 0 0 0 0
249 0 0 9 0 0 0 0
249 1 1 7 0 0 0 0
249 2 1 10 0 0 0 0
249 3 2 8 0 0 0 0
249 4 2 8 0 1 0 0
250 0 1 10 0 0 0 0
251 0 1 7 0 0 0 0
251 1 2 8 0 0 0 0
252 0 1 10 0 0 0 0
252 1 2 8 0 0 0 0
253 0 2 8 0 0 0 0
254 0 1 7 0 0 0 0
255 0 0 9 0 0 0 0
255 1 1 7 0 0 0 0
255 2 1 10 0 0 0 0
255 3 2 8 0 0 0 0
255 4 2 8 1 0 0 0
256 0 1 10 0 0 0 0
257 0 0 9 0 0 0 0
257 1 1 7 0 0 0 0
257 2 1 7 0 1 0 0
257 3 2 8 0 0 0 0
257 4 2 8 1 0 0 0
257 5 3 6 0 0 0 0
258 0 0 9 0 0 0 0
258 1 1 10 0 0 0 0
258 2 1 10 0 1 0 0
258 3 2 8 0 0 0 0
258 4 2 8 1 0 0 0
258 5 3 9 0 0 0 0
259 0 1 7 0 0 0 0
259 1 3 6 0 0 0 0
260 0 0 9 0 0 0 0
260 1 1 7 0 0 0 0
260 2 1 10 0 0 0 0
260 3 2 8 0 0 0 0
260 4 2 8 0 1 0 0
260 5 2 8 1 0 0 0
260 6 2 8 1 1 0 0
260 7 3 6 0 0 0 0
260 8 3 9 0 0 0 0
260 9 4 7 0 0 0 0
261 0 1 10 0 0 0 0
261 1 3 9 0 0 0 0
262 0 1 7 0 0 0 0
262 1 2 8 0 0 0 0
262 2 2 8 1 0 0 0
262 3 3 6 0 0 0 0
262 4 3 6 0 1 0 0
262 5 4 7 0 0 0 0
263 0 1 10 0 0 0 0
263 1 2 8 0 0 0 0
263 2 2 8 1 0 0 0
263 3 3 9 0 0 0 0
263 4 3 9 0 1 0 0
263 5 4 7 0 0 0 0
264 0 3 6 0 0 0 0
265 0 2 8 0 0 0 0
265 1 2 8 1 0 0 0
265 2 3 6 0 0 0 0
265 3 3 9 0 0 0 0
265 4 4 7 0 0 0 0
265 5 4 7 0 1 0 0
266 0 3 9 0 0 0 0
267 0 3 6 0 0 0 0
267 1 4 7 0 0 0 0
268 0 3 9 0 0 0 0
268 1 4 7 0 0 0 0
269 0 4 7 0 0 0 0
270 0 2 8 0 0 0 0
271 0 2 8 0 0 0 0
271 1 3 6 0 0 0 0
272 0 2 8 0 0 0 0
272 1 3 9 0 0 0 0
273 0 3 6 0 0 0 0
274 0 2 8 0 0 0 0
274 1 2 8 0 1 0 0
274 2 3 6 0 0 0 0
274 3 3 9 0 0 0 0
274 4 4 7 0 0 0 0
274 5 4 7 1 0 0 0
275 0 3 9 0 0 0 0
276 0 2 8 0 0 0 0
276 1 3 6 0 0 0 0
276 2 3 6 0 1 0 0
276 3 4 7 0 0 0 0
276 4 4 7 1 0 0 0
276 5 5 5 0 0 0 0
277 0 2 8 0 0 0 0
277 1 3 9 0 0 0 0
277 2 3 9 0 1 0 0
277 3 4 7 0 0 0 0
277 4 4 7 1 0 0 0
277 5 5 8 0 0 0 0
278 0 3 6 0 0 0 0
278 1 5 5 0 0 0 0
279 0 2 8 0 0 0 0
279 1 3 6 0 0 0 0
279 2 3 9 0 0 0 0
279 3 4 7 0 0 0 0
279 4 4 7 0 1 0 0
279 5 4 7 1 0 0 0
279 6 4 7 1 1 0 0
279 7 5 5 0 0 0 0
279 8 5 8 0 0 0 0
279 9 6 6 0 0 0 0
280 0 3 9 0 0 0 0
280 1 5 8 0 0 0 0
281 0 3 6 0 0 0 0
281 1 4 7 0 0 0 0
281 2 4 7 1 0 0 0
281 3 5 5 0 0 0 0
281 4 5 5 0 1 0 0
281 5 6 6 0 0 0 0
282 0 3 9 0 0 0 0
282 1 4 7 0 0 0 0
282 2 4 7 1 0 0 0
282 3 5 8 0 0 0 0
282 4 5 8 0 1 0 0
282 5 6 6 0 0 0 0
283 0 5 5 0 0 0 0
284 0 4 7 0 0 0 0
284 1 4 7 1 0 0 0
284 2 5 5 0 0 0 0
284 3 5 8 0 0 0 0
284 4 6 6 0 0 0 0
284 5 6 6 0 1 0 0
285 0 5 8 0 0 0 0
286 0 5 5 0 0 0 0
286 1 6 6 0 0 0 0
287 0 5 8 0 0 0 0
287 1 6 6 0 0 0 0
288 0 6 6 0 0 0 0
289 0 4 7 0 0 0 0
290 0 4 7 0 0 0 0
290 1 5 5 0 0 0 0
291 0 4 7 0 0 0 0
291 1 5 8 0 0 0 0
292 0 5 5 0 0 0 0
293 0 4 7 0 0 0 0
293 1 4 7 0 1 0 0
293 2 5 5 0 0 0 0
293 3 5 8 0 0 0 0
293 4 6 6 0 0 0 0
293 5 6 6 1 0 0 0
294 0 5 8 0 0 0 0
295 0 4 7 0 0 0 0
295 1 5 5 0 0 0 0
295 2 5 5 0 1 0 0
295 3 6 6 0 0 0 0
295 4 6 6 1 0 0 0
295 5 7 4 0 0 0 0
296 0 4 7 0 0 0 0
296 1 5 8 0 0 0 0
296 2 5 8 0 1 0 0
296 3 6 6 0 0 0 0
296 4 6 6 1 0 0 0
296 5 7 7 0 0 0 0
297 0 5 5 0 0 0 0
297 1 7 4 0 0 0 0
298 0 4 7 0 0 0 0
298 1 5 5 0 0 0 0
298 2 5 8 0 0 0 0
298 3 6 6 0 0 0 0
298 4 6 6 0 1 0 0
298 5 6 6 1 0 0 0
298 6 6 6 1 1 0 0
298 7 7 4 0 0 0 0
298 8 7 7 0 0 0 0
298 9 8 5 0 0 0 0
299 0 5 8 0 0 0 0
299 1 7 7 0 0 0 0
300 0 5 5 0 0 0 0
300 1 6 6 0 0 0 0
300 2 6 6 1 0 0 0
300 3 7 4 0 0 0 0
300 4 7 4 0 1 0 0
300 5 8 5 0 0 0 0
301 0 5 8 0 0 0 0
301 1 6 6 0 0 0 0
301 2 6 6 1 0 0 0
301 3 7 7 0 0 0 0
301 4 7 7 0 1 0 0
301 5 8 5 0 0 0 0
302 0 7 4 0 0 0 0
303 0 6 6 0 0 0 0
303 1 6 6 1 0 0 0
303 2 7 4 0 0 0 0
303 3 7 7 0 0 0 0
303 4 8 5 0 0 0 0
303 5 8 5 0 1 0 0
304 0 7 7 0 0 0 0
305 0 7 4 0 0 0 0
305 1 8 5 0 0 0 0
306 0 7 7 0 0 0 0
306 1 8 5 0 0 0 0
307 0 8 5 0 0 0 0
308 0 5 5 0 0 0 0
309 0 5 5 0 0 0 0
309 1 6 3 0 0 0 0
310 0 5 5 0 0 0 0
310 1 6 6 0 0 0 0
311 0 6 3 0 0 0 0
312 0 5 5 0 0 0 0
312 1 5 5 0 1 0 0
312 2 6 3 0 0 0 0
312 3 6 6 0 0 0 0
312 4 7 4 0 0 0 0
312 5 7 4 1 0 0 0
313 0 6 6 0 0 0 0
314 0 5 5 0 0 0 0
314 1 6 3 0 0 0 0
314 2 6 3 0 1 0 0
314 3 7 4 0 0 0 0
314 4 7 4 1 0 0 0
314 5 8 2 0 0 0 0
315 0 5 5 0 0 0 0
315 1 6 6 0 0 0 0
315 2 6 6 0 1 0 0
315 3 7 4 0 0 0 0
315 4 7 4 1 0 0 0
315 5 8 5 0 0 0 0
316 0 6 3 0 0 0 0
316 1 8 2 0 0 0 0
317 0 5 5 0 0 0 0
317 1 6 3 0 0 0 0
317 2 6 6 0 0 0 0
317 3 7 4 0 0 0 0
317 4 7 4 0 1 0 0
317 5 7 4 1 0 0 0
317 6 7 4 1 1 0 0
317 7 8 2 0 0 0 0
317 8 8 5 0 0 0 0
317 9 9 3 0 0 0 0
318 0 6 6 0 0 0 0
318 1 8 5 0 0 0 0
319 0 6 3 0 0 0 0
319 1 7 4 0 0 0 0
319 2 7 4 1 0 0 0
319 3 8 2 0 0 0 0
319 4 8 2 0 1 0 0
319 5 9 3 0 0 0 0
320 0 6 6 0 0 0 0
320 1 7 4 0 0 0 0
320 2 7 4 1 0 0 0
320 3 8 5 0 0 0 0
320 4 8 5 0 1 0 0
320 5 9 3 0 0 0 0
321 0 8 2 0 0 0 0
322 0 7 4 0 0 0 0
322 1 7 4 1 0 0 0
322 2 8 2 0 0 0 0
322 3 8 5 0 0 0 0
322 4 9 3 0 0 0 0
322 5 9 3 0 1 0 0
323 0 8 5 0 0 0 0
324 0 8 2 0 0 0 0
324 1 9 3 0 0 0 0
325 0 8 5 0 0 0 0
325 1 9 3 0 0 0 0
326 0 9 3 0 0 0 0
327 0 6 3 0 0 0 0
328 0 6 3 0 0 0 0
328 1 7 1 0 0 0 0
329 0 6 3 0 0 0 0
329 1 7 4 0 0 0 0
330 0 7 1 0 0 0 0
331 0 6 3 0 0 0 0
331 1 6 3 0 1 0 0
331 2 7 1 0 0 0 0
331 3 7 4 0 0 0 0
331 4 8 2 0 0 0 0
331 5 8 2 1 0 0 0
332 0 7 4 0 0 0 0
333 0 6 3 0 0 0 0
333 1 7 1 0 0 0 0
333 2 7 1 0 1 0 0
333 3 8 2 0 0 0 0
333 4 8 2 1 0 0 0
333 5 9 0 0 0 0 0
334 0 6 3 0 0 0 0
334 1 7 4 0 0 0 0
334 2 7 4 0 1 0 0
334 3 8 2 0 0 0 0
334 4 8 2 1 0 0 0
334 5 9 3 0 0 0 0
335 0 6 3 0 0 0 0
335 1 7 1 0 0 0 0
335 2 7 4 0 0 0 0
335 3 8 2 0 0 0 0
335 4 8 2 0 1 0 0
335 5 8 2 1 0 0 0
335 6 8 2 1 1 0 0
335 7 9 0 0 0 0 0
335 8 9 3 0 0 0 0
335 9 10 1 0 0 0 0
336 0 7 4 0 0 0 0
336 1 9 3 0 0 0 0
337 0 7 1 0 0 0 0
337 1 8 2 0 0 0 0
337 2 8 2 1 0 0 0
337 3 9 0 0 0 0 0
337 4 10 1 0 0 0 0
338 0 7 4 0 0 0 0
338 1 8 2 0 0 0 0
338 2 8 2 1 0 0 0
338 3 9 3 0 0 0 0
338 4 9 3 0 1 0 0
338 5 10 1 0 0 0 0
339 0 8 2 0 0 0 0
339 1 8 2 1 0 0 0
339 2 9 0 0 0 0 0
339 3 9 3 0 0 0 0
339 4 10 1 0 0 0 0
339 5 10 1 0 1 0 0
340 0 9 3 0 0 0 0
341 0 9 3 0 0 0 0
341 1 10 1 0 0 0 0
342 0 10 1 0 0 0 0
343 0 7 1 0 0 0 0
344 0 7 1 0 0 0 0
345 0 7 1 0 0 0 0
345 1 8 2 0 0 0 0
346 0 7 1 0 0 0 0
346 1 7 1 0 1 0 0
346 2 8 2 0 0 0 0
346 3 9 0 0 0 0 0
347 0 8 2 0 0 0 0
348 0 7 1 0 0 0 0
348 1 8 2 0 0 0 0
348 2 8 2 0 1 0 0
348 3 9 0 0 0 0 0
348 4 10 1 0 0 0 0
349 0 7 1 0 0 0 0
349 1 8 2 0 0 0 0
349 2 9 0 0 0 0 0
349 3 10 1 0 0 0 0
350 0 8 2 0 0 0 0
350 1 10 1 0 0 0 0
351 0 8 2 0 0 0 0
351 1 9 0 0 0 0 0
351 2 10 1 0 0 0 0
351 3 10 1 0 1 0 0
352 0 10 1 0 0 0 0
353 0 10 1 0 0 0 0
END_PATHS
BEGIN_VALUES
# block out_path in_path coefficient
0 0 0 1.00000000000000000e+00
1 0 0 -1.00000000000000000e+00
2 0 0 1.00000000000000000e+00
2 1 1 -1.00000000000000000e+00
3 0 0 1.00000000000000000e+00
4 0 0 -1.00000000000000000e+00
5 0 0 1.00000000000000000e+00
5 1 1 -1.00000000000000000e+00
6 0 0 -5.00000000000000000e-01
6 0 1 -3.16227766016838052e-01
6 0 2 -7.07106781186547684e-01
6 0 3 -3.87298334620741758e-01
6 1 0 -3.16227766016837941e-01
6 1 1 4.00000000000000078e-01
6 1 2 4.47213595499958039e-01
6 1 3 -7.34846922834953675e-01
6 2 0 -7.07106781186547684e-01
6 2 1 4.47213595499957983e-01
6 2 3 5.47722557505166296e-01
6 3 0 -3.87298334620741813e-01
6 3 1 -7.34846922834953453e-01
6 3 2 5.47722557505166074e-01
6 3 3 9.99999999999999778e-02
7 0 0 1.24999999999999986e-01
7 0 1 3.95284707521047440e-01
7 0 2 3.53553390593273731e-01
7 0 5 -3.53553390593273842e-01
7 0 6 6.49519052838329003e-01
7 0 7 3.95284707521047385e-01
7 1 0 3.95284707521047440e-01
7 1 1 2.50000000000000000e-01
7 1 2 -4.47213595499957928e-01
7 1 3 -5.00000000000000111e-01
7 1 4 -5.00000000000000222e-01
7 1 6 -1.36930639376291519e-01
7 1 7 2.50000000000000056e-01
7 2 0 3.53553390593273786e-01
7 2 1 -4.47213595499957983e-01
7 2 2 -2.99999999999999989e-01
7 2 5 -5.00000000000000111e-01
7 2 6 3.67423461417476727e-01
7 2 7 -4.47213595499957872e-01
7 3 1 -5.00000000000000222e-01
7 3 3 -5.00000000000000222e-01
7 3 4 5.00000000000000111e-01
7 3 7 5.00000000000000000e-01
7 4 1 -5.00000000000000000e-01
7 4 3 5.00000000000000222e-01
7 4 4 -5.00000000000000111e-01
7 4 7 5.00000000000000111e-01
7 5 0 -3.53553390593273842e-01
7 5 2 -5.00000000000000222e-01
7 5 5 5.00000000000000333e-01
7 5 6 6.12372435695794581e-01
7 6 0 6.49519052838329003e-01
7 6 1 -1.36930639376291546e-01
7 6 2 3.67423461417476671e-01
7 6 5 6.12372435695794692e-01
7 6 6 1.75000000000000017e-01
7 6 7 -1.36930639376291546e-01
7 7 0 3.95284707521047385e-01
7 7 1 2.50000000000000000e-01
7 7 2 -4.47213595499957983e-01
7 7 3 5.00000000000000111e-01
7 7 4 5.00000000000000222e-01
7 7 6 -1.36930639376291546e-01
7 7 7 2.50000000000000056e-01
8 0 0 4.99999999999999889e-01
8 0 1 8.66025403784438597e-01
8 1 0 8.66025403784438708e-01
8 1 1 -4.99999999999999889e-01
9 0 0 -1.66666666666666713e-01
9 0 1 4.47213595499957983e-01
9 0 2 -3.33333333333333426e-01
9 0 3 2.04124145231931425e-01
9 0 4 -4.18330013267037837e-01
9 0 5 6.66666666666666630e-01
9 1 0 4.47213595499957983e-01
9 1 1 2.00000000000000039e-01
9 1 4 7.48331477354788110e-01
9 1 5 4.47213595499958094e-01
9 2 0 -3.33333333333333204e-01
9 2 2 3.33333333333333426e-01
9 2 3 -8.16496580927726257e-01
9 2 5 3.33333333333333315e-01
9 3 0 2.04124145231931592e-01
9 3 2 -8.16496580927726145e-01
9 3 3 -4.99999999999999944e-01
9 3 5 -2.04124145231931564e-01
9 4 0 -4.18330013267037615e-01
9 4 1 7.48331477354788221e-01
9 4 4 2.99999999999999933e-01
9 4 5 -4.18330013267037892e-01
9 5 0 6.66666666666666630e-01
9 5 1 4.47213595499957983e-01
9 5 2 3.33333333333333426e-01
9 5 3 -2.04124145231931509e-01
9 5 4 -4.18330013267037892e-01
9 5 5 -1.66666666666666741e-01
10 0 0 3.99999999999999967e-01
10 0 1 -4.47213595499958039e-01
10 0 2 -7.34846922834953342e-01
10 0 3 3.16227766016837997e-01
10 1 0 -4.47213595499958039e-01
10 1 2 -5.47722557505166296e-01
10 1 3 -7.07106781186547684e-01
10 2 0 -7.34846922834953453e-01
10 2 1 -5.47722557505166074e-01
10 2 2 1.00000000000000006e-01
10 2 3 3.87298334620741758e-01
10 3 0 3.16227766016837997e-01
10 3 1 -7.07106781186547795e-01
10 3 2 3.87298334620741813e-01
10 3 3 -5.00000000000000000e-01
11 0 0 1.00000000000000000e+00
12 0 0 -4.99999999999999889e-01
12 0 1 8.66025403784439041e-01
12 1 0 8.66025403784438375e-01
12 1 1 4.99999999999999778e-01
13 0 0 -1.00000000000000000e+00
14 0 0 7.50000000000000000e-01
14 0 1 4.47213595499958150e-01
14 0 2 4.67707173346742722e-01
14 0 3 1.36930639376291574e-01
14 1 0 4.47213595499957983e-01
14 1 1 2.00000000000000011e-01
14 1 2 -8.36660026534075563e-01
14 1 3 -2.44948974278317827e-01
14 2 0 4.67707173346742777e-01
14 2 1 -8.36660026534075785e-01
14 2 2 1.25000000000000028e-01
14 2 3 -2.56173769148989927e-01
14 3 0 1.36930639376291546e-01
14 3 1 -2.44948974278317883e-01
14 3 2 -2.56173769148989927e-01
14 3 3 9.25000000000000044e-01
15 0 0 -1.00000000000000000e+00
16 0 0 -5.00000000000000111e-01
16 0 1 -3.16227766016837997e-01
16 0 2 -7.07106781186547795e-01
16 0 3 -3.87298334620741813e-01
16 1 0 -3.16227766016838052e-01
16 1 1 4.00000000000000022e-01
16 1 2 4.47213595499957983e-01
16 1 3 -7.34846922834953453e-01
16 2 0 -7.07106781186547684e-01
16 2 1 4.47213595499958039e-01
16 2 3 5.47722557505166074e-01
16 3 0 -3.87298334620741758e-01
16 3 1 -7.34846922834953564e-01
16 3 2 5.47722557505166185e-01
16 3 3 1.00000000000000033e-01
17 0 0 2.50000000000000056e-01
17 0 1 8.83883476483184549e-01
17 0 2 -2.50000000000000000e-01
17 0 3 -3.06186217847897346e-01
17 1 0 8.83883476483184882e-01
17 1 1 -3.75000000000000056e-01
17 1 2 -1.76776695296636865e-01
17 1 3 -2.16506350946109621e-01
17 2 0 -2.50000000000000111e-01
17 2 1 -1.76776695296636838e-01
17 2 2 2.49999999999999944e-01
17 2 3 -9.18558653543691928e-01
17 3 0 -3.06186217847897291e-01
17 3 1 -2.16506350946109732e-01
17 3 2 -9.18558653543691928e-01
17 3 3 -1.24999999999999972e-01
18 0 0 -8.33333333333333287e-02
18 0 1 -2.10818510677891952e-01
18 0 2 3.48608344389198188e-01
18 0 3 7.93856620135735436e-01
18 0 4 -4.43705983732471332e-01
18 1 0 -2.10818510677892007e-01
18 1 1 6.66666666666667213e-02
18 1 2 8.81917103688196979e-01
18 1 3 -1.82574185835055414e-01
18 1 4 3.74165738677394333e-01
18 2 0 3.48608344389198244e-01
18 2 1 8.81917103688196868e-01
18 2 2 4.16666666666666574e-02
18 2 3 3.01903682212279978e-01
18 2 4 8.83883476483184327e-02
18 3 0 7.93856620135735547e-01
18 3 1 -1.82574185835055414e-01
18 3 2 3.01903682212280033e-01
18 3 3 -3.12500000000000000e-01
18 3 4 -3.84260653723485113e-01
18 4 0 -4.43705983732471165e-01
18 4 1 3.74165738677394111e-01
18 4 2 8.83883476483184327e-02
18 4 3 -3.84260653723484946e-01
18 4 4 -7.12500000000000133e-01
19 0 0 1.00000000000000000e+00
20 0 0 2.00000000000000011e-01
20 0 1 9.79795897113271308e-01
20 1 0 9.79795897113271197e-01
20 1 1 -2.00000000000000011e-01
21 0 0 -2.49999999999999889e-01
21 0 1 9.68245836551854144e-01
21 1 0 9.68245836551854255e-01
21 1 1 2.49999999999999944e-01
22 0 0 1.00000000000000000e+00
23 0 0 1.00000000000000000e+00
24 0 0 -8.33333333333333565e-02
24 0 1 -2.10818510677892007e-01
24 0 2 3.48608344389198188e-01
24 0 3 7.93856620135735436e-01
24 0 4 -4.43705983732471165e-01
24 1 0 -2.10818510677891979e-01
24 1 1 6.66666666666666796e-02
24 1 2 8.81917103688196868e-01
24 1 3 -1.82574185835055414e-01
24 1 4 3.74165738677394111e-01
24 2 0 3.48608344389198133e-01
24 2 1 8.81917103688196868e-01
24 2 2 4.16666666666666574e-02
24 2 3 3.01903682212279978e-01
24 2 4 8.83883476483184605e-02
24 3 0 7.93856620135735325e-01
24 3 1 -1.82574185835055358e-01
24 3 2 3.01903682212279978e-01
24 3 3 -3.12500000000000111e-01
24 3 4 -3.84260653723484891e-01
24 4 0 -4.43705983732471221e-01
24 4 1 3.74165738677394111e-01
24 4 2 8.83883476483184466e-02
24 4 3 -3.84260653723484835e-01
24 4 4 -7.12499999999999689e-01
25 0 0 1.00000000000000000e+00
26 0 0 -1.66666666666666685e-01
26 0 1 4.47213595499957761e-01
26 0 2 -3.33333333333333426e-01
26 0 3 2.04124145231931564e-01
26 0 4 -4.18330013267037837e-01
26 0 5 6.66666666666666852e-01
26 1 0 4.47213595499957872e-01
26 1 1 1.99999999999999956e-01
26 1 4 7.48331477354788555e-01
26 1 5 4.47213595499957983e-01
26 2 0 -3.33333333333333426e-01
26 2 2 3.33333333333333481e-01
26 2 3 -8.16496580927726590e-01
26 2 5 3.33333333333333426e-01
26 3 0 2.04124145231931536e-01
26 3 2 -8.16496580927726479e-01
26 3 3 -5.00000000000000000e-01
26 3 5 -2.04124145231931536e-01
26 4 0 -4.18330013267037892e-01
26 4 1 7.48331477354788444e-01
26 4 4 3.00000000000000044e-01
26 4 5 -4.18330013267037892e-01
26 5 0 6.66666666666666741e-01
26 5 1 4.47213595499957872e-01
26 5 2 3.33333333333333426e-01
26 5 3 -2.04124145231931481e-01
26 5 4 -4.18330013267037837e-01
26 5 5 -1.66666666666666657e-01
27 0 0 8.33333333333333287e-02
27 0 1 1.31761569173682508e-01
27 0 2 5.59016994374947229e-01
27 0 3 1.61374306091975700e-01
27 0 4 4.72455591261533928e-02
27 0 5 7.96819072889595414e-01
27 1 0 1.31761569173682536e-01
27 1 1 -2.91666666666666907e-01
27 1 2 1.76776695296636976e-01
27 1 3 8.67527617235709259e-01
27 1 4 -2.24105364250198613e-01
27 1 5 -2.51976315339484946e-01
27 2 0 5.59016994374947451e-01
27 2 1 1.76776695296636838e-01
27 2 2 -2.50000000000000056e-01
27 2 3 2.16506350946109399e-01
27 2 4 7.39509972887451905e-01
27 3 0 1.61374306091975755e-01
27 3 1 8.67527617235708814e-01
27 3 2 2.16506350946109649e-01
27 3 3 6.24999999999999861e-02
27 3 4 -2.74471895516774977e-01
27 3 5 -3.08606699924183880e-01
27 4 0 4.72455591261534344e-02
27 4 1 -2.24105364250198974e-01
27 4 2 7.39509972887452127e-01
27 4 3 -2.74471895516775088e-01
27 4 4 3.48214285714285809e-01
27 4 5 -4.51753951452625757e-01
27 5 0 7.96819072889595859e-01
27 5 1 -2.51976315339484835e-01
27 5 3 -3.08606699924183603e-01
27 5 4 -4.51753951452625424e-01
27 5 5 4.76190476190476580e-02
28 0 0 3.42592592592592782e-01
28 0 1 -3.31269329999968817e-02
28 0 2 -8.66124395086560195e-02
28 0 3 1.90181443578182757e-01
28 0 4 2.33853586673371305e-01
28 0 5 2.33853586673371222e-01
28 0 6 4.33613691358256503e-01
28 0 7 -7.40740740740740700e-02
28 0 8 -2.34242789642102128e-01
28 0 9 6.92899516069248822e-01
28 1 0 -3.31269329999968817e-02
28 1 1 5.18518518518518573e-02
28 1 2 3.09874083901509445e-01
28 1 3 -2.72165526975908734e-01
28 1 6 1.63299316185545274e-01
28 1 7 -3.31269329999968956e-02
28 1 8 8.38052481406278527e-01
28 1 9 3.09874083901509556e-01
28 2 0 -8.66124395086560334e-02
28 2 1 3.09874083901509390e-01
28 2 2 1.43518518518518573e-01
28 2 3 -7.11593803191638979e-02
28 2 4 3.12499999999999778e-01
28 2 5 3.12499999999999889e-01
28 2 6 -3.96459404635341794e-01
28 2 7 6.92899516069248711e-01
28 2 8 -6.26040188687789767e-02
28 2 9 1.85185185185185092e-01
28 3 0 1.90181443578182646e-01
28 3 1 -2.72165526975908678e-01
28 3 2 -7.11593803191638841e-02
28 3 3 8.12500000000000000e-01
28 3 6 -1.87500000000000000e-01
28 3 7 1.90181443578182674e-01
28 3 8 3.84900179459750913e-01
28 3 9 -7.11593803191638702e-02
28 4 0 2.33853586673371333e-01
28 4 2 3.12499999999999889e-01
28 4 4 -1.87500000000000028e-01
28 4 5 8.12500000000000444e-01
28 4 7 -2.33853586673371500e-01
28 4 9 -3.12499999999999778e-01
28 5 0 2.33853586673371500e-01
28 5 2 3.12500000000000000e-01
28 5 4 8.12500000000000222e-01
28 5 5 -1.87500000000000111e-01
28 5 7 -2.33853586673371333e-01
28 5 9 -3.12500000000000000e-01
28 6 0 4.33613691358256448e-01
28 6 1 1.63299316185545218e-01
28 6 2 -3.96459404635341739e-01
28 6 3 -1.87500000000000000e-01
28 6 6 4.69642857142857195e-01
28 6 7 4.33613691358256670e-01
28 6 8 1.64957219768464614e-01
28 6 9 -3.96459404635341794e-01
28 7 0 -7.40740740740740561e-02
28 7 1 -3.31269329999969026e-02
28 7 2 6.92899516069248822e-01
28 7 3 1.90181443578182702e-01
28 7 4 -2.33853586673371194e-01
28 7 5 -2.33853586673371083e-01
28 7 6 4.33613691358256725e-01
28 7 7 3.42592592592592671e-01
28 7 8 -2.34242789642102323e-01
28 7 9 -8.66124395086560889e-02
28 8 0 -2.34242789642102156e-01
28 8 1 8.38052481406278638e-01
28 8 2 -6.26040188687790322e-02
28 8 3 3.84900179459750469e-01
28 8 6 1.64957219768464447e-01
28 8 7 -2.34242789642102295e-01
28 8 8 6.87830687830688209e-02
28 8 9 -6.26040188687789628e-02
28 9 0 6.92899516069248489e-01
28 9 1 3.09874083901509390e-01
28 9 2 1.85185185185185175e-01
28 9 3 -7.11593803191639118e-02
28 9 4 -3.12499999999999778e-01
28 9 5 -3.12500000000000000e-01
28 9 6 -3.96459404635341572e-01
28 9 7 -8.66124395086560195e-02
28 9 8 -6.26040188687790322e-02
28 9 9 1.43518518518518629e-01
29 0 0 3.33333333333333592e-01
29 0 1 9.42809041582063467e-01
29 1 0 9.42809041582064133e-01
29 1 1 -3.33333333333333703e-01
30 0 0 6.66666666666666519e-02
30 0 1 1.82574185835055358e-01
30 0 2 3.74165738677394111e-01
30 0 3 2.10818510677891979e-01
30 0 4 8.81917103688196091e-01
30 1 0 1.82574185835055358e-01
30 1 1 -3.12500000000000111e-01
30 1 2 3.84260653723485057e-01
30 1 3 7.93856620135735436e-01
30 1 4 -3.01903682212279922e-01
30 2 0 3.74165738677394111e-01
30 2 1 3.84260653723484891e-01
30 2 2 -7.12499999999999800e-01
30 2 3 4.43705983732471165e-01
30 2 4 8.83883476483184466e-02
30 3 0 2.10818510677892063e-01
30 3 1 7.93856620135735769e-01
30 3 2 4.43705983732471221e-01
30 3 3 -8.33333333333333010e-02
30 3 4 -3.48608344389198022e-01
30 4 0 8.81917103688196868e-01
30 4 1 -3.01903682212279978e-01
30 4 2 8.83883476483184605e-02
30 4 3 -3.48608344389198188e-01
30 4 4 4.16666666666666713e-02
31 0 0 -8.33333333333333287e-02
31 0 1 2.28217732293819336e-01
31 0 2 3.34076552390530690e-01
31 0 3 1.66666666666666519e-01
31 0 4 -3.27326835353988543e-01
31 0 5 8.33333333333333703e-01
31 1 0 2.28217732293819309e-01
31 1 1 2.49999999999999861e-01
31 1 3 9.12870929175277457e-01
31 1 5 -2.28217732293819114e-01
31 2 0 3.34076552390530634e-01
31 2 2 1.07142857142857179e-01
31 2 4 8.74817765279706339e-01
31 2 5 3.34076552390530968e-01
31 3 0 1.66666666666666713e-01
31 3 1 9.12870929175277568e-01
31 3 3 -3.33333333333333315e-01
31 3 5 -1.66666666666666519e-01
31 4 0 -3.27326835353988432e-01
31 4 2 8.74817765279706339e-01
31 4 4 1.42857142857143044e-01
31 4 5 -3.27326835353988932e-01
31 5 0 8.33333333333333148e-01
31 5 1 -2.28217732293819364e-01
31 5 2 3.34076552390530412e-01
31 5 3 -1.66666666666666713e-01
31 5 4 -3.27326835353988321e-01
31 5 5 -8.33333333333333148e-02
32 0 0 6.24999999999999861e-02
32 0 1 2.74471895516774977e-01
32 0 2 -1.61374306091975755e-01
32 0 3 3.08606699924183936e-01
32 0 4 8.67527617235708592e-01
32 0 5 -2.16506350946109816e-01
32 1 0 2.74471895516774866e-01
32 1 1 3.48214285714285698e-01
32 1 2 4.72455591261533789e-02
32 1 3 -4.51753951452625702e-01
32 1 4 2.24105364250198863e-01
32 1 5 7.39509972887452127e-01
32 2 0 -1.61374306091975700e-01
32 2 1 4.72455591261533997e-02
32 2 2 8.33333333333334120e-02
32 2 3 7.96819072889595859e-01
32 2 4 -1.31761569173682536e-01
32 2 5 5.59016994374947118e-01
32 3 0 3.08606699924183936e-01
32 3 1 -4.51753951452625480e-01
32 3 2 7.96819072889596525e-01
32 3 3 4.76190476190476372e-02
32 3 4 2.51976315339484780e-01
32 4 0 8.67527617235708814e-01
32 4 1 2.24105364250198641e-01
32 4 2 -1.31761569173682536e-01
32 4 3 2.51976315339484891e-01
32 4 4 -2.91666666666666852e-01
32 4 5 -1.76776695296636976e-01
32 5 0 -2.16506350946109621e-01
32 5 1 7.39509972887451794e-01
32 5 2 5.59016994374947229e-01
32 5 4 -1.76776695296636921e-01
32 5 5 -2.49999999999999944e-01
33 0 0 1.00000000000000000e+00
34 0 0 -3.33333333333333315e-01
34 0 1 9.42809041582065022e-01
34 1 0 9.42809041582065355e-01
34 1 1 3.33333333333333537e-01
35 0 0 1.00000000000000000e+00
36 0 0 -1.00000000000000000e+00
37 0 0 1.99999999999999956e-01
37 0 1 9.79795897113271308e-01
37 1 0 9.79795897113271308e-01
37 1 1 -2.00000000000000039e-01
38 0 0 4.00000000000000022e-01
38 0 1 -4.47213595499957928e-01
38 0 2 -7.34846922834953564e-01
38 0 3 3.16227766016837997e-01
38 1 0 -4.47213595499957928e-01
38 1 2 -5.47722557505166185e-01
38 1 3 -7.07106781186547573e-01
38 2 0 -7.34846922834953675e-01
38 2 1 -5.47722557505166296e-01
38 2 2 1.00000000000000006e-01
38 2 3 3.87298334620741702e-01
38 3 0 3.16227766016837941e-01
38 3 1 -7.07106781186547795e-01
38 3 2 3.87298334620741647e-01
38 3 3 -5.00000000000000111e-01
39 0 0 1.00000000000000000e+00
40 0 0 6.66666666666666796e-02
40 0 1 1.82574185835055386e-01
40 0 2 3.74165738677394055e-01
40 0 3 2.10818510677891896e-01
40 0 4 8.81917103688196868e-01
40 1 0 1.82574185835055358e-01
40 1 1 -3.12499999999999944e-01
40 1 2 3.84260653723485168e-01
40 1 3 7.93856620135735547e-01
40 1 4 -3.01903682212279978e-01
40 2 0 3.74165738677394166e-01
40 2 1 3.84260653723484946e-01
40 2 2 -7.12500000000000022e-01
40 2 3 4.43705983732471276e-01
40 2 4 8.83883476483184743e-02
40 3 0 2.10818510677892007e-01
40 3 1 7.93856620135735658e-01
40 3 2 4.43705983732471276e-01
40 3 3 -8.33333333333333565e-02
40 3 4 -3.48608344389198133e-01
40 4 0 8.81917103688196979e-01
40 4 1 -3.01903682212279978e-01
40 4 2 8.83883476483184466e-02
40 4 3 -3.48608344389198188e-01
40 4 4 4.16666666666666644e-02
41 0 0 2.00000000000000039e-01
41 0 1 -2.44948974278317827e-01
41 0 2 4.47213595499958039e-01
41 0 3 -8.36660026534075563e-01
41 1 0 -2.44948974278317883e-01
41 1 1 9.25000000000000155e-01
41 1 2 1.36930639376291519e-01
41 1 3 -2.56173769148989927e-01
41 2 0 4.47213595499958150e-01
41 2 1 1.36930639376291546e-01
41 2 2 7.50000000000000222e-01
41 2 3 4.67707173346742722e-01
41 3 0 -8.36660026534075785e-01
41 3 1 -2.56173769148989983e-01
41 3 2 4.67707173346742611e-01
41 3 3 1.25000000000000000e-01
42 0 0 2.49999999999999944e-01
42 0 1 9.68245836551854588e-01
42 1 0 9.68245836551853811e-01
42 1 1 -2.49999999999999889e-01
43 0 0 -1.25000000000000028e-01
43 0 1 3.06186217847897346e-01
43 0 2 2.16506350946109677e-01
43 0 3 -9.18558653543692150e-01
43 1 0 3.06186217847897346e-01
43 1 1 2.50000000000000000e-01
43 1 2 8.83883476483184549e-01
43 1 3 2.50000000000000000e-01
43 2 0 2.16506350946109621e-01
43 2 1 8.83883476483184549e-01
43 2 2 -3.74999999999999889e-01
43 2 3 1.76776695296636976e-01
43 3 0 -9.18558653543691928e-01
43 3 1 2.50000000000000111e-01
43 3 2 1.76776695296637004e-01
43 3 3 2.50000000000000000e-01
44 0 0 1.00000000000000000e+00
45 0 0 -1.00000000000000000e+00
46 0 0 2.50000000000000056e-01
46 0 1 8.83883476483184771e-01
46 0 2 -2.50000000000000111e-01
46 0 3 -3.06186217847897235e-01
46 1 0 8.83883476483184771e-01
46 1 1 -3.75000000000000111e-01
46 1 2 -1.76776695296636976e-01
46 1 3 -2.16506350946109677e-01
46 2 0 -2.50000000000000000e-01
46 2 1 -1.76776695296636893e-01
46 2 2 2.50000000000000000e-01
46 2 3 -9.18558653543692261e-01
46 3 0 -3.06186217847897235e-01
46 3 1 -2.16506350946109677e-01
46 3 2 -9.18558653543692039e-01
46 3 3 -1.25000000000000028e-01
47 0 0 -2.50000000000000111e-01
47 0 1 9.18558653543691372e-01
47 0 2 -2.16506350946109732e-01
47 0 3 -2.16506350946109677e-01
47 1 0 9.18558653543691261e-01
47 1 1 1.24999999999999917e-01
47 1 2 -2.65165042944955354e-01
47 1 3 -2.65165042944955409e-01
47 2 0 -2.16506350946109649e-01
47 2 1 -2.65165042944955409e-01
47 2 2 6.24999999999999931e-02
47 2 3 -9.37500000000000555e-01
47 3 0 -2.16506350946109594e-01
47 3 1 -2.65165042944955298e-01
47 3 2 -9.37500000000000222e-01
47 3 3 6.24999999999999514e-02
48 0 0 4.99999999999999944e-01
48 0 1 8.66025403784438819e-01
48 1 0 8.66025403784438930e-01
48 1 1 -5.00000000000000111e-01
49 0 0 3.57142857142857262e-02
49 0 1 4.78091443733757337e-01
49 0 2 -2.00445931434318325e-01
49 0 3 -9.44911182523068272e-02
49 0 4 -9.44911182523067855e-02
49 0 5 1.33630620956212087e-01
49 0 6 -1.95615199108987725e-02
49 0 7 8.13157112614726008e-01
49 0 8 1.80701580581050181e-01
49 1 0 4.78091443733757449e-01
49 1 1 5.00000000000000167e-02
49 1 2 -1.11803398874989510e-01
49 1 3 2.37170824512628331e-01
49 1 4 2.37170824512628442e-01
49 1 5 -5.59016994374947410e-02
49 1 6 7.85584404849572593e-01
49 1 7 -2.83473354756920357e-02
49 1 8 1.51185789203690829e-01
49 2 0 -2.00445931434318381e-01
49 2 1 -1.11803398874989468e-01
49 2 2 8.74999999999999778e-01
49 2 5 -1.25000000000000056e-01
49 2 6 2.56173769148990094e-01
49 2 7 3.16932845523194007e-01
49 3 0 -9.44911182523068549e-02
49 3 1 2.37170824512628331e-01
49 3 3 -1.25000000000000028e-01
49 3 4 8.74999999999999889e-01
49 3 5 -2.65165042944955465e-01
49 3 6 -1.55264750852029731e-01
49 3 7 4.48210728500398059e-02
49 3 8 -2.39045721866878780e-01
49 4 0 -9.44911182523067855e-02
49 4 1 2.37170824512628636e-01
49 4 3 8.75000000000000333e-01
49 4 4 -1.25000000000000139e-01
49 4 5 -2.65165042944955243e-01
49 4 6 -1.55264750852029731e-01
49 4 7 4.48210728500397573e-02
49 4 8 -2.39045721866878835e-01
49 5 0 1.33630620956212143e-01
49 5 1 -5.59016994374947410e-02
49 5 2 -1.24999999999999931e-01
49 5 3 -2.65165042944955409e-01
49 5 4 -2.65165042944955298e-01
49 5 5 -1.87500000000000056e-01
49 5 6 2.19577516413419882e-01
49 5 7 1.58466422761596920e-01
49 5 8 -8.45154254728516352e-01
49 6 0 -1.95615199108987933e-02
49 6 1 7.85584404849572371e-01
49 6 2 2.56173769148990149e-01
49 6 3 -1.55264750852029620e-01
49 6 4 -1.55264750852029731e-01
49 6 5 2.19577516413419882e-01
49 6 6 1.10714285714285696e-01
49 6 7 -4.45384493374854085e-01
49 6 8 -9.89743318610787903e-02
49 7 0 8.13157112614726119e-01
49 7 1 -2.83473354756920391e-02
49 7 2 3.16932845523193674e-01
49 7 3 4.48210728500397573e-02
49 7 4 4.48210728500397573e-02
49 7 5 1.58466422761596892e-01
49 7 6 -4.45384493374853918e-01
49 7 7 5.17857142857142891e-02
49 7 8 -8.57142857142857012e-02
49 8 0 1.80701580581050208e-01
49 8 1 1.51185789203690885e-01
49 8 3 -2.39045721866878724e-01
49 8 4 -2.39045721866878946e-01
49 8 5 -8.45154254728516685e-01
49 8 6 -9.89743318610786793e-02
49 8 7 -8.57142857142857428e-02
49 8 8 3.14285714285714279e-01
50 0 0 5.00000000000000444e-01
50 0 1 8.66025403784440817e-01
50 1 0 8.66025403784438375e-01
50 1 1 -4.99999999999999833e-01
51 0 0 8.33333333333333703e-02
51 0 1 1.31761569173682536e-01
51 0 2 5.59016994374947673e-01
51 0 3 1.61374306091975755e-01
51 0 4 4.72455591261533858e-02
51 0 5 7.96819072889596303e-01
51 1 0 1.31761569173682536e-01
51 1 1 -2.91666666666666741e-01
51 1 2 1.76776695296636949e-01
51 1 3 8.67527617235708925e-01
51 1 4 -2.24105364250199030e-01
51 1 5 -2.51976315339484891e-01
51 2 0 5.59016994374947562e-01
51 2 1 1.76776695296637004e-01
51 2 2 -2.50000000000000056e-01
51 2 3 2.16506350946109760e-01
51 2 4 7.39509972887452016e-01
51 3 0 1.61374306091975644e-01
51 3 1 8.67527617235709259e-01
51 3 2 2.16506350946109621e-01
51 3 3 6.24999999999999861e-02
51 3 4 -2.74471895516774866e-01
51 3 5 -3.08606699924183658e-01
51 4 0 4.72455591261533928e-02
51 4 1 -2.24105364250198807e-01
51 4 2 7.39509972887451572e-01
51 4 3 -2.74471895516775033e-01
51 4 4 3.48214285714285754e-01
51 4 5 -4.51753951452626312e-01
51 5 0 7.96819072889595970e-01
51 5 1 -2.51976315339485002e-01
51 5 3 -3.08606699924183991e-01
51 5 4 -4.51753951452625702e-01
51 5 5 4.76190476190476233e-02
52 0 0 -8.33333333333332593e-02
52 0 1 1.55902391115580796e-01
52 0 2 5.51198189805122363e-01
52 0 3 1.20761472884911958e-01
52 0 4 -1.67705098312484230e-01
52 0 5 7.88810637746615084e-01
52 1 0 1.55902391115580824e-01
52 1 1 2.08333333333333343e-01
52 1 2 2.94627825494394556e-02
52 1 3 9.35970975333460742e-01
52 1 4 -1.04582503316759376e-01
52 1 5 -2.10818510677891979e-01
52 2 0 5.51198189805122696e-01
52 2 1 2.94627825494394729e-02
52 2 2 1.04166666666666630e-01
52 2 3 2.28217732293818816e-02
52 2 4 8.13460970176197340e-01
52 2 5 1.49071198499985874e-01
52 3 0 1.20761472884911875e-01
52 3 1 9.35970975333459743e-01
52 3 2 2.28217732293819441e-02
52 3 3 -2.74999999999999745e-01
52 3 4 -8.10092587300982464e-02
52 3 5 -1.63299316185544940e-01
52 4 0 -1.67705098312484147e-01
52 4 1 -1.04582503316759445e-01
52 4 2 8.13460970176196452e-01
52 4 3 -8.10092587300982186e-02
52 4 4 1.12500000000000100e-01
52 4 5 -5.29150262212918165e-01
52 5 0 7.88810637746615306e-01
52 5 1 -2.10818510677891813e-01
52 5 2 1.49071198499986096e-01
52 5 3 -1.63299316185545551e-01
52 5 4 -5.29150262212918387e-01
52 5 5 -6.66666666666666102e-02
53 0 0 1.00000000000000000e+00
54 0 1 1.76776695296636976e-01
54 0 2 -1.63663417676994272e-01
54 0 3 2.37170824512628470e-01
54 0 4 8.94427190999916744e-01
54 0 5 -2.92770021884560139e-01
54 1 0 1.76776695296636865e-01
54 1 1 6.25000000000000222e-01
54 1 3 -1.67705098312484119e-01
54 1 4 1.58113883008419054e-01
54 1 5 7.24568837309471081e-01
54 2 0 -1.63663417676994410e-01
54 2 2 3.57142857142857470e-02
54 2 3 9.31588505112177834e-01
54 2 4 -1.46385010942279958e-01
54 2 5 2.87494454249972775e-01
54 3 0 2.37170824512628969e-01
54 3 1 -1.67705098312484174e-01
54 3 2 9.31588505112178500e-01
54 3 3 2.50000000000000291e-02
54 3 4 2.12132034355964200e-01
54 3 5 4.62910049886275793e-02
54 4 0 8.94427190999915300e-01
54 4 1 1.58113883008418776e-01
54 4 2 -1.46385010942280014e-01
54 4 3 2.12132034355964311e-01
54 4 4 -1.99999999999999789e-01
54 4 5 -2.61861468283190790e-01
54 5 0 -2.92770021884559806e-01
54 5 1 7.24568837309472413e-01
54 5 2 2.87494454249972942e-01
54 5 3 4.62910049886275932e-02
54 5 4 -2.61861468283190957e-01
54 5 5 -4.85714285714285654e-01
55 0 0 1.00000000000000000e+00
56 0 0 1.42857142857142794e-01
56 0 1 9.89743318610786349e-01
56 1 0 9.89743318610788125e-01
56 1 1 -1.42857142857142849e-01
57 0 0 -1.99999999999999928e-01
57 0 1 9.79795897113270309e-01
57 1 0 9.79795897113270531e-01
57 1 1 1.99999999999999900e-01
58 0 0 1.00000000000000000e+00
59 0 0 -2.50000000000000056e-01
59 0 1 9.68245836551854366e-01
59 1 0 9.68245836551854255e-01
59 1 1 2.49999999999999833e-01
60 0 0 1.25000000000000000e-01
60 0 1 9.92156741649220741e-01
60 1 0 9.92156741649221741e-01
60 1 1 -1.24999999999999792e-01
61 0 0 1.00000000000000000e+00
62 0 1 1.76776695296636893e-01
62 0 2 -1.63663417676994299e-01
62 0 3 2.37170824512628386e-01
62 0 4 8.94427190999915744e-01
62 0 5 -2.92770021884559584e-01
62 1 0 1.76776695296636976e-01
62 1 1 6.24999999999999112e-01
62 1 3 -1.67705098312484285e-01
62 1 4 1.58113883008419193e-01
62 1 5 7.24568837309471858e-01
62 2 0 -1.63663417676994272e-01
62 2 2 3.57142857142857054e-02
62 2 3 9.31588505112178833e-01
62 2 4 -1.46385010942280125e-01
62 2 5 2.87494454249972997e-01
62 3 0 2.37170824512628192e-01
62 3 1 -1.67705098312484147e-01
62 3 2 9.31588505112178389e-01
62 3 3 2.50000000000000014e-02
62 3 4 2.12132034355964144e-01
62 3 5 4.62910049886275446e-02
62 4 0 8.94427190999916077e-01
62 4 1 1.58113883008418887e-01
62 4 2 -1.46385010942279903e-01
62 4 3 2.12132034355964477e-01
62 4 4 -1.99999999999999872e-01
62 4 5 -2.61861468283190790e-01
62 5 0 -2.92770021884559917e-01
62 5 1 7.24568837309472191e-01
62 5 2 2.87494454249973164e-01
62 5 3 4.62910049886275585e-02
62 5 4 -2.61861468283190901e-01
62 5 5 -4.85714285714286653e-01
63 0 0 1.00000000000000000e+00
64 0 0 -8.33333333333333287e-02
64 0 1 2.28217732293819309e-01
64 0 2 3.34076552390530634e-01
64 0 3 1.66666666666666630e-01
64 0 4 -3.27326835353988599e-01
64 0 5 8.33333333333333814e-01
64 1 0 2.28217732293819198e-01
64 1 1 2.49999999999999750e-01
64 1 3 9.12870929175277013e-01
64 1 5 -2.28217732293819031e-01
64 2 0 3.34076552390530745e-01
64 2 2 1.07142857142857123e-01
64 2 4 8.74817765279707005e-01
64 2 5 3.34076552390529968e-01
64 3 0 1.66666666666666741e-01
64 3 1 9.12870929175277235e-01
64 3 3 -3.33333333333333204e-01
64 3 5 -1.66666666666666796e-01
64 4 0 -3.27326835353988377e-01
64 4 2 8.74817765279706672e-01
64 4 4 1.42857142857142849e-01
64 4 5 -3.27326835353988710e-01
64 5 0 8.33333333333332704e-01
64 5 1 -2.28217732293819142e-01
64 5 2 3.34076552390530301e-01
64 5 3 -1.66666666666666713e-01
64 5 4 -3.27326835353988266e-01
64 5 5 -8.33333333333333287e-02
65 0 0 4.16666666666666852e-02
65 0 1 1.20761472884911833e-01
65 0 2 3.91311896062462972e-01
65 0 3 1.39443337755679186e-01
65 0 4 3.04290309725091593e-02
65 0 5 9.00102874778869078e-01
65 1 0 1.20761472884912055e-01
65 1 1 -1.99999999999999983e-01
65 1 2 1.62018517460196548e-01
65 1 3 9.23760430703400193e-01
65 1 4 -1.76383420737639324e-01
65 1 5 -1.86338998124982724e-01
65 2 0 3.91311896062462583e-01
65 2 1 1.62018517460196299e-01
65 2 2 -2.25000000000000117e-01
65 2 3 1.87082869338697055e-01
65 2 4 8.57321409974112436e-01
65 3 0 1.39443337755679186e-01
65 3 1 9.23760430703402302e-01
65 3 2 1.87082869338697277e-01
65 3 3 6.66666666666665964e-02
65 3 4 -2.03670030886926395e-01
65 3 5 -2.15165741455967618e-01
65 4 0 3.04290309725092460e-02
65 4 1 -1.76383420737638907e-01
65 4 2 8.57321409974111548e-01
65 4 3 -2.03670030886926368e-01
65 4 4 2.88888888888889084e-01
65 4 5 -3.28671099061089267e-01
65 5 0 9.00102874778870632e-01
65 5 1 -1.86338998124982780e-01
65 5 3 -2.15165741455967813e-01
65 5 4 -3.28671099061089322e-01
65 5 5 2.77777777777778040e-02
66 0 0 2.50000000000000056e-01
66 0 1 9.68245836551854033e-01
66 1 0 9.68245836551854699e-01
66 1 1 -2.50000000000000222e-01
67 0 0 1.71874999999999944e-01
67 0 1 -2.28726579597312574e-02
67 0 2 -5.54632479665589373e-02
67 0 3 1.47901994577490176e-01
67 0 4 1.93649167310371184e-01
67 0 5 1.93649167310371045e-01
67 0 6 3.59190558259619819e-01
67 0 7 -7.81250000000000416e-02
67 0 8 -2.06699321176920997e-01
67 0 9 8.31948719498384448e-01
67 1 0 -2.28726579597312504e-02
67 1 1 2.90178571428571265e-02
67 1 2 2.43569644814373654e-01
67 1 3 -2.16506350946109483e-01
67 1 6 9.27884361197613278e-02
67 1 7 -2.28726579597312400e-02
67 1 8 9.07730471767362435e-01
67 1 9 2.43569644814373293e-01
67 2 0 -5.54632479665589720e-02
67 2 1 2.43569644814373071e-01
67 2 2 9.06250000000000389e-02
67 2 3 -7.50000000000000527e-02
67 2 4 2.29128784747792247e-01
67 2 5 2.29128784747791830e-01
67 2 6 -3.25000000000000011e-01
67 2 7 8.31948719498382672e-01
67 2 8 -3.49385621484342573e-02
67 2 9 1.40625000000000083e-01
67 3 0 1.47901994577490453e-01
67 3 1 -2.16506350946109288e-01
67 3 2 -7.50000000000000944e-02
67 3 3 9.00000000000000910e-01
67 3 6 -9.99999999999999362e-02
67 3 7 1.47901994577490398e-01
67 3 8 2.79508497187474003e-01
67 3 9 -7.50000000000000111e-02
67 4 0 1.93649167310370962e-01
67 4 2 2.29128784747792108e-01
67 4 4 -1.00000000000000006e-01
67 4 5 8.99999999999999800e-01
67 4 7 -1.93649167310370851e-01
67 4 9 -2.29128784747791886e-01
67 5 0 1.93649167310371073e-01
67 5 2 2.29128784747792247e-01
67 5 4 9.00000000000000244e-01
67 5 5 -1.00000000000000130e-01
67 5 7 -1.93649167310370990e-01
67 5 9 -2.29128784747792080e-01
67 6 0 3.59190558259619153e-01
67 6 1 9.27884361197614249e-02
67 6 2 -3.25000000000000511e-01
67 6 3 -9.99999999999999500e-02
67 6 6 7.09523809523808446e-01
67 6 7 3.59190558259619319e-01
67 6 8 9.31694990624913205e-02
67 6 9 -3.25000000000000233e-01
67 7 0 -7.81250000000000000e-02
67 7 1 -2.28726579597312574e-02
67 7 2 8.31948719498384226e-01
67 7 3 1.47901994577490287e-01
67 7 4 -1.93649167310371045e-01
67 7 5 -1.93649167310370712e-01
67 7 6 3.59190558259619652e-01
67 7 7 1.71875000000000139e-01
67 7 8 -2.06699321176920803e-01
67 7 9 -5.54632479665587916e-02
67 8 0 -2.06699321176921191e-01
67 8 1 9.07730471767363434e-01
67 8 2 -3.49385621484342365e-02
67 8 3 2.79508497187473726e-01
67 8 6 9.31694990624911262e-02
67 8 7 -2.06699321176921053e-01
67 8 8 3.64583333333333634e-02
67 8 9 -3.49385621484341879e-02
67 9 0 8.31948719498384004e-01
67 9 1 2.43569644814373099e-01
67 9 2 1.40624999999999972e-01
67 9 3 -7.49999999999999278e-02
67 9 4 -2.29128784747791747e-01
67 9 5 -2.29128784747792247e-01
67 9 6 -3.25000000000000511e-01
67 9 7 -5.54632479665588957e-02
67 9 8 -3.49385621484341949e-02
67 9 9 9.06250000000000666e-02
68 0 0 2.50000000000000111e-01
68 0 1 9.68245836551851480e-01
68 1 0 9.68245836551854366e-01
68 1 1 -2.50000000000000722e-01
69 0 0 3.57142857142856637e-02
69 0 1 1.46385010942280153e-01
69 0 2 2.87494454249972775e-01
69 0 3 1.63663417676994133e-01
69 0 5 9.31588505112177390e-01
69 1 0 1.46385010942280069e-01
69 1 1 -2.00000000000000261e-01
69 1 2 2.61861468283191012e-01
69 1 3 8.94427190999915855e-01
69 1 4 -1.58113883008419082e-01
69 1 5 -2.12132034355964255e-01
69 2 0 2.87494454249972775e-01
69 2 1 2.61861468283191179e-01
69 2 2 -4.85714285714285210e-01
69 2 3 2.92770021884559972e-01
69 2 4 7.24568837309472413e-01
69 2 5 4.62910049886275585e-02
69 3 0 1.63663417676994410e-01
69 3 1 8.94427190999915189e-01
69 3 2 2.92770021884559917e-01
69 3 4 -1.76776695296636893e-01
69 3 5 -2.37170824512628553e-01
69 4 1 -1.58113883008419220e-01
69 4 2 7.24568837309471858e-01
69 4 3 -1.76776695296637087e-01
69 4 4 6.24999999999999667e-01
69 4 5 -1.67705098312484341e-01
69 5 0 9.31588505112178056e-01
69 5 1 -2.12132034355964144e-01
69 5 2 4.62910049886276279e-02
69 5 3 -2.37170824512628386e-01
69 5 4 -1.67705098312484258e-01
69 5 5 2.50000000000000187e-02
70 0 0 -5.00000000000000860e-02
70 0 1 1.73205080756887481e-01
70 0 2 2.64575131106459527e-01
70 0 3 1.36930639376291657e-01
70 0 4 -2.62202212042538352e-01
70 0 5 8.99999999999999689e-01
70 1 0 1.73205080756888147e-01
70 1 1 1.99999999999999956e-01
70 1 3 9.48683298050513879e-01
70 1 5 -1.73205080756887730e-01
70 2 0 2.64575131106458916e-01
70 2 2 6.66666666666665686e-02
70 2 4 9.24962461700774119e-01
70 2 5 2.64575131106458583e-01
70 3 0 1.36930639376291657e-01
70 3 1 9.48683298050516766e-01
70 3 3 -2.49999999999999667e-01
70 3 5 -1.36930639376291574e-01
70 4 0 -2.62202212042537519e-01
70 4 2 9.24962461700776339e-01
70 4 4 8.33333333333333426e-02
70 4 5 -2.62202212042537963e-01
70 5 0 9.00000000000000466e-01
70 5 1 -1.73205080756887536e-01
70 5 2 2.64575131106459249e-01
70 5 3 -1.36930639376291768e-01
70 5 4 -2.62202212042538296e-01
70 5 5 -5.00000000000000583e-02
71 0 0 6.66666666666667629e-02
71 0 1 2.03670030886926007e-01
71 0 2 -1.39443337755679242e-01
71 0 3 2.15165741455967729e-01
71 0 4 9.23760430703402857e-01
71 0 5 -1.87082869338697194e-01
71 1 0 2.03670030886925923e-01
71 1 1 2.88888888888888584e-01
71 1 2 3.04290309725092044e-02
71 1 3 -3.28671099061089600e-01
71 1 4 1.76383420737639379e-01
71 1 5 8.57321409974111548e-01
71 2 0 -1.39443337755679159e-01
71 2 1 3.04290309725092842e-02
71 2 2 4.16666666666667129e-02
71 2 3 9.00102874778867301e-01
71 2 4 -1.20761472884912208e-01
71 2 5 3.91311896062463027e-01
71 3 0 2.15165741455967369e-01
71 3 1 -3.28671099061089544e-01
71 3 2 9.00102874778869078e-01
71 3 3 2.77777777777777762e-02
71 3 4 1.86338998124982475e-01
71 4 0 9.23760430703402302e-01
71 4 1 1.76383420737639296e-01
71 4 2 -1.20761472884912138e-01
71 4 3 1.86338998124982419e-01
71 4 4 -1.99999999999999900e-01
71 4 5 -1.62018517460196215e-01
71 5 0 -1.87082869338696778e-01
71 5 1 8.57321409974113879e-01
71 5 2 3.91311896062462861e-01
71 5 4 -1.62018517460196076e-01
71 5 5 -2.24999999999999895e-01
72 0 0 1.00000000000000000e+00
73 0 0 1.25000000000000028e-01
73 0 1 9.92156741649220852e-01
73 1 0 9.92156741649221852e-01
73 1 1 -1.24999999999999986e-01
74 0 0 -2.50000000000000777e-01
74 0 1 9.68245836551850592e-01
74 1 0 9.68245836551852146e-01
74 1 1 2.49999999999999500e-01
75 0 0 1.00000000000000000e+00
76 0 0 1.00000000000000000e+00
77 0 0 -4.99999999999999778e-01
77 0 1 8.66025403784439041e-01
77 1 0 8.66025403784439041e-01
77 1 1 4.99999999999999778e-01
78 0 0 1.42857142857142849e-01
78 0 1 9.89743318610788125e-01
78 1 0 9.89743318610786349e-01
78 1 1 -1.42857142857142960e-01
79 0 0 6.25000000000000000e-02
79 0 1 2.74471895516775033e-01
79 0 2 -1.61374306091975700e-01
79 0 3 3.08606699924183936e-01
79 0 4 8.67527617235709259e-01
79 0 5 -2.16506350946109760e-01
79 1 0 2.74471895516775033e-01
79 1 1 3.48214285714285532e-01
79 1 2 4.72455591261533858e-02
79 1 3 -4.51753951452625646e-01
79 1 4 2.24105364250198724e-01
79 1 5 7.39509972887452238e-01
79 2 0 -1.61374306091975644e-01
79 2 1 4.72455591261534066e-02
79 2 2 8.33333333333333148e-02
79 2 3 7.96819072889596081e-01
79 2 4 -1.31761569173682369e-01
79 2 5 5.59016994374947562e-01
79 3 0 3.08606699924183769e-01
79 3 1 -4.51753951452625424e-01
79 3 2 7.96819072889595525e-01
79 3 3 4.76190476190475956e-02
79 3 4 2.51976315339484724e-01
79 4 0 8.67527617235709481e-01
79 4 1 2.24105364250198780e-01
79 4 2 -1.31761569173682480e-01
79 4 3 2.51976315339484891e-01
79 4 4 -2.91666666666666741e-01
79 4 5 -1.76776695296636893e-01
79 5 0 -2.16506350946109788e-01
79 5 1 7.39509972887451905e-01
79 5 2 5.59016994374947562e-01
79 5 4 -1.76776695296636782e-01
79 5 5 -2.50000000000000056e-01
80 0 0 1.00000000000000000e+00
81 0 0 -1.25000000000000000e-01
81 0 1 3.06186217847897346e-01
81 0 2 2.16506350946109594e-01
81 0 3 -9.18558653543691706e-01
81 1 0 3.06186217847897457e-01
81 1 1 2.49999999999999944e-01
81 1 2 8.83883476483184438e-01
81 1 3 2.49999999999999944e-01
81 2 0 2.16506350946109677e-01
81 2 1 8.83883476483184438e-01
81 2 2 -3.74999999999999889e-01
81 2 3 1.76776695296636921e-01
81 3 0 -9.18558653543691817e-01
81 3 1 2.50000000000000111e-01
81 3 2 1.76776695296636893e-01
81 3 3 2.50000000000000056e-01
82 0 0 3.57142857142857539e-02
82 0 1 1.46385010942279847e-01
82 0 2 2.87494454249972886e-01
82 0 3 1.63663417676994299e-01
82 0 5 9.31588505112178833e-01
82 1 0 1.46385010942279903e-01
82 1 1 -1.99999999999999928e-01
82 1 2 2.61861468283191012e-01
82 1 3 8.94427190999916522e-01
82 1 4 -1.58113883008418860e-01
82 1 5 -2.12132034355964477e-01
82 2 0 2.87494454249973219e-01
82 2 1 2.61861468283191012e-01
82 2 2 -4.85714285714285321e-01
82 2 3 2.92770021884560028e-01
82 2 4 7.24568837309471969e-01
82 2 5 4.62910049886274752e-02
82 3 0 1.63663417676994355e-01
82 3 1 8.94427190999916522e-01
82 3 2 2.92770021884560083e-01
82 3 4 -1.76776695296636949e-01
82 3 5 -2.37170824512628609e-01
82 4 1 -1.58113883008418776e-01
82 4 2 7.24568837309471747e-01
82 4 3 -1.76776695296636865e-01
82 4 4 6.25000000000000333e-01
82 4 5 -1.67705098312484285e-01
82 5 0 9.31588505112178278e-01
82 5 1 -2.12132034355964005e-01
82 5 2 4.62910049886275932e-02
82 5 3 -2.37170824512628553e-01
82 5 4 -1.67705098312484369e-01
82 5 5 2.49999999999999944e-02
83 0 0 1.10714285714285807e-01
83 0 1 -1.95615199108987864e-02
83 0 2 -9.89743318610786654e-02
83 0 3 2.56173769148990149e-01
83 0 4 1.55264750852029731e-01
83 0 5 1.55264750852029842e-01
83 0 6 2.19577516413420104e-01
83 0 7 -4.45384493374854251e-01
83 0 8 7.85584404849573037e-01
83 1 0 -1.95615199108988107e-02
83 1 1 3.57142857142857262e-02
83 1 2 1.80701580581050181e-01
83 1 3 -2.00445931434318408e-01
83 1 4 9.44911182523067994e-02
83 1 5 9.44911182523068272e-02
83 1 6 1.33630620956212087e-01
83 1 7 8.13157112614725563e-01
83 1 8 4.78091443733757671e-01
83 2 0 -9.89743318610786654e-02
83 2 1 1.80701580581050292e-01
83 2 2 3.14285714285714390e-01
83 2 4 2.39045721866878585e-01
83 2 5 2.39045721866878835e-01
83 2 6 -8.45154254728516241e-01
83 2 7 -8.57142857142857012e-02
83 2 8 1.51185789203690718e-01
83 3 0 2.56173769148989983e-01
83 3 1 -2.00445931434318186e-01
83 3 3 8.75000000000000444e-01
83 3 6 -1.25000000000000000e-01
83 3 7 3.16932845523193840e-01
83 3 8 -1.11803398874989565e-01
83 4 0 1.55264750852029731e-01
83 4 1 9.44911182523068549e-02
83 4 2 2.39045721866878780e-01
83 4 4 -1.25000000000000028e-01
83 4 5 8.74999999999999778e-01
83 4 6 2.65165042944955465e-01
83 4 7 -4.48210728500398059e-02
83 4 8 -2.37170824512628275e-01
83 5 0 1.55264750852029704e-01
83 5 1 9.44911182523068549e-02
83 5 2 2.39045721866878724e-01
83 5 4 8.74999999999999889e-01
83 5 5 -1.25000000000000028e-01
83 5 6 2.65165042944955187e-01
83 5 7 -4.48210728500398059e-02
83 5 8 -2.37170824512628498e-01
83 6 0 2.19577516413419910e-01
83 6 1 1.33630620956212143e-01
83 6 2 -8.45154254728516907e-01
83 6 3 -1.25000000000000083e-01
83 6 4 2.65165042944955298e-01
83 6 5 2.65165042944955132e-01
83 6 6 -1.87500000000000111e-01
83 6 7 1.58466422761596587e-01
83 6 8 -5.59016994374947201e-02
83 7 0 -4.45384493374854251e-01
83 7 1 8.13157112614726341e-01
83 7 2 -8.57142857142857567e-02
83 7 3 3.16932845523193840e-01
83 7 4 -4.48210728500397990e-02
83 7 5 -4.48210728500397781e-02
83 7 6 1.58466422761596837e-01
83 7 7 5.17857142857143238e-02
83 7 8 -2.83473354756920461e-02
83 8 0 7.85584404849572371e-01
83 8 1 4.78091443733757671e-01
83 8 2 1.51185789203690885e-01
83 8 3 -1.11803398874989496e-01
83 8 4 -2.37170824512628581e-01
83 8 5 -2.37170824512628581e-01
83 8 6 -5.59016994374946855e-02
83 8 7 -2.83473354756920252e-02
83 8 8 4.99999999999999958e-02
84 0 0 2.00000000000000289e-01
84 0 1 9.79795897113271530e-01
84 1 0 9.79795897113270975e-01
84 1 1 -2.00000000000000289e-01
85 0 0 -6.66666666666666519e-02
85 0 1 2.10818510677892201e-01
85 0 2 1.49071198499985874e-01
85 0 3 1.63299316185545162e-01
85 0 4 -5.29150262212918276e-01
85 0 5 7.88810637746614640e-01
85 1 0 2.10818510677891924e-01
85 1 1 2.08333333333333565e-01
85 1 2 -2.94627825494394972e-02
85 1 3 9.35970975333460298e-01
85 1 4 1.04582503316759556e-01
85 1 5 -1.55902391115580768e-01
85 2 0 1.49071198499986263e-01
85 2 1 -2.94627825494394660e-02
85 2 2 1.04166666666666685e-01
85 2 3 -2.28217732293819892e-02
85 2 4 8.13460970176197562e-01
85 2 5 5.51198189805123584e-01
85 3 0 1.63299316185545135e-01
85 3 1 9.35970975333458632e-01
85 3 2 -2.28217732293819822e-02
85 3 3 -2.75000000000000189e-01
85 3 4 8.10092587300982742e-02
85 3 5 -1.20761472884912097e-01
85 4 0 -5.29150262212917388e-01
85 4 1 1.04582503316759626e-01
85 4 2 8.13460970176198228e-01
85 4 3 8.10092587300981909e-02
85 4 4 1.12499999999999961e-01
85 4 5 -1.67705098312484285e-01
85 5 0 7.88810637746615084e-01
85 5 1 -1.55902391115580824e-01
85 5 2 5.51198189805122141e-01
85 5 3 -1.20761472884912124e-01
85 5 4 -1.67705098312484147e-01
85 5 5 -8.33333333333333287e-02
86 0 0 1.25000000000000083e-01
86 0 1 2.65165042944955187e-01
86 0 2 2.65165042944955354e-01
86 0 3 9.18558653543691706e-01
86 1 0 2.65165042944955409e-01
86 1 1 6.24999999999999931e-02
86 1 2 -9.37499999999999223e-01
86 1 3 2.16506350946109649e-01
86 2 0 2.65165042944955409e-01
86 2 1 -9.37500000000000222e-01
86 2 2 6.25000000000000278e-02
86 2 3 2.16506350946109621e-01
86 3 0 9.18558653543691483e-01
86 3 1 2.16506350946109566e-01
86 3 2 2.16506350946109594e-01
86 3 3 -2.50000000000000000e-01
87 0 0 1.00000000000000000e+00
88 0 0 -5.00000000000000666e-01
88 0 1 8.66025403784438375e-01
88 1 0 8.66025403784438597e-01
88 1 1 5.00000000000001110e-01
89 0 0 -1.00000000000000000e+00
90 0 0 9.16666666666666852e-01
90 0 1 2.79508497187473781e-01
90 0 2 2.81718084909505451e-01
90 0 3 4.72455591261533789e-02
90 1 0 2.79508497187473504e-01
90 1 1 6.24999999999999861e-02
90 1 2 -9.44911182523068827e-01
90 1 3 -1.58466422761596754e-01
90 2 0 2.81718084909505617e-01
90 2 1 -9.44911182523068716e-01
90 2 2 4.76190476190476372e-02
90 2 3 -1.59719141249985014e-01
90 3 0 4.72455591261534136e-02
90 3 1 -1.58466422761596892e-01
90 3 2 -1.59719141249985069e-01
90 3 3 9.73214285714286143e-01
91 0 0 -1.00000000000000000e+00
92 0 0 -2.50000000000000111e-01
92 0 1 9.18558653543692150e-01
92 0 2 -2.16506350946109621e-01
92 0 3 -2.16506350946109816e-01
92 1 0 9.18558653543691928e-01
92 1 1 1.25000000000000111e-01
92 1 2 -2.65165042944955187e-01
92 1 3 -2.65165042944955298e-01
92 2 0 -2.16506350946109594e-01
92 2 1 -2.65165042944955409e-01
92 2 2 6.24999999999999722e-02
92 2 3 -9.37499999999999778e-01
92 3 0 -2.16506350946109760e-01
92 3 1 -2.65165042944955465e-01
92 3 2 -9.37500000000000555e-01
92 3 3 6.24999999999999861e-02
93 0 0 1.66666666666666685e-01
93 0 1 9.52579344415680596e-01
93 0 2 -1.70588771906386161e-01
93 0 3 -1.88982236504613599e-01
93 1 0 9.52579344415679818e-01
93 1 1 -2.22222222222222182e-01
93 1 2 -1.39285149006224296e-01
93 1 3 -1.54303349962091940e-01
93 2 0 -1.70588771906386355e-01
93 2 1 -1.39285149006224268e-01
93 2 2 1.26984126984127060e-01
93 2 3 -9.67147429123328295e-01
93 3 0 -1.88982236504613654e-01
93 3 1 -1.54303349962091857e-01
93 3 2 -9.67147429123327962e-01
93 3 3 -7.14285714285714246e-02
94 0 0 1.00000000000000000e+00
95 0 0 -2.77777777777777728e-02
95 0 1 -1.42318760638327824e-01
95 0 2 1.87812056606337069e-01
95 0 3 9.22330984215776972e-01
95 0 4 -3.04968772796416598e-01
95 1 0 -1.42318760638327685e-01
95 1 1 2.08333333333333426e-02
95 1 2 9.62250448649376255e-01
95 1 3 -1.35015431216830462e-01
95 1 4 1.87499999999999861e-01
95 2 0 1.87812056606337208e-01
95 2 1 9.62250448649376477e-01
95 2 2 1.58730158730158756e-02
95 2 3 1.78174161274949588e-01
95 2 4 8.24786098842323068e-02
95 3 0 9.22330984215778193e-01
95 3 1 -1.35015431216830517e-01
95 3 2 1.78174161274949477e-01
95 3 3 -1.24999999999999778e-01
95 3 4 -2.89318781178922180e-01
95 4 0 -3.04968772796416876e-01
95 4 1 1.87499999999999917e-01
95 4 2 8.24786098842323068e-02
95 4 3 -2.89318781178922346e-01
95 4 4 -8.83928571428571286e-01
96 0 0 1.00000000000000000e+00
97 0 0 1.24999999999999986e-01
97 0 1 9.92156741649222074e-01
97 1 0 9.92156741649221630e-01
97 1 1 -1.24999999999999972e-01
98 0 0 -1.42857142857143071e-01
98 0 1 9.89743318610785905e-01
98 1 0 9.89743318610787570e-01
98 1 1 1.42857142857142488e-01
99 0 0 1.00000000000000000e+00
100 0 0 1.00000000000000000e+00
101 0 0 -2.77777777777777797e-02
101 0 1 -1.42318760638327657e-01
101 0 2 1.87812056606336986e-01
101 0 3 9.22330984215776417e-01
101 0 4 -3.04968772796416709e-01
101 1 0 -1.42318760638327574e-01
101 1 1 2.08333333333333252e-02
101 1 2 9.62250448649376922e-01
101 1 3 -1.35015431216830462e-01
101 1 4 1.87500000000000167e-01
101 2 0 1.87812056606337069e-01
101 2 1 9.62250448649375811e-01
101 2 2 1.58730158730158583e-02
101 2 3 1.78174161274949505e-01
101 2 4 8.24786098842322513e-02
101 3 0 9.22330984215778082e-01
101 3 1 -1.35015431216830462e-01
101 3 2 1.78174161274949644e-01
101 3 3 -1.25000000000000083e-01
101 3 4 -2.89318781178922069e-01
101 4 0 -3.04968772796416765e-01
101 4 1 1.87499999999999917e-01
101 4 2 8.24786098842322513e-02
101 4 3 -2.89318781178922180e-01
101 4 4 -8.83928571428571508e-01
102 0 0 1.00000000000000000e+00
103 0 0 -8.33333333333332593e-02
103 0 1 1.55902391115580935e-01
103 0 2 5.51198189805123140e-01
103 0 3 1.20761472884912083e-01
103 0 4 -1.67705098312484230e-01
103 0 5 7.88810637746614307e-01
103 1 0 1.55902391115580879e-01
103 1 1 2.08333333333333481e-01
103 1 2 2.94627825494394799e-02
103 1 3 9.35970975333460520e-01
103 1 4 -1.04582503316759431e-01
103 1 5 -2.10818510677891785e-01
103 2 0 5.51198189805122585e-01
103 2 1 2.94627825494394695e-02
103 2 2 1.04166666666666685e-01
103 2 3 2.28217732293819094e-02
103 2 4 8.13460970176197673e-01
103 2 5 1.49071198499986207e-01
103 3 0 1.20761472884911972e-01
103 3 1 9.35970975333459632e-01
103 3 2 2.28217732293819267e-02
103 3 3 -2.75000000000000078e-01
103 3 4 -8.10092587300981770e-02
103 3 5 -1.63299316185545218e-01
103 4 0 -1.67705098312484507e-01
103 4 1 -1.04582503316759418e-01
103 4 2 8.13460970176196563e-01
103 4 3 -8.10092587300982742e-02
103 4 4 1.12500000000000017e-01
103 4 5 -5.29150262212918276e-01
103 5 0 7.88810637746614196e-01
103 5 1 -2.10818510677892063e-01
103 5 2 1.49071198499986013e-01
103 5 3 -1.63299316185545301e-01
103 5 4 -5.29150262212918276e-01
103 5 5 -6.66666666666666241e-02
104 0 0 5.55555555555555802e-02
104 0 1 9.07218423253029205e-02
104 0 2 5.68629239687953314e-01
104 0 3 1.05409255338945892e-01
104 0 4 4.87950036474266297e-02
104 0 5 8.07373427759333295e-01
104 1 0 9.07218423253029344e-02
104 1 1 -1.85185185185184953e-01
104 1 2 9.28567660041495629e-02
104 1 3 9.46729262406257321e-01
104 1 4 -1.59363814577918927e-01
104 1 5 -1.64804410824348102e-01
104 2 0 5.68629239687953647e-01
104 2 1 9.28567660041493687e-02
104 2 2 -1.32275132275132157e-01
104 2 3 1.07889812495024856e-01
104 2 4 7.99092455748687369e-01
104 2 5 -1.87812056606337444e-02
104 3 0 1.05409255338945934e-01
104 3 1 9.46729262406258321e-01
104 3 2 1.07889812495024801e-01
104 3 3 9.99999999999999917e-02
104 3 4 -1.85164019954510539e-01
104 3 5 -1.91485421551267632e-01
104 4 0 4.87950036474266921e-02
104 4 1 -1.59363814577919038e-01
104 4 2 7.99092455748686814e-01
104 4 3 -1.85164019954510289e-01
104 4 4 1.28571428571428475e-01
104 4 5 -5.31843156256751270e-01
104 5 0 8.07373427759331186e-01
104 5 1 -1.64804410824347852e-01
104 5 2 -1.87812056606337374e-02
104 5 3 -1.91485421551267743e-01
104 5 4 -5.31843156256751159e-01
104 5 5 3.33333333333333051e-02
105 0 0 3.33333333333333426e-01
105 0 1 9.42809041582062246e-01
105 1 0 9.42809041582063356e-01
105 1 1 -3.33333333333333814e-01
106 0 0 3.36419753086420636e-01
106 0 1 -2.41550553124977203e-02
106 0 2 -4.17360125791861325e-02
106 0 3 7.34930919740165861e-02
106 0 4 1.70103454359943174e-01
106 0 5 1.70103454359942785e-01
106 0 6 5.19701150387687161e-01
106 0 7 -6.53271928657922635e-02
106 0 8 -1.15812734810455120e-01
106 0 9 7.30380220135754654e-01
106 1 0 -2.41550553124977273e-02
106 1 1 2.23765432098765524e-02
106 1 2 3.26635964328962081e-01
106 1 3 -1.80769104483599397e-01
106 1 4 -5.32508042018910999e-02
106 1 5 -5.32508042018911207e-02
106 1 6 7.39509972887451295e-02
106 1 7 -1.46076044027151040e-02
106 1 8 9.06378016937167019e-01
106 1 9 1.63317982164480902e-01
106 2 0 -4.17360125791859729e-02
106 2 1 3.26635964328961415e-01
106 2 2 4.05643738977072010e-02
106 2 3 -9.93807989999906244e-02
106 2 4 1.84017482491294404e-01
106 2 5 1.84017482491294487e-01
106 2 6 -1.27775312999988233e-01
106 2 7 8.83384879999916106e-01
106 2 8 -1.95759251153602744e-02
106 2 9 1.23456790123456894e-01
106 3 0 7.34930919740163779e-02
106 3 1 -1.80769104483599702e-01
106 3 2 -9.93807989999906660e-02
106 3 3 9.25000000000000711e-01
106 3 6 -7.50000000000000111e-02
106 3 7 1.77777777777777590e-01
106 3 8 2.41299209783155250e-01
106 3 9 -3.10564996874970814e-02
106 4 0 1.70103454359943090e-01
106 4 1 -5.32508042018911207e-02
106 4 2 1.84017482491294265e-01
106 4 4 -7.50000000000000527e-02
106 4 5 9.25000000000001377e-01
106 4 6 -1.04154761224412237e-01
106 4 7 -1.44016459964619092e-01
106 4 8 3.19142369252112465e-02
106 4 9 -2.01269121474853319e-01
106 5 0 1.70103454359943007e-01
106 5 1 -5.32508042018911762e-02
106 5 2 1.84017482491294793e-01
106 5 4 9.25000000000000711e-01
106 5 5 -7.50000000000001360e-02
106 5 6 -1.04154761224412057e-01
106 5 7 -1.44016459964618981e-01
106 5 8 3.19142369252112465e-02
106 5 9 -2.01269121474853152e-01
106 6 0 5.19701150387687938e-01
106 6 1 7.39509972887452127e-02
106 6 2 -1.27775312999988094e-01
106 6 3 -7.49999999999999140e-02
106 6 4 -1.04154761224411946e-01
106 6 5 -1.04154761224412237e-01
106 6 6 5.66071428571428226e-01
106 6 7 2.00000000000000178e-01
106 6 8 8.86405260427917119e-02
106 6 9 -5.59016994374947451e-01
106 7 0 -6.53271928657923467e-02
106 7 1 -1.46076044027150867e-02
106 7 2 8.83384879999917105e-01
106 7 3 1.77777777777777812e-01
106 7 4 -1.44016459964618870e-01
106 7 5 -1.44016459964619148e-01
106 7 6 1.99999999999999900e-01
106 7 7 7.16049382716049676e-02
106 7 8 -3.06411694962737013e-01
106 7 9 -5.52115549999948885e-02
106 8 0 -1.15812734810454926e-01
106 8 1 9.06378016937169795e-01
106 8 2 -1.95759251153602917e-02
106 8 3 2.41299209783155527e-01
106 8 4 3.19142369252112673e-02
106 8 5 3.19142369252112257e-02
106 8 6 8.86405260427917258e-02
106 8 7 -3.06411694962737402e-01
106 8 8 2.90123456790123517e-02
106 8 9 -4.28223361898506932e-02
106 9 0 7.30380220135753877e-01
106 9 1 1.63317982164480957e-01
106 9 2 1.23456790123456922e-01
106 9 3 -3.10564996874970849e-02
106 9 4 -2.01269121474853263e-01
106 9 5 -2.01269121474853457e-01
106 9 6 -5.59016994374947562e-01
106 9 7 -5.52115549999948191e-02
106 9 8 -4.28223361898507071e-02
106 9 9 1.58950617283950518e-01
107 0 0 3.33333333333333259e-01
107 0 1 9.42809041582070684e-01
107 1 0 9.42809041582070795e-01
107 1 1 -3.33333333333332260e-01
108 0 0 4.16666666666665880e-02
108 0 1 1.20761472884912055e-01
108 0 2 3.91311896062463027e-01
108 0 3 1.39443337755679186e-01
108 0 4 3.04290309725092252e-02
108 0 5 9.00102874778870299e-01
108 1 0 1.20761472884912083e-01
108 1 1 -1.99999999999999650e-01
108 1 2 1.62018517460196743e-01
108 1 3 9.23760430703399860e-01
108 1 4 -1.76383420737639296e-01
108 1 5 -1.86338998124982558e-01
108 2 0 3.91311896062462916e-01
108 2 1 1.62018517460196854e-01
108 2 2 -2.25000000000000339e-01
108 2 3 1.87082869338696778e-01
108 2 4 8.57321409974110438e-01
108 3 0 1.39443337755679214e-01
108 3 1 9.23760430703400193e-01
108 3 2 1.87082869338697028e-01
108 3 3 6.66666666666667213e-02
108 3 4 -2.03670030886926534e-01
108 3 5 -2.15165741455967868e-01
108 4 0 3.04290309725092183e-02
108 4 1 -1.76383420737639046e-01
108 4 2 8.57321409974111770e-01
108 4 3 -2.03670030886926035e-01
108 4 4 2.88888888888888640e-01
108 4 5 -3.28671099061090211e-01
108 5 0 9.00102874778869522e-01
108 5 1 -1.86338998124982697e-01
108 5 3 -2.15165741455967674e-01
108 5 4 -3.28671099061090100e-01
108 5 5 2.77777777777777797e-02
109 0 0 -4.76190476190475193e-02
109 0 1 1.38013111868470817e-01
109 0 2 3.83325938999963867e-01
109 0 3 1.12687233963802133e-01
109 0 4 -1.59363814577919233e-01
109 0 5 8.90870806374747803e-01
109 1 0 1.38013111868470928e-01
109 1 1 1.75000000000000322e-01
109 1 2 2.31455024943138243e-02
109 1 3 9.59383482590078329e-01
109 1 4 -5.77350269189625745e-02
109 1 5 -1.61374306091975978e-01
109 2 0 3.83325938999964033e-01
109 2 1 2.31455024943137966e-02
109 2 2 6.42857142857142239e-02
109 2 3 1.88982236504612912e-02
109 2 4 9.08688222502243681e-01
109 2 5 1.49403576166799751e-01
109 3 0 1.12687233963801925e-01
109 3 1 9.59383482590076664e-01
109 3 2 1.88982236504612738e-02
109 3 3 -2.16666666666667035e-01
109 3 4 -4.71404520791031123e-02
109 3 5 -1.31761569173682563e-01
109 4 0 -1.59363814577919011e-01
109 4 1 -5.77350269189626300e-02
109 4 2 9.08688222502245124e-01
109 4 3 -4.71404520791030915e-02
109 4 4 6.66666666666666935e-02
109 4 5 -3.72677996249965227e-01
109 5 0 8.90870806374746693e-01
109 5 1 -1.61374306091975783e-01
109 5 2 1.49403576166799779e-01
109 5 3 -1.31761569173682425e-01
109 5 4 -3.72677996249965116e-01
109 5 5 -4.16666666666665603e-02
110 0 0 1.00000000000000000e+00
111 0 0 2.50000000000000187e-02
111 0 1 1.62018517460196826e-01
111 0 2 -1.33333333333333165e-01
111 0 3 1.79118210501705788e-01
111 0 4 9.35692702404656407e-01
111 0 5 -2.18501843368781479e-01
111 1 0 1.62018517460196687e-01
111 1 1 4.49999999999999400e-01
111 1 3 -1.65831239517770013e-01
111 1 4 1.47901994577490203e-01
111 1 5 8.49632273398320703e-01
111 2 0 -1.33333333333333304e-01
111 2 2 2.22222222222222751e-02
111 2 3 9.55297122675765276e-01
111 2 4 -1.21716123890037067e-01
111 2 5 2.33068632926700492e-01
111 3 0 1.79118210501705566e-01
111 3 1 -1.65831239517769624e-01
111 3 2 9.55297122675761612e-01
111 3 3 1.66666666666667046e-02
111 3 4 1.63511807252904845e-01
111 3 5 2.84637521276654946e-02
111 4 0 9.35692702404659182e-01
111 4 1 1.47901994577490425e-01
111 4 2 -1.21716123890037192e-01
111 4 3 1.63511807252904956e-01
111 4 4 -1.45833333333333481e-01
111 4 5 -1.99463980782570327e-01
111 5 0 -2.18501843368781840e-01
111 5 1 8.49632273398322591e-01
111 5 2 2.33068632926700603e-01
111 5 3 2.84637521276655189e-02
111 5 4 -1.99463980782570188e-01
111 5 5 -3.68055555555555580e-01
112 0 0 1.00000000000000000e+00
113 0 0 1.11111111111110952e-01
113 0 1 9.93807989999906605e-01
113 1 0 9.93807989999906272e-01
113 1 1 -1.11111111111110952e-01
114 0 0 -1.66666666666666435e-01
114 0 1 9.86013297183265802e-01
114 1 0 9.86013297183267690e-01
114 1 1 1.66666666666666491e-01
115 0 0 1.00000000000000000e+00
116 0 0 1.00000000000000000e+00
117 0 0 -2.00000000000000067e-01
117 0 1 9.79795897113271752e-01
117 1 0 9.79795897113272973e-01
117 1 1 2.00000000000000011e-01
118 0 0 9.99999999999999917e-02
118 0 1 9.94987437106620964e-01
118 1 0 9.94987437106619743e-01
118 1 1 -1.00000000000000158e-01
119 0 0 1.00000000000000000e+00
120 0 0 2.50000000000000049e-02
120 0 1 1.62018517460196382e-01
120 0 2 -1.33333333333333193e-01
120 0 3 1.79118210501705677e-01
120 0 4 9.35692702404657739e-01
120 0 5 -2.18501843368781479e-01
120 1 0 1.62018517460196576e-01
120 1 1 4.49999999999999623e-01
120 1 3 -1.65831239517769513e-01
120 1 4 1.47901994577490259e-01
120 1 5 8.49632273398320703e-01
120 2 0 -1.33333333333333220e-01
120 2 2 2.22222222222222543e-02
120 2 3 9.55297122675761057e-01
120 2 4 -1.21716123890036929e-01
120 2 5 2.33068632926700298e-01
120 3 0 1.79118210501705732e-01
120 3 1 -1.65831239517769791e-01
120 3 2 9.55297122675765609e-01
120 3 3 1.66666666666666421e-02
120 3 4 1.63511807252904762e-01
120 3 5 2.84637521276655953e-02
120 4 0 9.35692702404659182e-01
120 4 1 1.47901994577490620e-01
120 4 2 -1.21716123890037081e-01
120 4 3 1.63511807252904651e-01
120 4 4 -1.45833333333332954e-01
120 4 5 -1.99463980782570355e-01
120 5 0 -2.18501843368781534e-01
120 5 1 8.49632273398321591e-01
120 5 2 2.33068632926700325e-01
120 5 3 2.84637521276655883e-02
120 5 4 -1.99463980782570660e-01
120 5 5 -3.68055555555555802e-01
121 0 0 1.00000000000000000e+00
122 0 0 -4.99999999999999889e-02
122 0 1 1.73205080756887703e-01
122 0 2 2.64575131106459027e-01
122 0 3 1.36930639376291796e-01
122 0 4 -2.62202212042538185e-01
122 0 5 9.00000000000000355e-01
122 1 0 1.73205080756887869e-01
122 1 1 1.99999999999999789e-01
122 1 3 9.48683298050513768e-01
122 1 5 -1.73205080756888008e-01
122 2 0 2.64575131106459027e-01
122 2 2 6.66666666666665547e-02
122 2 4 9.24962461700776228e-01
122 2 5 2.64575131106458805e-01
122 3 0 1.36930639376291352e-01
122 3 1 9.48683298050515211e-01
122 3 3 -2.49999999999999861e-01
122 3 5 -1.36930639376291685e-01
122 4 0 -2.62202212042537686e-01
122 4 2 9.24962461700772898e-01
122 4 4 8.33333333333331761e-02
122 4 5 -2.62202212042537186e-01
122 5 0 9.00000000000000688e-01
122 5 1 -1.73205080756888036e-01
122 5 2 2.64575131106458916e-01
122 5 3 -1.36930639376291213e-01
122 5 4 -2.62202212042538130e-01
122 5 5 -4.99999999999999681e-02
123 0 0 2.49999999999999008e-02
123 0 1 1.06066017177982086e-01
123 0 2 2.99999999999998657e-01
123 0 3 1.18585412256314124e-01
123 0 4 2.06430705961192194e-02
123 0 5 9.40019342160773652e-01
123 1 0 1.06066017177981947e-01
123 1 1 -1.49999999999999883e-01
123 1 2 1.41421356237310031e-01
123 1 3 9.50328890437411755e-01
123 1 4 -1.45968552030285942e-01
123 1 5 -1.47709789175199446e-01
123 2 0 2.99999999999999489e-01
123 2 1 1.41421356237309920e-01
123 2 2 -2.00000000000000927e-01
123 2 3 1.58113883008419026e-01
123 2 4 9.08295106229248472e-01
123 3 0 1.18585412256314235e-01
123 3 1 9.50328890437409535e-01
123 3 2 1.58113883008419082e-01
123 3 3 6.25000000000000139e-02
123 3 4 -1.63197802458466934e-01
123 3 5 -1.65144564768954283e-01
123 4 0 2.06430705961192472e-02
123 4 1 -1.45968552030285859e-01
123 4 2 9.08295106229246585e-01
123 4 3 -1.63197802458466962e-01
123 4 4 2.44318181818181629e-01
123 4 5 -2.58731808559231891e-01
123 5 0 9.40019342160773430e-01
123 5 1 -1.47709789175198863e-01
123 5 3 -1.65144564768954089e-01
123 5 4 -2.58731808559231058e-01
123 5 5 1.81818181818181185e-02
124 0 0 2.00000000000000039e-01
124 0 1 9.79795897113272973e-01
124 1 0 9.79795897113271530e-01
124 1 1 -2.00000000000000039e-01
125 0 0 1.03000000000000008e-01
125 0 1 -1.60000000000000246e-02
125 0 2 -3.72290209379725415e-02
125 0 3 1.17393568818738803e-01
125 0 4 1.60565407233314278e-01
125 0 5 1.60565407233314333e-01
125 0 6 2.96279007018723006e-01
125 0 7 -7.20000000000001056e-02
125 0 8 -1.76363261480388778e-01
125 0 9 8.93496502511343160e-01
125 1 0 -1.60000000000000142e-02
125 1 1 1.86666666666666682e-02
125 1 2 1.98554778335854137e-01
125 1 3 -1.78885438199983565e-01
125 1 6 5.96284793999946050e-02
125 1 7 -1.59999999999999969e-02
125 1 8 9.40604061228743404e-01
125 1 9 1.98554778335853915e-01
125 2 0 -3.72290209379724721e-02
125 2 1 1.98554778335853915e-01
125 2 2 6.19999999999999371e-02
125 2 3 -6.93721846275582588e-02
125 2 4 1.81142209327368603e-01
125 2 5 1.81142209327368686e-01
125 2 6 -2.71182176271363429e-01
125 2 7 8.93496502511342938e-01
125 2 8 -2.21071769506482538e-02
125 2 9 1.12000000000000113e-01
125 3 0 1.17393568818738928e-01
125 3 1 -1.78885438199983371e-01
125 3 2 -6.93721846275579257e-02
125 3 3 9.37499999999997558e-01
125 3 6 -6.24999999999999653e-02
125 3 7 1.17393568818739441e-01
125 3 8 2.19089023002066619e-01
125 3 9 -6.93721846275581755e-02
125 4 0 1.60565407233313973e-01
125 4 2 1.81142209327368103e-01
125 4 4 -6.24999999999999098e-02
125 4 5 9.37499999999999112e-01
125 4 7 -1.60565407233314084e-01
125 4 9 -1.81142209327367854e-01
125 5 0 1.60565407233314417e-01
125 5 2 1.81142209327368464e-01
125 5 4 9.37499999999999334e-01
125 5 5 -6.24999999999998335e-02
125 5 7 -1.60565407233313889e-01
125 5 9 -1.81142209327367742e-01
125 6 0 2.96279007018722729e-01
125 6 1 5.96284793999944523e-02
125 6 2 -2.71182176271362541e-01
125 6 3 -6.25000000000002498e-02
125 6 6 8.16287878787880006e-01
125 6 7 2.96279007018721507e-01
125 6 8 5.97515517278361386e-02
125 6 9 -2.71182176271363817e-01
125 7 0 -7.20000000000002027e-02
125 7 1 -1.59999999999999899e-02
125 7 2 8.93496502511344159e-01
125 7 3 1.17393568818738941e-01
125 7 4 -1.60565407233313945e-01
125 7 5 -1.60565407233314250e-01
125 7 6 2.96279007018722729e-01
125 7 7 1.03000000000000078e-01
125 7 8 -1.76363261480388195e-01
125 7 9 -3.72290209379726525e-02
125 8 0 -1.76363261480389111e-01
125 8 1 9.40604061228743182e-01
125 8 2 -2.21071769506482642e-02
125 8 3 2.19089023002066230e-01
125 8 6 5.97515517278363814e-02
125 8 7 -1.76363261480388722e-01
125 8 8 2.25454545454546670e-02
125 8 9 -2.21071769506482191e-02
125 9 0 8.93496502511346158e-01
125 9 1 1.98554778335853804e-01
125 9 2 1.12000000000000224e-01
125 9 3 -6.93721846275581339e-02
125 9 4 -1.81142209327367604e-01
125 9 5 -1.81142209327368103e-01
125 9 6 -2.71182176271363262e-01
125 9 7 -3.72290209379726594e-02
125 9 8 -2.21071769506482191e-02
125 9 9 6.20000000000000412e-02
126 0 0 2.00000000000000511e-01
126 0 1 9.79795897113271752e-01
126 1 0 9.79795897113270753e-01
126 1 1 -1.99999999999999512e-01
127 0 0 2.22222222222222369e-02
127 0 1 1.21716123890036637e-01
127 0 2 2.33068632926700381e-01
127 0 3 1.33333333333333054e-01
127 0 5 9.55297122675763610e-01
127 1 0 1.21716123890036929e-01
127 1 1 -1.45833333333333592e-01
127 1 2 1.99463980782570494e-01
127 1 3 9.35692702404660626e-01
127 1 4 -1.47901994577490398e-01
127 1 5 -1.63511807252904845e-01
127 2 0 2.33068632926700547e-01
127 2 1 1.99463980782570854e-01
127 2 2 -3.68055555555554859e-01
127 2 3 2.18501843368781784e-01
127 2 4 8.49632273398322035e-01
127 2 5 2.84637521276655085e-02
127 3 0 1.33333333333333248e-01
127 3 1 9.35692702404660959e-01
127 3 2 2.18501843368781451e-01
127 3 3 2.50000000000000083e-02
127 3 4 -1.62018517460196160e-01
127 3 5 -1.79118210501705344e-01
127 4 1 -1.47901994577490342e-01
127 4 2 8.49632273398322813e-01
127 4 3 -1.62018517460196076e-01
127 4 4 4.49999999999999234e-01
127 4 5 -1.65831239517769957e-01
127 5 0 9.55297122675763610e-01
127 5 1 -1.63511807252904789e-01
127 5 2 2.84637521276655744e-02
127 5 3 -1.79118210501705316e-01
127 5 4 -1.65831239517770318e-01
127 5 5 1.66666666666666907e-02
128 0 0 -3.33333333333331594e-02
128 0 1 1.39443337755679658e-01
128 0 2 2.18465724376325582e-01
128 0 3 1.15470053837924913e-01
128 0 4 -2.17422922601843871e-01
128 0 5 9.33333333333333015e-01
128 1 0 1.39443337755679603e-01
128 1 1 1.66666666666666324e-01
128 1 3 9.66091783079299438e-01
128 1 5 -1.39443337755679159e-01
128 2 0 2.18465724376325970e-01
128 2 2 4.54545454545454489e-02
128 2 4 9.49989125644595145e-01
128 2 5 2.18465724376325970e-01
128 3 0 1.15470053837924969e-01
128 3 1 9.66091783079299216e-01
128 3 3 -1.99999999999999928e-01
128 3 5 -1.15470053837925204e-01
128 4 0 -2.17422922601843788e-01
128 4 2 9.49989125644594257e-01
128 4 4 5.45454545454546122e-02
128 4 5 -2.17422922601843344e-01
128 5 0 9.33333333333333348e-01
128 5 1 -1.39443337755679270e-01
128 5 2 2.18465724376326276e-01
128 5 3 -1.15470053837925066e-01
128 5 4 -2.17422922601843455e-01
128 5 5 -3.33333333333334786e-02
129 0 0 1.00000000000000000e+00
130 0 0 6.24999999999998265e-02
130 0 1 1.63197802458467073e-01
130 0 2 -1.18585412256314152e-01
130 0 3 1.65144564768954671e-01
130 0 4 9.50328890437410645e-01
130 0 5 -1.58113883008418526e-01
130 1 0 1.63197802458466629e-01
130 1 1 2.44318181818183155e-01
130 1 2 2.06430705961192958e-02
130 1 3 -2.58731808559231280e-01
130 1 4 1.45968552030284998e-01
130 1 5 9.08295106229247917e-01
130 2 0 -1.18585412256313985e-01
130 2 1 2.06430705961193131e-02
130 2 2 2.50000000000000222e-02
130 2 3 9.40019342160773985e-01
130 2 4 -1.06066017177981919e-01
130 2 5 3.00000000000000266e-01
130 3 0 1.65144564768954255e-01
130 3 1 -2.58731808559231446e-01
130 3 2 9.40019342160770432e-01
130 3 3 1.81818181818182052e-02
130 3 4 1.47709789175199530e-01
130 4 0 9.50328890437408424e-01
130 4 1 1.45968552030285637e-01
130 4 2 -1.06066017177981892e-01
130 4 3 1.47709789175199085e-01
130 4 4 -1.49999999999999939e-01
130 4 5 -1.41421356237309420e-01
130 5 0 -1.58113883008418138e-01
130 5 1 9.08295106229248805e-01
130 5 2 3.00000000000000822e-01
130 5 4 -1.41421356237309892e-01
130 5 5 -2.00000000000000067e-01
131 0 0 1.00000000000000000e+00
132 0 0 9.99999999999998668e-02
132 0 1 9.94987437106619743e-01
132 1 0 9.94987437106619632e-01
132 1 1 -9.99999999999999639e-02
133 0 0 -1.99999999999999817e-01
133 0 1 9.79795897113271641e-01
133 1 0 9.79795897113271752e-01
133 1 1 1.99999999999999373e-01
134 0 0 1.00000000000000000e+00
135 0 0 1.00000000000000000e+00
136 0 0 -3.33333333333333315e-01
136 0 1 9.42809041582063245e-01
136 1 0 9.42809041582063578e-01
136 1 1 3.33333333333333259e-01
137 0 0 1.11111111111111105e-01
137 0 1 9.93807989999905494e-01
137 1 0 9.93807989999904606e-01
137 1 1 -1.11111111111111160e-01
138 0 0 1.00000000000000000e+00
139 0 0 6.66666666666666796e-02
139 0 1 2.03670030886925923e-01
139 0 2 -1.39443337755679242e-01
139 0 3 2.15165741455967646e-01
139 0 4 9.23760430703401747e-01
139 0 5 -1.87082869338697111e-01
139 1 0 2.03670030886926090e-01
139 1 1 2.88888888888889084e-01
139 1 2 3.04290309725092495e-02
139 1 3 -3.28671099061089378e-01
139 1 4 1.76383420737639185e-01
139 1 5 8.57321409974111992e-01
139 2 0 -1.39443337755679131e-01
139 2 1 3.04290309725092495e-02
139 2 2 4.16666666666667060e-02
139 2 3 9.00102874778868745e-01
139 2 4 -1.20761472884911916e-01
139 2 5 3.91311896062462861e-01
139 3 0 2.15165741455967674e-01
139 3 1 -3.28671099061089378e-01
139 3 2 9.00102874778868411e-01
139 3 3 2.77777777777777901e-02
139 3 4 1.86338998124982641e-01
139 4 0 9.23760430703400193e-01
139 4 1 1.76383420737639074e-01
139 4 2 -1.20761472884911958e-01
139 4 3 1.86338998124982336e-01
139 4 4 -2.00000000000000122e-01
139 4 5 -1.62018517460196687e-01
139 5 0 -1.87082869338697111e-01
139 5 1 8.57321409974112547e-01
139 5 2 3.91311896062463249e-01
139 5 4 -1.62018517460196632e-01
139 5 5 -2.25000000000000033e-01
140 0 0 1.00000000000000000e+00
141 0 0 -6.66666666666667351e-02
141 0 1 2.10818510677891924e-01
141 0 2 1.49071198499986068e-01
141 0 3 1.63299316185545440e-01
141 0 4 -5.29150262212917943e-01
141 0 5 7.88810637746615195e-01
141 1 0 2.10818510677892340e-01
141 1 1 2.08333333333333315e-01
141 1 2 -2.94627825494394417e-02
141 1 3 9.35970975333458299e-01
141 1 4 1.04582503316759390e-01
141 1 5 -1.55902391115581129e-01
141 2 0 1.49071198499985846e-01
141 2 1 -2.94627825494394695e-02
141 2 2 1.04166666666666782e-01
141 2 3 -2.28217732293819718e-02
141 2 4 8.13460970176197562e-01
141 2 5 5.51198189805123584e-01
141 3 0 1.63299316185545246e-01
141 3 1 9.35970975333459299e-01
141 3 2 -2.28217732293819649e-02
141 3 3 -2.75000000000000244e-01
141 3 4 8.10092587300982048e-02
141 3 5 -1.20761472884911999e-01
141 4 0 -5.29150262212918165e-01
141 4 1 1.04582503316759487e-01
141 4 2 8.13460970176196785e-01
141 4 3 8.10092587300983297e-02
141 4 4 1.12500000000000100e-01
141 4 5 -1.67705098312484480e-01
141 5 0 7.88810637746616305e-01
141 5 1 -1.55902391115580879e-01
141 5 2 5.51198189805123695e-01
141 5 3 -1.20761472884911944e-01
141 5 4 -1.67705098312484202e-01
141 5 5 -8.33333333333333010e-02
142 0 0 2.22222222222222127e-02
142 0 1 1.21716123890036915e-01
142 0 2 2.33068632926700964e-01
142 0 3 1.33333333333332860e-01
142 0 5 9.55297122675764721e-01
142 1 0 1.21716123890036859e-01
142 1 1 -1.45833333333333454e-01
142 1 2 1.99463980782570299e-01
142 1 3 9.35692702404659515e-01
142 1 4 -1.47901994577490259e-01
142 1 5 -1.63511807252904956e-01
142 2 0 2.33068632926701297e-01
142 2 1 1.99463980782570299e-01
142 2 2 -3.68055555555556302e-01
142 2 3 2.18501843368781729e-01
142 2 4 8.49632273398322924e-01
142 2 5 2.84637521276655467e-02
142 3 0 1.33333333333333193e-01
142 3 1 9.35692702404661070e-01
142 3 2 2.18501843368781756e-01
142 3 3 2.50000000000000465e-02
142 3 4 -1.62018517460196410e-01
142 3 5 -1.79118210501705538e-01
142 4 1 -1.47901994577490453e-01
142 4 2 8.49632273398322480e-01
142 4 3 -1.62018517460196521e-01
142 4 4 4.50000000000000289e-01
142 4 5 -1.65831239517769652e-01
142 5 0 9.55297122675765609e-01
142 5 1 -1.63511807252904873e-01
142 5 2 2.84637521276656022e-02
142 5 3 -1.79118210501705566e-01
142 5 4 -1.65831239517770068e-01
142 5 5 1.66666666666666699e-02
143 0 0 7.16049382716050370e-02
143 0 1 -1.46076044027151040e-02
143 0 2 -5.52115549999947774e-02
143 0 3 1.77777777777778145e-01
143 0 4 1.44016459964618898e-01
143 0 5 1.44016459964619009e-01
143 0 6 2.00000000000000261e-01
143 0 7 -6.53271928657923884e-02
143 0 8 -3.06411694962737624e-01
143 0 9 8.83384879999916994e-01
143 1 0 -1.46076044027151127e-02
143 1 1 2.23765432098765281e-02
143 1 2 1.63317982164480957e-01
143 1 3 -1.80769104483599508e-01
143 1 4 5.32508042018912109e-02
143 1 5 5.32508042018911901e-02
143 1 6 7.39509972887451988e-02
143 1 7 -2.41550553124977169e-02
143 1 8 9.06378016937167352e-01
143 1 9 3.26635964328961359e-01
143 2 0 -5.52115549999948538e-02
143 2 1 1.63317982164480874e-01
143 2 2 1.58950617283950629e-01
143 2 3 -3.10564996874970536e-02
143 2 4 2.01269121474853485e-01
143 2 5 2.01269121474853263e-01
143 2 6 -5.59016994374947784e-01
143 2 7 7.30380220135755098e-01
143 2 8 -4.28223361898506724e-02
143 2 9 1.23456790123456686e-01
143 3 0 1.77777777777777923e-01
143 3 1 -1.80769104483599119e-01
143 3 2 -3.10564996874971404e-02
143 3 3 9.24999999999999600e-01
143 3 6 -7.50000000000000944e-02
143 3 7 7.34930919740162392e-02
143 3 8 2.41299209783155638e-01
143 3 9 -9.93807989999907770e-02
143 4 0 1.44016459964619120e-01
143 4 1 5.32508042018911415e-02
143 4 2 2.01269121474852958e-01
143 4 4 -7.49999999999999833e-02
143 4 5 9.25000000000002043e-01
143 4 6 1.04154761224411987e-01
143 4 7 -1.70103454359942896e-01
143 4 8 -3.19142369252112534e-02
143 4 9 -1.84017482491294709e-01
143 5 0 1.44016459964619009e-01
143 5 1 5.32508042018911554e-02
143 5 2 2.01269121474853235e-01
143 5 4 9.24999999999999600e-01
143 5 5 -7.50000000000000527e-02
143 5 6 1.04154761224412126e-01
143 5 7 -1.70103454359943063e-01
143 5 8 -3.19142369252112604e-02
143 5 9 -1.84017482491294682e-01
143 6 0 1.99999999999999983e-01
143 6 1 7.39509972887451850e-02
143 6 2 -5.59016994374947673e-01
143 6 3 -7.50000000000000250e-02
143 6 4 1.04154761224412140e-01
143 6 5 1.04154761224412251e-01
143 6 6 5.66071428571429225e-01
143 6 7 5.19701150387687938e-01
143 6 8 8.86405260427917535e-02
143 6 9 -1.27775312999987928e-01
143 7 0 -6.53271928657922912e-02
143 7 1 -2.41550553124977307e-02
143 7 2 7.30380220135756653e-01
143 7 3 7.34930919740162808e-02
143 7 4 -1.70103454359942730e-01
143 7 5 -1.70103454359942979e-01
143 7 6 5.19701150387687827e-01
143 7 7 3.36419753086420414e-01
143 7 8 -1.15812734810455037e-01
143 7 9 -4.17360125791860909e-02
143 8 0 -3.06411694962737624e-01
143 8 1 9.06378016937168574e-01
143 8 2 -4.28223361898506724e-02
143 8 3 2.41299209783155832e-01
143 8 4 -3.19142369252112951e-02
143 8 5 -3.19142369252112812e-02
143 8 6 8.86405260427919339e-02
143 8 7 -1.15812734810455009e-01
143 8 8 2.90123456790123413e-02
143 8 9 -1.95759251153603091e-02
143 9 0 8.83384879999916772e-01
143 9 1 3.26635964328962192e-01
143 9 2 1.23456790123456950e-01
143 9 3 -9.93807989999906938e-02
143 9 4 -1.84017482491294487e-01
143 9 5 -1.84017482491294598e-01
143 9 6 -1.27775312999988205e-01
143 9 7 -4.17360125791860215e-02
143 9 8 -1.95759251153603056e-02
143 9 9 4.05643738977071941e-02
144 0 0 1.66666666666667018e-01
144 0 1 9.86013297183271020e-01
144 1 0 9.86013297183270576e-01
144 1 1 -1.66666666666666741e-01
145 0 0 2.08333333333333495e-02
145 0 1 1.35015431216830517e-01
145 0 2 1.87500000000000028e-01
145 0 3 1.42318760638327740e-01
145 0 4 9.62250448649375145e-01
145 1 0 1.35015431216830517e-01
145 1 1 -1.25000000000000000e-01
145 1 2 2.89318781178922457e-01
145 1 3 9.22330984215777194e-01
145 1 4 -1.78174161274949422e-01
145 2 0 1.87500000000000194e-01
145 2 1 2.89318781178922346e-01
145 2 2 -8.83928571428571730e-01
145 2 3 3.04968772796416654e-01
145 2 4 8.24786098842321819e-02
145 3 0 1.42318760638327685e-01
145 3 1 9.22330984215777194e-01
145 3 2 3.04968772796416876e-01
145 3 3 -2.77777777777777589e-02
145 3 4 -1.87812056606336986e-01
145 4 0 9.62250448649376589e-01
145 4 1 -1.78174161274949699e-01
145 4 2 8.24786098842322651e-02
145 4 3 -1.87812056606337013e-01
145 4 4 1.58730158730158791e-02
146 0 0 -4.16666666666667754e-02
146 0 1 1.61374306091975922e-01
146 0 2 1.49403576166799307e-01
146 0 3 1.31761569173682369e-01
146 0 4 -3.72677996249964061e-01
146 0 5 8.90870806374748248e-01
146 1 0 1.61374306091975978e-01
146 1 1 1.74999999999999961e-01
146 1 2 -2.31455024943137411e-02
146 1 3 9.59383482590076442e-01
146 1 4 5.77350269189626092e-02
146 1 5 -1.38013111868471178e-01
146 2 0 1.49403576166799279e-01
146 2 1 -2.31455024943137688e-02
146 2 2 6.42857142857141683e-02
146 2 3 -1.88982236504614577e-02
146 2 4 9.08688222502244791e-01
146 2 5 3.83325938999965588e-01
146 3 0 1.31761569173682341e-01
146 3 1 9.59383482590076664e-01
146 3 2 -1.88982236504613849e-02
146 3 3 -2.16666666666666979e-01
146 3 4 4.71404520791033413e-02
146 3 5 -1.12687233963802355e-01
146 4 0 -3.72677996249965116e-01
146 4 1 5.77350269189625606e-02
146 4 2 9.08688222502246457e-01
146 4 3 4.71404520791032372e-02
146 4 4 6.66666666666669433e-02
146 4 5 -1.59363814577919150e-01
146 5 0 8.90870806374749358e-01
146 5 1 -1.38013111868470401e-01
146 5 2 3.83325938999964755e-01
146 5 3 -1.12687233963802591e-01
146 5 4 -1.59363814577919177e-01
146 5 5 -4.76190476190476927e-02
147 0 0 9.99999999999999084e-02
147 0 1 1.85164019954510289e-01
147 0 2 -1.05409255338946115e-01
147 0 3 1.91485421551268076e-01
147 0 4 9.46729262406257766e-01
147 0 5 -1.07889812495024912e-01
147 1 0 1.85164019954510123e-01
147 1 1 1.28571428571428503e-01
147 1 2 4.87950036474267684e-02
147 1 3 -5.31843156256751937e-01
147 1 4 1.59363814577919094e-01
147 1 5 7.99092455748685593e-01
147 2 0 -1.05409255338945823e-01
147 2 1 4.87950036474265880e-02
147 2 2 5.55555555555555594e-02
147 2 3 8.07373427759331741e-01
147 2 4 -9.07218423253029760e-02
147 2 5 5.68629239687954757e-01
147 3 0 1.91485421551267965e-01
147 3 1 -5.31843156256750493e-01
147 3 2 8.07373427759331741e-01
147 3 3 3.33333333333333537e-02
147 3 4 1.64804410824347908e-01
147 3 5 -1.87812056606337097e-02
147 4 0 9.46729262406259986e-01
147 4 1 1.59363814577919038e-01
147 4 2 -9.07218423253029344e-02
147 4 3 1.64804410824348435e-01
147 4 4 -1.85185185185184925e-01
147 4 5 -9.28567660041495907e-02
147 5 0 -1.07889812495024828e-01
147 5 1 7.99092455748686481e-01
147 5 2 5.68629239687954757e-01
147 5 3 -1.87812056606337131e-02
147 5 4 -9.28567660041495629e-02
147 5 5 -1.32275132275132046e-01
148 0 0 1.00000000000000000e+00
149 0 0 -3.33333333333334259e-01
149 0 1 9.42809041582066909e-01
149 1 0 9.42809041582066798e-01
149 1 1 3.33333333333333814e-01
150 0 0 1.00000000000000000e+00
151 0 0 1.00000000000000000e+00
152 0 0 -1.00000000000000000e+00
153 0 0 1.25000000000000056e-01
153 0 1 9.92156741649220741e-01
153 1 0 9.92156741649220519e-01
153 1 1 -1.24999999999999875e-01
154 0 0 1.25000000000000028e-01
154 0 1 2.65165042944955520e-01
154 0 2 2.65165042944954910e-01
154 0 3 9.18558653543692927e-01
154 1 0 2.65165042944955354e-01
154 1 1 6.24999999999999722e-02
154 1 2 -9.37500000000000444e-01
154 1 3 2.16506350946109705e-01
154 2 0 2.65165042944955354e-01
154 2 1 -9.37500000000000222e-01
154 2 2 6.25000000000000416e-02
154 2 3 2.16506350946109705e-01
154 3 0 9.18558653543691706e-01
154 3 1 2.16506350946109760e-01
154 3 2 2.16506350946109510e-01
154 3 3 -2.49999999999999861e-01
155 0 0 1.00000000000000000e+00
156 0 0 2.08333333333333391e-02
156 0 1 1.35015431216830295e-01
156 0 2 1.87500000000000056e-01
156 0 3 1.42318760638327685e-01
156 0 4 9.62250448649377144e-01
156 1 0 1.35015431216830378e-01
156 1 1 -1.24999999999999972e-01
156 1 2 2.89318781178922346e-01
156 1 3 9.22330984215778527e-01
156 1 4 -1.78174161274949894e-01
156 2 0 1.87500000000000083e-01
156 2 1 2.89318781178922180e-01
156 2 2 -8.83928571428572729e-01
156 2 3 3.04968772796416931e-01
156 2 4 8.24786098842322374e-02
156 3 0 1.42318760638327713e-01
156 3 1 9.22330984215776750e-01
156 3 2 3.04968772796416487e-01
156 3 3 -2.77777777777778005e-02
156 3 4 -1.87812056606337152e-01
156 4 0 9.62250448649376144e-01
156 4 1 -1.78174161274949616e-01
156 4 2 8.24786098842321541e-02
156 4 3 -1.87812056606336930e-01
156 4 4 1.58730158730158652e-02
157 0 0 6.24999999999999861e-02
157 0 1 -1.58466422761596892e-01
157 0 2 2.79508497187473670e-01
157 0 3 -9.44911182523068383e-01
157 1 0 -1.58466422761596865e-01
157 1 1 9.73214285714285920e-01
157 1 2 4.72455591261534275e-02
157 1 3 -1.59719141249984986e-01
157 2 0 2.79508497187473670e-01
157 2 1 4.72455591261534205e-02
157 2 2 9.16666666666666741e-01
157 2 3 2.81718084909505451e-01
157 3 0 -9.44911182523067494e-01
157 3 1 -1.59719141249984931e-01
157 3 2 2.81718084909505617e-01
157 3 3 4.76190476190476095e-02
158 0 0 1.42857142857142821e-01
158 0 1 9.89743318610788680e-01
158 1 0 9.89743318610787681e-01
158 1 1 -1.42857142857142988e-01
159 0 0 -7.14285714285714524e-02
159 0 1 1.88982236504613543e-01
159 0 2 1.54303349962091857e-01
159 0 3 -9.67147429123328295e-01
159 1 0 1.88982236504613682e-01
159 1 1 1.66666666666666741e-01
159 1 2 9.52579344415680040e-01
159 1 3 1.70588771906386383e-01
159 2 0 1.54303349962091829e-01
159 2 1 9.52579344415678042e-01
159 2 2 -2.22222222222222376e-01
159 2 3 1.39285149006224129e-01
159 3 0 -9.67147429123328406e-01
159 3 1 1.70588771906386466e-01
159 3 2 1.39285149006224129e-01
159 3 3 1.26984126984126977e-01
160 0 0 1.00000000000000000e+00
161 0 0 -1.00000000000000000e+00
162 0 0 1.66666666666666546e-01
162 0 1 9.52579344415679374e-01
162 0 2 -1.70588771906386244e-01
162 0 3 -1.88982236504613738e-01
162 1 0 9.52579344415681151e-01
162 1 1 -2.22222222222222265e-01
162 1 2 -1.39285149006224074e-01
162 1 3 -1.54303349962091996e-01
162 2 0 -1.70588771906386188e-01
162 2 1 -1.39285149006224213e-01
162 2 2 1.26984126984127116e-01
162 2 3 -9.67147429123329405e-01
162 3 0 -1.88982236504613460e-01
162 3 1 -1.54303349962091912e-01
162 3 2 -9.67147429123328628e-01
162 3 3 -7.14285714285714246e-02
163 0 0 -1.66666666666666741e-01
163 0 1 9.62250448649375256e-01
163 0 2 -1.53522062157279232e-01
163 0 3 -1.50755672288882064e-01
163 1 0 9.62250448649377033e-01
163 1 1 1.11111111111111327e-01
163 1 2 -1.77272007826103556e-01
163 1 3 -1.74077655955697908e-01
163 2 0 -1.53522062157279565e-01
163 2 1 -1.77272007826103611e-01
163 2 2 1.01010101010100845e-02
163 2 3 -9.72061511051239280e-01
163 3 0 -1.50755672288882009e-01
163 3 1 -1.74077655955698102e-01
163 3 2 -9.72061511051239391e-01
163 3 3 4.54545454545454072e-02
164 0 0 4.99999999999999722e-01
164 0 1 8.66025403784438930e-01
164 1 0 8.66025403784438597e-01
164 1 1 -5.00000000000000000e-01
165 0 0 1.66666666666666421e-02
165 0 1 4.90535421758715118e-01
165 0 2 -1.31468439624436162e-01
165 0 3 -8.24022054121740094e-02
165 0 4 -8.24022054121741204e-02
165 0 5 7.51248226425348525e-02
165 0 6 -9.44911182523068549e-03
165 0 7 8.41872912024136055e-01
165 0 8 1.17260393995585743e-01
165 1 0 4.90535421758714729e-01
165 1 1 2.08333333333333079e-02
165 1 2 -9.21284663987611829e-02
165 1 3 1.46986183948032867e-01
165 1 4 1.46986183948033089e-01
165 1 5 -8.37531512716008057e-03
165 1 6 8.34322329798260598e-01
165 1 7 -1.19182823655698926e-02
165 1 8 1.04582503316759556e-01
165 2 0 -1.31468439624436051e-01
165 2 1 -9.21284663987611135e-02
165 2 2 9.44444444444441644e-01
165 2 5 -5.55555555555555941e-02
165 2 6 1.86338998124982530e-01
165 2 7 2.10818510677891785e-01
165 3 0 -8.24022054121741343e-02
165 3 1 1.46986183948032728e-01
165 3 3 -5.55555555555554345e-02
165 3 4 9.44444444444444087e-01
165 3 5 -2.02596580372689683e-01
165 3 6 -9.34353184302313261e-02
165 3 7 4.20437482591261638e-02
165 3 8 -1.58113883008418943e-01
165 4 0 -8.24022054121740510e-02
165 4 1 1.46986183948032784e-01
165 4 3 9.44444444444443976e-01
165 4 4 -5.55555555555554900e-02
165 4 5 -2.02596580372689322e-01
165 4 6 -9.34353184302312983e-02
165 4 7 4.20437482591261708e-02
165 4 8 -1.58113883008418915e-01
165 5 0 7.51248226425347693e-02
165 5 1 -8.37531512716010486e-03
165 5 2 -5.55555555555555455e-02
165 5 3 -2.02596580372689766e-01
165 5 4 -2.02596580372690044e-01
165 5 5 -2.61904761904762251e-01
165 5 6 1.33099284374987692e-01
165 5 7 1.05409255338946031e-01
165 5 8 -9.00937462695557856e-01
165 6 0 -9.44911182523067335e-03
165 6 1 8.34322329798261153e-01
165 6 2 1.86338998124982586e-01
165 6 3 -9.34353184302313677e-02
165 6 4 -9.34353184302314788e-02
165 6 5 1.33099284374987470e-01
165 6 6 4.10714285714286059e-02
165 6 7 -4.77297077300919970e-01
165 6 8 -6.64803945320938394e-02
165 7 0 8.41872912024136388e-01
165 7 1 -1.19182823655699047e-02
165 7 2 2.10818510677891757e-01
165 7 3 4.20437482591260528e-02
165 7 4 4.20437482591260597e-02
165 7 5 1.05409255338945879e-01
165 7 6 -4.77297077300920303e-01
165 7 7 2.50000000000000118e-02
165 7 8 -5.98293026413097354e-02
165 8 0 1.17260393995585716e-01
165 8 1 1.04582503316759515e-01
165 8 3 -1.58113883008418971e-01
165 8 4 -1.58113883008419082e-01
165 8 5 -9.00937462695559410e-01
165 8 6 -6.64803945320938672e-02
165 8 7 -5.98293026413099366e-02
165 8 8 3.25000000000000788e-01
166 0 0 5.00000000000000111e-01
166 0 1 8.66025403784441705e-01
166 1 0 8.66025403784441039e-01
166 1 1 -4.99999999999999889e-01
167 0 0 5.55555555555555525e-02
167 0 1 9.07218423253029899e-02
167 0 2 5.68629239687954979e-01
167 0 3 1.05409255338945906e-01
167 0 4 4.87950036474266644e-02
167 0 5 8.07373427759332185e-01
167 1 0 9.07218423253027678e-02
167 1 1 -1.85185185185185369e-01
167 1 2 9.28567660041495629e-02
167 1 3 9.46729262406256100e-01
167 1 4 -1.59363814577919261e-01
167 1 5 -1.64804410824347963e-01
167 2 0 5.68629239687954091e-01
167 2 1 9.28567660041493270e-02
167 2 2 -1.32275132275132323e-01
167 2 3 1.07889812495025036e-01
167 2 4 7.99092455748685926e-01
167 2 5 -1.87812056606337340e-02
167 3 0 1.05409255338945795e-01
167 3 1 9.46729262406256100e-01
167 3 2 1.07889812495024953e-01
167 3 3 9.99999999999999778e-02
167 3 4 -1.85164019954510151e-01
167 3 5 -1.91485421551267909e-01
167 4 0 4.87950036474266088e-02
167 4 1 -1.59363814577919066e-01
167 4 2 7.99092455748687147e-01
167 4 3 -1.85164019954510234e-01
167 4 4 1.28571428571428698e-01
167 4 5 -5.31843156256751159e-01
167 5 0 8.07373427759332740e-01
167 5 1 -1.64804410824348102e-01
167 5 2 -1.87812056606337478e-02
167 5 3 -1.91485421551267687e-01
167 5 4 -5.31843156256750715e-01
167 5 5 3.33333333333333467e-02
168 0 0 -5.55555555555556635e-02
168 0 1 1.01430103241697600e-01
168 0 2 5.66392618753436494e-01
168 0 3 8.54981960070959474e-02
168 0 4 -1.01817612210755706e-01
168 0 5 8.05076485899413496e-01
168 1 0 1.01430103241697558e-01
168 1 1 1.48148148148148140e-01
168 1 2 2.95453346376839850e-02
168 1 3 9.67805338634416423e-01
168 1 4 -9.29463382652403469e-02
168 1 5 -1.46986183948032673e-01
168 2 0 5.66392618753436383e-01
168 2 1 2.95453346376839676e-02
168 2 2 7.40740740740742781e-02
168 2 3 2.49045670980791757e-02
168 2 4 8.15600808215987683e-01
168 2 5 8.37531512716009757e-02
168 3 0 8.54981960070958502e-02
168 3 1 9.67805338634416312e-01
168 3 2 2.49045670980791688e-02
168 3 3 -1.84210526315788714e-01
168 3 4 -7.83469994919272772e-02
168 3 5 -1.23898656945837890e-01
168 4 0 -1.01817612210755915e-01
168 4 1 -9.29463382652404579e-02
168 4 2 8.15600808215988571e-01
168 4 3 -7.83469994919273327e-02
168 4 4 5.92105263157893941e-02
168 4 5 -5.53304016728804915e-01
168 5 0 8.05076485899414274e-01
168 5 1 -1.46986183948032867e-01
168 5 2 8.37531512716008786e-02
168 5 3 -1.23898656945838154e-01
168 5 4 -5.53304016728804804e-01
168 5 5 -4.16666666666667407e-02
169 0 0 1.00000000000000000e+00
170 0 1 1.13960576459637933e-01
170 0 2 -1.19522860933439612e-01
170 0 3 1.50755672288881593e-01
170 0 4 9.48683298050519985e-01
170 0 5 -2.23606797749978936e-01
170 1 0 1.13960576459638210e-01
170 1 1 6.49350649350648013e-01
170 1 2 -1.36208941320799023e-02
170 1 3 -8.59010165930064462e-02
170 1 4 1.08112495523467078e-01
170 1 5 7.38988427584556962e-01
170 2 0 -1.19522860933439612e-01
170 2 1 -1.36208941320798849e-02
170 2 2 1.42857142857142835e-02
170 2 3 9.73012459711206867e-01
170 2 4 -1.13389341902768365e-01
170 2 5 1.60356745147454322e-01
170 3 0 1.50755672288882120e-01
170 3 1 -8.59010165930066127e-02
170 3 2 9.73012459711205424e-01
170 3 3 1.13636363636363657e-02
170 3 4 1.43019388386838614e-01
170 3 5 5.05649896847431973e-02
170 4 0 9.48683298050519208e-01
170 4 1 1.08112495523467037e-01
170 4 2 -1.13389341902768115e-01
170 4 3 1.43019388386838503e-01
170 4 4 -9.99999999999998251e-02
170 4 5 -2.12132034355964116e-01
170 5 0 -2.23606797749978992e-01
170 5 1 7.38988427584557517e-01
170 5 2 1.60356745147454460e-01
170 5 3 5.05649896847432459e-02
170 5 4 -2.12132034355964449e-01
170 5 5 -5.75000000000000955e-01
171 0 0 1.00000000000000000e+00
172 0 0 1.00000000000000186e-01
172 0 1 9.94987437106619521e-01
172 1 0 9.94987437106620409e-01
172 1 1 -1.00000000000000075e-01
173 0 0 -1.25000000000000527e-01
173 0 1 9.92156741649223850e-01
173 1 0 9.92156741649222962e-01
173 1 1 1.24999999999999695e-01
174 0 0 1.00000000000000000e+00
175 0 0 -1.42857142857142766e-01
175 0 1 9.89743318610787459e-01
175 1 0 9.89743318610788791e-01
175 1 1 1.42857142857142655e-01
176 0 0 9.09090909090911059e-02
176 0 1 9.95859195463939306e-01
176 1 0 9.95859195463936531e-01
176 1 1 -9.09090909090907173e-02
177 0 0 1.00000000000000000e+00
178 0 1 1.13960576459637725e-01
178 0 2 -1.19522860933439293e-01
178 0 3 1.50755672288881509e-01
178 0 4 9.48683298050514212e-01
178 0 5 -2.23606797749978631e-01
178 1 0 1.13960576459637822e-01
178 1 1 6.49350649350649123e-01
178 1 2 -1.36208941320798919e-02
178 1 3 -8.59010165930061825e-02
178 1 4 1.08112495523467245e-01
178 1 5 7.38988427584556296e-01
178 2 0 -1.19522860933439445e-01
178 2 1 -1.36208941320798606e-02
178 2 2 1.42857142857143078e-02
178 2 3 9.73012459711202871e-01
178 2 4 -1.13389341902768309e-01
178 2 5 1.60356745147454627e-01
178 3 0 1.50755672288881509e-01
178 3 1 -8.59010165930060854e-02
178 3 2 9.73012459711203093e-01
178 3 3 1.13636363636364021e-02
178 3 4 1.43019388386838697e-01
178 3 5 5.05649896847432112e-02
178 4 0 9.48683298050515544e-01
178 4 1 1.08112495523466939e-01
178 4 2 -1.13389341902768087e-01
178 4 3 1.43019388386839030e-01
178 4 4 -1.00000000000000019e-01
178 4 5 -2.12132034355964560e-01
178 5 0 -2.23606797749978853e-01
178 5 1 7.38988427584556740e-01
178 5 2 1.60356745147454627e-01
178 5 3 5.05649896847431973e-02
178 5 4 -2.12132034355964005e-01
178 5 5 -5.75000000000001288e-01
179 0 0 1.00000000000000000e+00
180 0 0 -4.76190476190476650e-02
180 0 1 1.38013111868470900e-01
180 0 2 3.83325938999964866e-01
180 0 3 1.12687233963802286e-01
180 0 4 -1.59363814577918733e-01
180 0 5 8.90870806374748136e-01
180 1 0 1.38013111868470983e-01
180 1 1 1.75000000000000044e-01
180 1 2 2.31455024943138070e-02
180 1 3 9.59383482590076331e-01
180 1 4 -5.77350269189625120e-02
180 1 5 -1.61374306091975700e-01
180 2 0 3.83325938999964144e-01
180 2 1 2.31455024943137515e-02
180 2 2 6.42857142857142932e-02
180 2 3 1.88982236504613189e-02
180 2 4 9.08688222502241016e-01
180 2 5 1.49403576166799362e-01
180 3 0 1.12687233963802494e-01
180 3 1 9.59383482590078440e-01
180 3 2 1.88982236504613432e-02
180 3 3 -2.16666666666666619e-01
180 3 4 -4.71404520791030915e-02
180 3 5 -1.31761569173682758e-01
180 4 0 -1.59363814577919344e-01
180 4 1 -5.77350269189625467e-02
180 4 2 9.08688222502245346e-01
180 4 3 -4.71404520791032858e-02
180 4 4 6.66666666666666796e-02
180 4 5 -3.72677996249964394e-01
180 5 0 8.90870806374748248e-01
180 5 1 -1.61374306091975589e-01
180 5 2 1.49403576166799307e-01
180 5 3 -1.31761569173682480e-01
180 5 4 -3.72677996249964283e-01
180 5 5 -4.16666666666666644e-02
181 0 0 3.03030303030303594e-02
181 0 1 8.92999532961364501e-02
181 0 2 3.98793853544728738e-01
181 0 3 1.00503781525921099e-01
181 0 4 3.55334527259352634e-02
181 0 5 9.05928844174349046e-01
181 1 0 8.92999532961366305e-02
181 1 1 -1.44736842105262831e-01
181 1 2 9.79337493649092977e-02
181 1 3 9.62566926358528030e-01
181 1 4 -1.30891846341154278e-01
181 1 5 -1.33484015732747791e-01
181 2 0 3.98793853544729293e-01
181 2 1 9.79337493649093949e-02
181 2 2 -1.25149521531100372e-01
181 2 3 1.10220798408983925e-01
181 2 4 8.96285550802059072e-01
181 2 5 -1.52848746263912014e-02
181 3 0 1.00503781525920946e-01
181 3 1 9.62566926358528807e-01
181 3 2 1.10220798408984064e-01
181 3 3 8.33333333333333703e-02
181 3 4 -1.47313912747197406e-01
181 3 5 -1.50231303144333306e-01
181 4 0 3.55334527259352564e-02
181 4 1 -1.30891846341154694e-01
181 4 2 8.96285550802059960e-01
181 4 3 -1.47313912747197129e-01
181 4 4 1.35416666666667268e-01
181 4 5 -3.71803506199473888e-01
181 5 0 9.05928844174346271e-01
181 5 1 -1.33484015732747485e-01
181 5 2 -1.52848746263911563e-02
181 5 3 -1.50231303144333223e-01
181 5 4 -3.71803506199473388e-01
181 5 5 2.08333333333334120e-02
182 0 0 2.50000000000000056e-01
182 0 1 9.68245836551852701e-01
182 1 0 9.68245836551853922e-01
182 1 1 -2.49999999999999445e-01
183 0 0 1.68831168831169193e-01
183 0 1 -1.74239063181802420e-02
183 0 2 -3.08014057808608487e-02
183 0 3 7.20749970156448760e-02
183 0 4 1.52894157431287731e-01
183 0 5 1.52894157431287869e-01
183 0 6 4.14431232839957531e-01
183 0 7 -6.49350649350649289e-02
183 0 8 -1.17063353099480238e-01
183 0 9 8.53593596111945074e-01
183 1 0 -1.74239063181802385e-02
183 1 1 1.52597402597402839e-02
183 1 2 2.47946533662815327e-01
183 1 3 -1.57135477984949062e-01
183 1 4 -3.41881729378913438e-02
183 1 5 -3.41881729378913854e-02
183 1 6 4.83493778415228503e-02
183 1 7 -1.08899414488626105e-02
183 1 8 9.42341814736195382e-01
183 1 9 1.43151997954861249e-01
183 2 0 -3.08014057808608972e-02
183 2 1 2.47946533662815799e-01
183 2 2 3.20616883116883883e-02
183 2 3 -8.54704323447283143e-02
183 2 4 1.51091805754758057e-01
183 2 5 1.51091805754758973e-01
183 2 6 -1.38889452560183507e-01
183 2 7 9.24042173425828284e-01
183 2 8 -1.38820059874083367e-02
183 2 9 1.01223748494285296e-01
183 3 0 7.20749970156450009e-02
183 3 1 -1.57135477984948951e-01
183 3 2 -8.54704323447284670e-02
183 3 3 9.49999999999999512e-01
183 3 6 -4.99999999999999750e-02
183 3 7 1.35140619404333723e-01
183 3 8 1.94902573064115597e-01
183 3 9 -3.94771016975861561e-02
183 4 0 1.52894157431287592e-01
183 4 1 -3.41881729378914687e-02
183 4 2 1.51091805754758668e-01
183 4 4 -5.00000000000000513e-02
183 4 5 9.49999999999995626e-01
183 4 6 -5.30330085889909458e-02
183 4 7 -1.27411797859406206e-01
183 4 8 2.29694885140570987e-02
183 4 9 -1.67487157871723746e-01
183 5 0 1.52894157431287786e-01
183 5 1 -3.41881729378914340e-02
183 5 2 1.51091805754758918e-01
183 5 4 9.49999999999996514e-01
183 5 5 -4.99999999999999820e-02
183 5 6 -5.30330085889908903e-02
183 5 7 -1.27411797859406484e-01
183 5 8 2.29694885140571646e-02
183 5 9 -1.67487157871724579e-01
183 6 0 4.14431232839958197e-01
183 6 1 4.83493778415228087e-02
183 6 2 -1.38889452560183507e-01
183 6 3 -4.99999999999998918e-02
183 6 4 -5.30330085889910499e-02
183 6 5 -5.30330085889909944e-02
183 6 6 7.68750000000003486e-01
183 6 7 1.80187492539111815e-01
183 6 8 5.68465838103670365e-02
183 6 9 -4.14509567824654257e-01
183 7 0 -6.49350649350647346e-02
183 7 1 -1.08899414488626139e-02
183 7 2 9.24042173425828395e-01
183 7 3 1.35140619404333751e-01
183 7 4 -1.27411797859406345e-01
183 7 5 -1.27411797859406650e-01
183 7 6 1.80187492539111760e-01
183 7 7 5.03246753246751333e-02
183 7 8 -2.34126706198960005e-01
183 7 9 -3.55663998379979127e-02
183 8 0 -1.17063353099480141e-01
183 8 1 9.42341814736194938e-01
183 8 2 -1.38820059874083523e-02
183 8 3 1.94902573064115597e-01
183 8 4 2.29694885140571958e-02
183 8 5 2.29694885140571368e-02
183 8 6 5.68465838103669185e-02
183 8 7 -2.34126706198960532e-01
183 8 8 1.86688311688311716e-02
183 8 9 -2.56472956599109597e-02
183 9 0 8.53593596111944408e-01
183 9 1 1.43151997954860832e-01
183 9 2 1.01223748494285046e-01
183 9 3 -3.94771016975861005e-02
183 9 4 -1.67487157871724024e-01
183 9 5 -1.67487157871724496e-01
183 9 6 -4.14509567824653480e-01
183 9 7 -3.55663998379978571e-02
183 9 8 -2.56472956599109458e-02
183 9 9 9.61038961038959971e-02
184 0 0 2.49999999999999806e-01
184 0 1 9.68245836551853367e-01
184 1 0 9.68245836551853367e-01
184 1 1 -2.50000000000001055e-01
185 0 0 2.50000000000000534e-02
185 0 1 1.06066017177981989e-01
185 0 2 2.99999999999999822e-01
185 0 3 1.18585412256314485e-01
185 0 4 2.06430705961192576e-02
185 0 5 9.40019342160766991e-01
185 1 0 1.06066017177982239e-01
185 1 1 -1.50000000000000189e-01
185 1 2 1.41421356237309614e-01
185 1 3 9.50328890437410312e-01
185 1 4 -1.45968552030285748e-01
185 1 5 -1.47709789175199668e-01
185 2 0 2.99999999999999600e-01
185 2 1 1.41421356237309254e-01
185 2 2 -2.00000000000000039e-01
185 2 3 1.58113883008418693e-01
185 2 4 9.08295106229250138e-01
185 3 0 1.18585412256314457e-01
185 3 1 9.50328890437412088e-01
185 3 2 1.58113883008418554e-01
185 3 3 6.24999999999999653e-02
185 3 4 -1.63197802458467212e-01
185 3 5 -1.65144564768954366e-01
185 4 0 2.06430705961193409e-02
185 4 1 -1.45968552030285303e-01
185 4 2 9.08295106229252025e-01
185 4 3 -1.63197802458467045e-01
185 4 4 2.44318181818181240e-01
185 4 5 -2.58731808559231224e-01
185 5 0 9.40019342160763771e-01
185 5 1 -1.47709789175199668e-01
185 5 3 -1.65144564768954449e-01
185 5 4 -2.58731808559231724e-01
185 5 5 1.81818181818181740e-02
186 0 0 -3.12500000000001943e-02
186 0 1 1.18585412256314054e-01
186 0 2 2.93483922046847923e-01
186 0 3 1.00222965717159385e-01
186 0 4 -1.44659390589461589e-01
186 0 5 9.31588505112177612e-01
186 1 0 1.18585412256314096e-01
186 1 1 1.50000000000000799e-01
186 1 2 1.76776695296637226e-02
186 1 3 9.71927392937791512e-01
186 1 4 -3.65962527355698855e-02
186 1 5 -1.30930734141595451e-01
186 2 0 2.93483922046847978e-01
186 2 1 1.76776695296637192e-02
186 2 2 4.37499999999999278e-02
186 2 3 1.49403576166799931e-02
186 2 4 9.44527234349848643e-01
186 2 5 1.38873014965882918e-01
186 3 0 1.00222965717159301e-01
186 3 1 9.71927392937792067e-01
186 3 2 1.49403576166800035e-02
186 3 3 -1.78571428571429575e-01
186 3 4 -3.09294787065870873e-02
186 3 5 -1.10656667034498002e-01
186 4 0 -1.44659390589461423e-01
186 4 1 -3.65962527355699549e-02
186 4 2 9.44527234349846756e-01
186 4 3 -3.09294787065870942e-02
186 4 4 4.46428571428569634e-02
186 4 5 -2.87494454249972664e-01
186 5 0 9.31588505112176724e-01
186 5 1 -1.30930734141595589e-01
186 5 2 1.38873014965882752e-01
186 5 3 -1.10656667034497933e-01
186 5 4 -2.87494454249972775e-01
186 5 5 -2.85714285714285671e-02
187 0 0 1.00000000000000000e+00
188 0 0 3.33333333333332288e-02
188 0 1 1.41421356237309420e-01
188 0 2 -1.12366643743873507e-01
188 0 3 1.43648601228556022e-01
188 0 4 9.56680769764973737e-01
188 0 5 -1.74326160944393377e-01
188 1 0 1.41421356237309531e-01
188 1 1 3.50000000000002587e-01
188 1 3 -1.52362350055010837e-01
188 1 4 1.30930734141595700e-01
188 1 5 9.03959543974650503e-01
188 2 0 -1.12366643743873618e-01
188 2 2 1.51515151515152300e-02
188 2 3 9.68478671913291622e-01
188 2 4 -1.04031297322059776e-01
188 2 5 1.95884456220757952e-01
188 3 0 1.43648601228556161e-01
188 3 1 -1.52362350055010753e-01
188 3 2 9.68478671913291400e-01
188 3 3 1.19047619047618746e-02
188 3 4 1.32992762321608782e-01
188 3 5 1.92628532132354639e-02
188 4 0 9.56680769764974293e-01
188 4 1 1.30930734141595895e-01
188 4 2 -1.04031297322059832e-01
188 4 3 1.32992762321609059e-01
188 4 4 -1.14285714285714171e-01
188 4 5 -1.61394663718503278e-01
188 5 0 -1.74326160944393627e-01
188 5 1 9.03959543974650837e-01
188 5 2 1.95884456220757702e-01
188 5 3 1.92628532132354570e-02
188 5 4 -1.61394663718503417e-01
188 5 5 -2.96103896103895758e-01
189 0 0 1.00000000000000000e+00
190 0 0 9.09090909090908700e-02
190 0 1 9.95859195463942415e-01
190 1 0 9.95859195463938196e-01
190 1 1 -9.09090909090908700e-02
191 0 0 -1.42857142857143071e-01
191 0 1 9.89743318610778799e-01
191 1 0 9.89743318610779799e-01
191 1 1 1.42857142857143793e-01
192 0 0 1.00000000000000000e+00
193 0 0 1.00000000000000000e+00
194 0 0 -1.66666666666666990e-01
194 0 1 9.86013297183270243e-01
194 1 0 9.86013297183268689e-01
194 1 1 1.66666666666666519e-01
195 0 0 8.33333333333334952e-02
195 0 1 9.96521728591781564e-01
195 1 0 9.96521728591783673e-01
195 1 1 -8.33333333333335230e-02
196 0 0 1.00000000000000000e+00
197 0 0 3.33333333333335063e-02
197 0 1 1.41421356237309448e-01
197 0 2 -1.12366643743873534e-01
197 0 3 1.43648601228555606e-01
197 0 4 9.56680769764966077e-01
197 0 5 -1.74326160944392211e-01
197 1 0 1.41421356237309170e-01
197 1 1 3.49999999999999090e-01
197 1 3 -1.52362350055010698e-01
197 1 4 1.30930734141595506e-01
197 1 5 9.03959543974649837e-01
197 2 0 -1.12366643743873437e-01
197 2 2 1.51515151515150999e-02
197 2 3 9.68478671913294287e-01
197 2 4 -1.04031297322059818e-01
197 2 5 1.95884456220757841e-01
197 3 0 1.43648601228555550e-01
197 3 1 -1.52362350055011142e-01
197 3 2 9.68478671913292954e-01
197 3 3 1.19047619047619180e-02
197 3 4 1.32992762321609170e-01
197 3 5 1.92628532132354917e-02
197 4 0 9.56680769764966299e-01
197 4 1 1.30930734141595784e-01
197 4 2 -1.04031297322059860e-01
197 4 3 1.32992762321608365e-01
197 4 4 -1.14285714285714435e-01
197 4 5 -1.61394663718504860e-01
197 5 0 -1.74326160944392072e-01
197 5 1 9.03959543974650392e-01
197 5 2 1.95884456220757591e-01
197 5 3 1.92628532132355507e-02
197 5 4 -1.61394663718504083e-01
197 5 5 -2.96103896103896036e-01
198 0 0 1.00000000000000000e+00
199 0 0 -3.33333333333334370e-02
199 0 1 1.39443337755679131e-01
199 0 2 2.18465724376326248e-01
199 0 3 1.15470053837924927e-01
199 0 4 -2.17422922601843149e-01
199 0 5 9.33333333333332460e-01
199 1 0 1.39443337755679381e-01
199 1 1 1.66666666666666297e-01
199 1 3 9.66091783079296884e-01
199 1 5 -1.39443337755679075e-01
199 2 0 2.18465724376325277e-01
199 2 2 4.54545454545455391e-02
199 2 4 9.49989125644594146e-01
199 2 5 2.18465724376325693e-01
199 3 0 1.15470053837925135e-01
199 3 1 9.66091783079298216e-01
199 3 3 -2.00000000000000122e-01
199 3 5 -1.15470053837925191e-01
199 4 0 -2.17422922601842733e-01
199 4 2 9.49989125644595256e-01
199 4 4 5.45454545454543901e-02
199 4 5 -2.17422922601843233e-01
199 5 0 9.33333333333331128e-01
199 5 1 -1.39443337755679575e-01
199 5 2 2.18465724376325832e-01
199 5 3 -1.15470053837925316e-01
199 5 4 -2.17422922601843177e-01
199 5 5 -3.33333333333331941e-02
200 0 0 1.66666666666665901e-02
200 0 1 9.34353184302309236e-02
200 0 2 2.42752078113805503e-01
200 0 3 1.02353263143831613e-01
200 0 4 1.48249863332219917e-02
200 0 5 9.59878909742013620e-01
200 1 0 9.34353184302309514e-02
200 1 1 -1.19047619047618888e-01
200 1 2 1.23717914826348238e-01
200 1 3 9.65034982271002373e-01
200 1 4 -1.24665958689158779e-01
200 1 5 -1.22299897617557593e-01
200 2 0 2.42752078113805725e-01
200 2 1 1.23717914826348183e-01
200 2 2 -1.78571428571427271e-01
200 2 3 1.35526185435787566e-01
200 2 4 9.35687022503590593e-01
200 3 0 1.02353263143831599e-01
200 3 1 9.65034982271002484e-01
200 3 2 1.35526185435787594e-01
200 3 3 5.71428571428573562e-02
200 3 4 -1.36564715454118635e-01
200 3 5 -1.33972825411416557e-01
200 4 0 1.48249863332219761e-02
200 4 1 -1.24665958689158723e-01
200 4 2 9.35687022503590482e-01
200 4 3 -1.36564715454118385e-01
200 4 4 2.10989010989009823e-01
200 4 5 -2.13452875777104173e-01
200 5 0 9.59878909742014175e-01
200 5 1 -1.22299897617557565e-01
200 5 3 -1.33972825411416502e-01
200 5 4 -2.13452875777104173e-01
200 5 5 1.28205128205129016e-02
201 0 0 1.66666666666666824e-01
201 0 1 9.86013297183266357e-01
201 1 0 9.86013297183271242e-01
201 1 1 -1.66666666666667046e-01
202 0 0 6.85185185185187007e-02
202 0 1 -1.16788189608683611e-02
202 0 2 -2.64682506630280062e-02
202 0 3 9.64995819274321459e-02
202 0 4 1.36277028773849812e-01
202 0 5 1.36277028773849979e-01
202 0 6 2.50021644084712336e-01
202 0 7 -6.48148148148146447e-02
202 0 8 -1.52004214438721863e-01
202 0 9 9.26388773205982674e-01
202 1 0 -1.16788189608683507e-02
202 1 1 1.30471380471380866e-02
202 1 2 1.66923670160369936e-01
202 1 3 -1.52145154862546039e-01
202 1 6 4.14941331443307859e-02
202 1 7 -1.16788189608683438e-02
202 1 8 9.58624038928180600e-01
202 1 9 1.66923670160369270e-01
202 2 0 -2.64682506630279993e-02
202 2 1 1.66923670160369797e-01
202 2 2 4.49735449735451515e-02
202 2 3 -6.26933893908936529e-02
202 2 4 1.49829835452878812e-01
202 2 5 1.49829835452878674e-01
202 2 6 -2.31483283904837939e-01
202 2 7 9.26388773205979343e-01
202 2 8 -1.51928269285622770e-02
202 2 9 9.25925925925931148e-02
202 3 0 9.64995819274321875e-02
202 3 1 -1.52145154862546039e-01
202 3 2 -6.26933893908935003e-02
202 3 3 9.57142857142851300e-01
202 3 6 -4.28571428571428228e-02
202 3 7 9.64995819274327010e-02
202 3 8 1.80020574955773699e-01
202 3 9 -6.26933893908938611e-02
202 4 0 1.36277028773849895e-01
202 4 2 1.49829835452878979e-01
202 4 4 -4.28571428571426563e-02
202 4 5 9.57142857142848524e-01
202 4 7 -1.36277028773849673e-01
202 4 9 -1.49829835452878368e-01
202 5 0 1.36277028773850006e-01
202 5 2 1.49829835452878618e-01
202 5 4 9.57142857142848635e-01
202 5 5 -4.28571428571427604e-02
202 5 7 -1.36277028773849562e-01
202 5 9 -1.49829835452878923e-01
202 6 0 2.50021644084712835e-01
202 6 1 4.14941331443308067e-02
202 6 2 -2.31483283904837994e-01
202 6 3 -4.28571428571428437e-02
202 6 6 8.73226773226772224e-01
202 6 7 2.50021644084712391e-01
202 6 8 4.15432096051786201e-02
202 6 9 -2.31483283904836884e-01
202 7 0 -6.48148148148146447e-02
202 7 1 -1.16788189608683663e-02
202 7 2 9.26388773205979343e-01
202 7 3 9.64995819274327288e-02
202 7 4 -1.36277028773849479e-01
202 7 5 -1.36277028773849729e-01
202 7 6 2.50021644084712891e-01
202 7 7 6.85185185185185897e-02
202 7 8 -1.52004214438722807e-01
202 7 9 -2.64682506630279889e-02
202 8 0 -1.52004214438721946e-01
202 8 1 9.58624038928178490e-01
202 8 2 -1.51928269285622614e-02
202 8 3 1.80020574955773088e-01
202 8 6 4.15432096051786964e-02
202 8 7 -1.52004214438722751e-01
202 8 8 1.53133903133902492e-02
202 8 9 -1.51928269285623654e-02
202 9 0 9.26388773205982563e-01
202 9 1 1.66923670160369214e-01
202 9 2 9.25925925925930732e-02
202 9 3 -6.26933893908938750e-02
202 9 4 -1.49829835452877924e-01
202 9 5 -1.49829835452878812e-01
202 9 6 -2.31483283904836912e-01
202 9 7 -2.64682506630280166e-02
202 9 8 -1.51928269285623932e-02
202 9 9 4.49735449735451862e-02
203 0 0 1.66666666666667157e-01
203 0 1 9.86013297183272130e-01
203 1 0 9.86013297183270021e-01
203 1 1 -1.66666666666666380e-01
204 0 0 1.51515151515151849e-02
204 0 1 1.04031297322059499e-01
204 0 2 1.95884456220757175e-01
204 0 3 1.12366643743873673e-01
204 0 5 9.68478671913299061e-01
204 1 0 1.04031297322059499e-01
204 1 1 -1.14285714285714227e-01
204 1 2 1.61394663718504416e-01
204 1 3 9.56680769764968852e-01
204 1 4 -1.30930734141595423e-01
204 1 5 -1.32992762321609309e-01
204 2 0 1.95884456220757591e-01
204 2 1 1.61394663718503723e-01
204 2 2 -2.96103896103896036e-01
204 2 3 1.74326160944392655e-01
204 2 4 9.03959543974647062e-01
204 2 5 1.92628532132355264e-02
204 3 0 1.12366643743873854e-01
204 3 1 9.56680769764967409e-01
204 3 2 1.74326160944393155e-01
204 3 3 3.33333333333334092e-02
204 3 4 -1.41421356237309254e-01
204 3 5 -1.43648601228554773e-01
204 4 1 -1.30930734141595312e-01
204 4 2 9.03959543974647617e-01
204 4 3 -1.41421356237309476e-01
204 4 4 3.50000000000000089e-01
204 4 5 -1.52362350055010420e-01
204 5 0 9.68478671913293176e-01
204 5 1 -1.32992762321609170e-01
204 5 2 1.92628532132354396e-02
204 5 3 -1.43648601228555106e-01
204 5 4 -1.52362350055010393e-01
204 5 5 1.19047619047619405e-02
205 0 0 -2.38095238095238741e-02
205 0 1 1.16642368703960608e-01
205 0 2 1.85841038739426340e-01
205 0 3 9.96023841111998293e-02
205 0 4 -1.85312329165274653e-01
205 0 5 9.52380952380954771e-01
205 1 0 1.16642368703960664e-01
205 1 1 1.42857142857142183e-01
205 1 3 9.75900072948524211e-01
205 1 5 -1.16642368703960733e-01
205 2 0 1.85841038739426173e-01
205 2 2 3.29670329670330442e-02
205 2 4 9.64281800812323509e-01
205 2 5 1.85841038739426451e-01
205 3 0 9.96023841111999264e-02
205 3 1 9.75900072948527764e-01
205 3 3 -1.66666666666665658e-01
205 3 5 -9.96023841111990244e-02
205 4 0 -1.85312329165274764e-01
205 4 2 9.64281800812322287e-01
205 4 4 3.84615384615384359e-02
205 4 5 -1.85312329165274486e-01
205 5 0 9.52380952380955881e-01
205 5 1 -1.16642368703960525e-01
205 5 2 1.85841038739426007e-01
205 5 3 -9.96023841111988717e-02
205 5 4 -1.85312329165274736e-01
205 5 5 -2.38095238095238221e-02
206 0 0 1.00000000000000000e+00
207 0 0 5.71428571428569954e-02
207 0 1 1.36564715454118635e-01
207 0 2 -1.02353263143831419e-01
207 0 3 1.33972825411417251e-01
207 0 4 9.65034982271003150e-01
207 0 5 -1.35526185435787816e-01
207 1 0 1.36564715454118607e-01
207 1 1 2.10989010989012155e-01
207 1 2 1.48249863332219779e-02
207 1 3 -2.13452875777101869e-01
207 1 4 1.24665958689158557e-01
207 1 5 9.35687022503591370e-01
207 2 0 -1.02353263143831155e-01
207 2 1 1.48249863332219536e-02
207 2 2 1.66666666666666734e-02
207 2 3 9.59878909742008735e-01
207 2 4 -9.34353184302313400e-02
207 2 5 2.42752078113806224e-01
207 3 0 1.33972825411417140e-01
207 3 1 -2.13452875777101758e-01
207 3 2 9.59878909742009734e-01
207 3 3 1.28205128205127836e-02
207 3 4 1.22299897617557149e-01
207 4 0 9.65034982271003261e-01
207 4 1 1.24665958689158612e-01
207 4 2 -9.34353184302313400e-02
207 4 3 1.22299897617557302e-01
207 4 4 -1.19047619047619443e-01
207 4 5 -1.23717914826348530e-01
207 5 0 -1.35526185435787760e-01
207 5 1 9.35687022503590371e-01
207 5 2 2.42752078113806447e-01
207 5 4 -1.23717914826348530e-01
207 5 5 -1.78571428571428992e-01
208 0 0 1.00000000000000000e+00
209 0 0 8.33333333333327736e-02
209 0 1 9.96521728591789446e-01
209 1 0 9.96521728591787004e-01
209 1 1 -8.33333333333327042e-02
210 0 0 -1.66666666666666935e-01
210 0 1 9.86013297183271575e-01
210 1 0 9.86013297183272353e-01
210 1 1 1.66666666666667046e-01
211 0 0 1.00000000000000000e+00
212 0 0 1.00000000000000000e+00
213 0 0 -2.50000000000000111e-01
213 0 1 9.68245836551853811e-01
213 1 0 9.68245836551855366e-01
213 1 1 2.50000000000000000e-01
214 0 0 9.09090909090913973e-02
214 0 1 9.95859195463939639e-01
214 1 0 9.95859195463938196e-01
214 1 1 -9.09090909090906618e-02
215 0 0 1.00000000000000000e+00
216 0 0 6.24999999999999514e-02
216 0 1 1.63197802458466601e-01
216 0 2 -1.18585412256314235e-01
216 0 3 1.65144564768954616e-01
216 0 4 9.50328890437409868e-01
216 0 5 -1.58113883008419220e-01
216 1 0 1.63197802458466545e-01
216 1 1 2.44318181818182933e-01
216 1 2 2.06430705961193443e-02
216 1 3 -2.58731808559230447e-01
216 1 4 1.45968552030285553e-01
216 1 5 9.08295106229251803e-01
216 2 0 -1.18585412256314512e-01
216 2 1 2.06430705961192194e-02
216 2 2 2.50000000000000396e-02
216 2 3 9.40019342160767435e-01
216 2 4 -1.06066017177982141e-01
216 2 5 2.99999999999999989e-01
216 3 0 1.65144564768954394e-01
216 3 1 -2.58731808559230225e-01
216 3 2 9.40019342160768989e-01
216 3 3 1.81818181818181740e-02
216 3 4 1.47709789175198697e-01
216 4 0 9.50328890437410645e-01
216 4 1 1.45968552030285331e-01
216 4 2 -1.06066017177982141e-01
216 4 3 1.47709789175198919e-01
216 4 4 -1.50000000000000078e-01
216 4 5 -1.41421356237309337e-01
216 5 0 -1.58113883008419220e-01
216 5 1 9.08295106229251137e-01
216 5 2 2.99999999999999822e-01
216 5 4 -1.41421356237309614e-01
216 5 5 -1.99999999999999289e-01
217 0 0 1.00000000000000000e+00
218 0 0 -4.16666666666667407e-02
218 0 1 1.61374306091975811e-01
218 0 2 1.49403576166799557e-01
218 0 3 1.31761569173682702e-01
218 0 4 -3.72677996249965782e-01
218 0 5 8.90870806374748248e-01
218 1 0 1.61374306091975644e-01
218 1 1 1.74999999999999878e-01
218 1 2 -2.31455024943138174e-02
218 1 3 9.59383482590077219e-01
218 1 4 5.77350269189623594e-02
218 1 5 -1.38013111868470872e-01
218 2 0 1.49403576166799557e-01
218 2 1 -2.31455024943138347e-02
218 2 2 6.42857142857143071e-02
218 2 3 -1.88982236504613675e-02
218 2 4 9.08688222502242349e-01
218 2 5 3.83325938999963978e-01
218 3 0 1.31761569173682314e-01
218 3 1 9.59383482590074887e-01
218 3 2 -1.88982236504613120e-02
218 3 3 -2.16666666666667340e-01
218 3 4 4.71404520791032580e-02
218 3 5 -1.12687233963802078e-01
218 4 0 -3.72677996249964116e-01
218 4 1 5.77350269189628520e-02
218 4 2 9.08688222502243570e-01
218 4 3 4.71404520791031054e-02
218 4 4 6.66666666666668323e-02
218 4 5 -1.59363814577918983e-01
218 5 0 8.90870806374749913e-01
218 5 1 -1.38013111868470817e-01
218 5 2 3.83325938999964422e-01
218 5 3 -1.12687233963802091e-01
218 5 4 -1.59363814577919427e-01
218 5 5 -4.76190476190476511e-02
219 0 0 1.51515151515152196e-02
219 0 1 1.04031297322059721e-01
219 0 2 1.95884456220756981e-01
219 0 3 1.12366643743873187e-01
219 0 5 9.68478671913290956e-01
219 1 0 1.04031297322059665e-01
219 1 1 -1.14285714285714449e-01
219 1 2 1.61394663718503806e-01
219 1 3 9.56680769764967076e-01
219 1 4 -1.30930734141595034e-01
219 1 5 -1.32992762321608921e-01
219 2 0 1.95884456220757175e-01
219 2 1 1.61394663718503917e-01
219 2 2 -2.96103896103897590e-01
219 2 3 1.74326160944393516e-01
219 2 4 9.03959543974649837e-01
219 2 5 1.92628532132355298e-02
219 3 0 1.12366643743873423e-01
219 3 1 9.56680769764966743e-01
219 3 2 1.74326160944393516e-01
219 3 3 3.33333333333333537e-02
219 3 4 -1.41421356237309503e-01
219 3 5 -1.43648601228556466e-01
219 4 1 -1.30930734141594979e-01
219 4 2 9.03959543974650170e-01
219 4 3 -1.41421356237309420e-01
219 4 4 3.50000000000000644e-01
219 4 5 -1.52362350055010753e-01
219 5 0 9.68478671913290845e-01
219 5 1 -1.32992762321608698e-01
219 5 2 1.92628532132355264e-02
219 5 3 -1.43648601228556466e-01
219 5 4 -1.52362350055010864e-01
219 5 5 1.19047619047618399e-02
220 0 0 1.42857142857142821e-01
220 0 1 9.89743318610787348e-01
220 1 0 9.89743318610786682e-01
220 1 1 -1.42857142857142932e-01
221 0 0 5.03246753246751125e-02
221 0 1 -1.08899414488625914e-02
221 0 2 -3.55663998379977392e-02
221 0 3 1.35140619404333251e-01
221 0 4 1.27411797859405790e-01
221 0 5 1.27411797859406373e-01
221 0 6 1.80187492539111760e-01
221 0 7 -6.49350649350651232e-02
221 0 8 -2.34126706198961171e-01
221 0 9 9.24042173425826729e-01
221 1 0 -1.08899414488625793e-02
221 1 1 1.52597402597402457e-02
221 1 2 1.43151997954861193e-01
221 1 3 -1.57135477984948896e-01
221 1 4 3.41881729378913229e-02
221 1 5 3.41881729378913993e-02
221 1 6 4.83493778415228503e-02
221 1 7 -1.74239063181802038e-02
221 1 8 9.42341814736196270e-01
221 1 9 2.47946533662815299e-01
221 2 0 -3.55663998379978849e-02
221 2 1 1.43151997954860943e-01
221 2 2 9.61038961038957334e-02
221 2 3 -3.94771016975861283e-02
221 2 4 1.67487157871723885e-01
221 2 5 1.67487157871724468e-01
221 2 6 -4.14509567824653757e-01
221 2 7 8.53593596111947295e-01
221 2 8 -2.56472956599110950e-02
221 2 9 1.01223748494284838e-01
221 3 0 1.35140619404333667e-01
221 3 1 -1.57135477984949312e-01
221 3 2 -3.94771016975861908e-02
221 3 3 9.49999999999996403e-01
221 3 6 -5.00000000000000028e-02
221 3 7 7.20749970156447234e-02
221 3 8 1.94902573064115708e-01
221 3 9 -8.54704323447284670e-02
221 4 0 1.27411797859406151e-01
221 4 1 3.41881729378913646e-02
221 4 2 1.67487157871724079e-01
221 4 4 -5.00000000000003497e-02
221 4 5 9.49999999999993405e-01
221 4 6 5.30330085889910152e-02
221 4 7 -1.52894157431287259e-01
221 4 8 -2.29694885140571126e-02
221 4 9 -1.51091805754759029e-01
221 5 0 1.27411797859406595e-01
221 5 1 3.41881729378914895e-02
221 5 2 1.67487157871724801e-01
221 5 4 9.49999999999998179e-01
221 5 5 -4.99999999999999126e-02
221 5 6 5.30330085889909736e-02
221 5 7 -1.52894157431287731e-01
221 5 8 -2.29694885140570848e-02
221 5 9 -1.51091805754759084e-01
221 6 0 1.80187492539111871e-01
221 6 1 4.83493778415230932e-02
221 6 2 -4.14509567824653036e-01
221 6 3 -4.99999999999999334e-02
221 6 4 5.30330085889908417e-02
221 6 5 5.30330085889911471e-02
221 6 6 7.68749999999997824e-01
221 6 7 4.14431232839956420e-01
221 6 8 5.68465838103669394e-02
221 6 9 -1.38889452560183951e-01
221 7 0 -6.49350649350648040e-02
221 7 1 -1.74239063181801900e-02
221 7 2 8.53593596111946074e-01
221 7 3 7.20749970156448344e-02
221 7 4 -1.52894157431287370e-01
221 7 5 -1.52894157431287897e-01
221 7 6 4.14431232839955477e-01
221 7 7 1.68831168831169193e-01
221 7 8 -1.17063353099479864e-01
221 7 9 -3.08014057808609076e-02
221 8 0 -2.34126706198960893e-01
221 8 1 9.42341814736196270e-01
221 8 2 -2.56472956599111297e-02
221 8 3 1.94902573064115570e-01
221 8 4 -2.29694885140571160e-02
221 8 5 -2.29694885140571368e-02
221 8 6 5.68465838103669532e-02
221 8 7 -1.17063353099479961e-01
221 8 8 1.86688311688311646e-02
221 8 9 -1.38820059874083107e-02
221 9 0 9.24042173425827507e-01
221 9 1 2.47946533662815882e-01
221 9 2 1.01223748494284865e-01
221 9 3 -8.54704323447281755e-02
221 9 4 -1.51091805754759195e-01
221 9 5 -1.51091805754758585e-01
221 9 6 -1.38889452560183618e-01
221 9 7 -3.08014057808608799e-02
221 9 8 -1.38820059874083055e-02
221 9 9 3.20616883116883258e-02
222 0 0 1.42857142857142766e-01
222 0 1 9.89743318610782796e-01
222 1 0 9.89743318610783462e-01
222 1 1 -1.42857142857143737e-01
223 0 0 1.42857142857142679e-02
223 0 1 1.13389341902768212e-01
223 0 2 1.60356745147454655e-01
223 0 3 1.19522860933439598e-01
223 0 4 -1.36208941320798936e-02
223 0 5 9.73012459711205202e-01
223 1 0 1.13389341902768212e-01
223 1 1 -1.00000000000000061e-01
223 1 2 2.12132034355963783e-01
223 1 3 9.48683298050511659e-01
223 1 4 -1.08112495523467092e-01
223 1 5 -1.43019388386838642e-01
223 2 0 1.60356745147454932e-01
223 2 1 2.12132034355963783e-01
223 2 2 -5.74999999999999289e-01
223 2 3 2.23606797749978936e-01
223 2 4 7.38988427584555518e-01
223 2 5 5.05649896847431210e-02
223 3 0 1.19522860933439445e-01
223 3 1 9.48683298050512436e-01
223 3 2 2.23606797749979075e-01
223 3 4 -1.13960576459637725e-01
223 3 5 -1.50755672288881870e-01
223 4 0 -1.36208941320799283e-02
223 4 1 -1.08112495523467064e-01
223 4 2 7.38988427584557295e-01
223 4 3 -1.13960576459638085e-01
223 4 4 6.49350649350649789e-01
223 4 5 -8.59010165930061270e-02
223 5 0 9.73012459711203426e-01
223 5 1 -1.43019388386838975e-01
223 5 2 5.05649896847431418e-02
223 5 3 -1.50755672288882286e-01
223 5 4 -8.59010165930064740e-02
223 5 5 1.13636363636363449e-02
224 0 0 -2.85714285714285150e-02
224 0 1 1.30930734141595506e-01
224 0 2 1.38873014965883806e-01
224 0 3 1.10656667034497683e-01
224 0 4 -2.87494454249971942e-01
224 0 5 9.31588505112179166e-01
224 1 0 1.30930734141595506e-01
224 1 1 1.49999999999999745e-01
224 1 2 -1.76776695296636290e-02
224 1 3 9.71927392937791956e-01
224 1 4 3.65962527355700937e-02
224 1 5 -1.18585412256313985e-01
224 2 0 1.38873014965883557e-01
224 2 1 -1.76776695296636359e-02
224 2 2 4.37499999999997682e-02
224 2 3 -1.49403576166799879e-02
224 2 4 9.44527234349848088e-01
224 2 5 2.93483922046848034e-01
224 3 0 1.10656667034497780e-01
224 3 1 9.71927392937790846e-01
224 3 2 -1.49403576166799463e-02
224 3 3 -1.78571428571429464e-01
224 3 4 3.09294787065871220e-02
224 3 5 -1.00222965717158913e-01
224 4 0 -2.87494454249971554e-01
224 4 1 3.65962527355700798e-02
224 4 2 9.44527234349847311e-01
224 4 3 3.09294787065871324e-02
224 4 4 4.46428571428569981e-02
224 4 5 -1.44659390589461201e-01
224 5 0 9.31588505112179388e-01
224 5 1 -1.18585412256313777e-01
224 5 2 2.93483922046848200e-01
224 5 3 -1.00222965717159038e-01
224 5 4 -1.44659390589461395e-01
224 5 5 -3.12499999999999306e-02
225 0 0 8.33333333333335508e-02
225 0 1 1.47313912747197739e-01
225 0 2 -1.00503781525920988e-01
225 0 3 1.50231303144332751e-01
225 0 4 9.62566926358521813e-01
225 0 5 -1.10220798408983967e-01
225 1 0 1.47313912747197101e-01
225 1 1 1.35416666666666380e-01
225 1 2 3.55334527259351177e-02
225 1 3 -3.71803506199473832e-01
225 1 4 1.30891846341154694e-01
225 1 5 8.96285550802064845e-01
225 2 0 -1.00503781525920807e-01
225 2 1 3.55334527259351871e-02
225 2 2 3.03030303030303143e-02
225 2 3 9.05928844174346160e-01
225 2 4 -8.92999532961368386e-02
225 2 5 3.98793853544729071e-01
225 3 0 1.50231303144333389e-01
225 3 1 -3.71803506199473555e-01
225 3 2 9.05928844174348713e-01
225 3 3 2.08333333333332767e-02
225 3 4 1.33484015732748179e-01
225 3 5 -1.52848746263911650e-02
225 4 0 9.62566926358524699e-01
225 4 1 1.30891846341154722e-01
225 4 2 -8.92999532961371162e-02
225 4 3 1.33484015732747985e-01
225 4 4 -1.44736842105263330e-01
225 4 5 -9.79337493649094643e-02
225 5 0 -1.10220798408983953e-01
225 5 1 8.96285550802063624e-01
225 5 2 3.98793853544729071e-01
225 5 3 -1.52848746263911754e-02
225 5 4 -9.79337493649093949e-02
225 5 5 -1.25149521531100955e-01
226 0 0 1.00000000000000000e+00
227 0 0 9.09090909090909671e-02
227 0 1 9.95859195463938862e-01
227 1 0 9.95859195463937530e-01
227 1 1 -9.09090909090908422e-02
228 0 0 -2.50000000000000444e-01
228 0 1 9.68245836551851147e-01
228 1 0 9.68245836551851369e-01
228 1 1 2.49999999999997918e-01
229 0 0 1.00000000000000000e+00
230 0 0 1.00000000000000000e+00
231 0 0 -5.00000000000000222e-01
231 0 1 8.66025403784438708e-01
231 1 0 8.66025403784438708e-01
231 1 1 4.99999999999999778e-01
232 0 0 1.00000000000000047e-01
232 0 1 9.94987437106619965e-01
232 1 0 9.94987437106622408e-01
232 1 1 -1.00000000000000047e-01
233 0 0 9.99999999999999362e-02
233 0 1 1.85164019954510373e-01
233 0 2 -1.05409255338945851e-01
233 0 3 1.91485421551267576e-01
233 0 4 9.46729262406257543e-01
233 0 5 -1.07889812495024981e-01
233 1 0 1.85164019954510456e-01
233 1 1 1.28571428571428503e-01
233 1 2 4.87950036474266782e-02
233 1 3 -5.31843156256750937e-01
233 1 4 1.59363814577919066e-01
233 1 5 7.99092455748686592e-01
233 2 0 -1.05409255338945906e-01
233 2 1 4.87950036474266366e-02
233 2 2 5.55555555555555317e-02
233 2 3 8.07373427759330298e-01
233 2 4 -9.07218423253028233e-02
233 2 5 5.68629239687953758e-01
233 3 0 1.91485421551267854e-01
233 3 1 -5.31843156256750937e-01
233 3 2 8.07373427759331741e-01
233 3 3 3.33333333333334300e-02
233 3 4 1.64804410824347825e-01
233 3 5 -1.87812056606336542e-02
233 4 0 9.46729262406258765e-01
233 4 1 1.59363814577919038e-01
233 4 2 -9.07218423253029205e-02
233 4 3 1.64804410824348158e-01
233 4 4 -1.85185185185185008e-01
233 4 5 -9.28567660041494936e-02
233 5 0 -1.07889812495024981e-01
233 5 1 7.99092455748688146e-01
233 5 2 5.68629239687954646e-01
233 5 3 -1.87812056606337027e-02
233 5 4 -9.28567660041493687e-02
233 5 5 -1.32275132275132129e-01
234 0 0 1.00000000000000000e+00
235 0 0 -7.14285714285714246e-02
235 0 1 1.88982236504613821e-01
235 0 2 1.54303349962091857e-01
235 0 3 -9.67147429123328295e-01
235 1 0 1.88982236504613627e-01
235 1 1 1.66666666666666491e-01
235 1 2 9.52579344415680818e-01
235 1 3 1.70588771906386300e-01
235 2 0 1.54303349962091885e-01
235 2 1 9.52579344415680374e-01
235 2 2 -2.22222222222222238e-01
235 2 3 1.39285149006224240e-01
235 3 0 -9.67147429123327962e-01
235 3 1 1.70588771906386466e-01
235 3 2 1.39285149006223963e-01
235 3 3 1.26984126984126894e-01
236 0 0 1.42857142857142749e-02
236 0 1 1.13389341902768323e-01
236 0 2 1.60356745147454571e-01
236 0 3 1.19522860933439334e-01
236 0 4 -1.36208941320798659e-02
236 0 5 9.73012459711202871e-01
236 1 0 1.13389341902768490e-01
236 1 1 -9.99999999999998807e-02
236 1 2 2.12132034355964449e-01
236 1 3 9.48683298050514101e-01
236 1 4 -1.08112495523467064e-01
236 1 5 -1.43019388386839141e-01
236 2 0 1.60356745147454655e-01
236 2 1 2.12132034355964255e-01
236 2 2 -5.75000000000000400e-01
236 2 3 2.23606797749978881e-01
236 2 4 7.38988427584556518e-01
236 2 5 5.05649896847431418e-02
236 3 0 1.19522860933439237e-01
236 3 1 9.48683298050514989e-01
236 3 2 2.23606797749978603e-01
236 3 4 -1.13960576459638516e-01
236 3 5 -1.50755672288882037e-01
236 4 0 -1.36208941320798711e-02
236 4 1 -1.08112495523467245e-01
236 4 2 7.38988427584556296e-01
236 4 3 -1.13960576459638141e-01
236 4 4 6.49350649350648235e-01
236 4 5 -8.59010165930060993e-02
236 5 0 9.73012459711201982e-01
236 5 1 -1.43019388386839003e-01
236 5 2 5.05649896847431557e-02
236 5 3 -1.50755672288881593e-01
236 5 4 -8.59010165930060576e-02
236 5 5 1.13636363636363657e-02
237 0 0 4.10714285714285574e-02
237 0 1 -9.44911182523069590e-03
237 0 2 -6.64803945320937978e-02
237 0 3 1.86338998124982308e-01
237 0 4 9.34353184302310902e-02
237 0 5 9.34353184302314094e-02
237 0 6 1.33099284374987220e-01
237 0 7 -4.77297077300920525e-01
237 0 8 8.34322329798261264e-01
237 1 0 -9.44911182523069069e-03
237 1 1 1.66666666666666491e-02
237 1 2 1.17260393995586007e-01
237 1 3 -1.31468439624435995e-01
237 1 4 8.24022054121739816e-02
237 1 5 8.24022054121741621e-02
237 1 6 7.51248226425348248e-02
237 1 7 8.41872912024135944e-01
237 1 8 4.90535421758715340e-01
237 2 0 -6.64803945320939643e-02
237 2 1 1.17260393995585632e-01
237 2 2 3.24999999999999734e-01
237 2 4 1.58113883008418638e-01
237 2 5 1.58113883008418887e-01
237 2 6 -9.00937462695558744e-01
237 2 7 -5.98293026413099435e-02
237 2 8 1.04582503316759667e-01
237 3 0 1.86338998124982502e-01
237 3 1 -1.31468439624435746e-01
237 3 3 9.44444444444441755e-01
237 3 6 -5.55555555555554553e-02
237 3 7 2.10818510677891785e-01
237 3 8 -9.21284663987610997e-02
237 4 0 9.34353184302314788e-02
237 4 1 8.24022054121739400e-02
237 4 2 1.58113883008419137e-01
237 4 4 -5.55555555555555663e-02
237 4 5 9.44444444444445752e-01
237 4 6 2.02596580372689544e-01
237 4 7 -4.20437482591261361e-02
237 4 8 -1.46986183948032811e-01
237 5 0 9.34353184302312290e-02
237 5 1 8.24022054121739955e-02
237 5 2 1.58113883008419054e-01
237 5 4 9.44444444444442865e-01
237 5 5 -5.55555555555554831e-02
237 5 6 2.02596580372690044e-01
237 5 7 -4.20437482591260250e-02
237 5 8 -1.46986183948032839e-01
237 6 0 1.33099284374987470e-01
237 6 1 7.51248226425348387e-02
237 6 2 -9.00937462695561408e-01
237 6 3 -5.55555555555555802e-02
237 6 4 2.02596580372689739e-01
237 6 5 2.02596580372689516e-01
237 6 6 -2.61904761904761862e-01
237 6 7 1.05409255338945892e-01
237 6 8 -8.37531512716009965e-03
237 7 0 -4.77297077300919415e-01
237 7 1 8.41872912024136832e-01
237 7 2 -5.98293026413099782e-02
237 7 3 2.10818510677891757e-01
237 7 4 -4.20437482591260944e-02
237 7 5 -4.20437482591260250e-02
237 7 6 1.05409255338946226e-01
237 7 7 2.50000000000000118e-02
237 7 8 -1.19182823655698978e-02
237 8 0 8.34322329798262152e-01
237 8 1 4.90535421758714230e-01
237 8 2 1.04582503316759362e-01
237 8 3 -9.21284663987609054e-02
237 8 4 -1.46986183948032506e-01
237 8 5 -1.46986183948032645e-01
237 8 6 -8.37531512716010659e-03
237 8 7 -1.19182823655698770e-02
237 8 8 2.08333333333333599e-02
238 0 0 1.24999999999999889e-01
238 0 1 9.92156741649223184e-01
238 1 0 9.92156741649222074e-01
238 1 1 -1.25000000000000389e-01
239 0 0 -4.16666666666666366e-02
239 0 1 1.46986183948032867e-01
239 0 2 8.37531512716009063e-02
239 0 3 1.23898656945838112e-01
239 0 4 -5.53304016728805137e-01
239 0 5 8.05076485899411720e-01
239 1 0 1.46986183948033089e-01
239 1 1 1.48148148148148417e-01
239 1 2 -2.95453346376838670e-02
239 1 3 9.67805338634414647e-01
239 1 4 9.29463382652406661e-02
239 1 5 -1.01430103241697794e-01
239 2 0 8.37531512716010035e-02
239 2 1 -2.95453346376838670e-02
239 2 2 7.40740740740743475e-02
239 2 3 -2.49045670980792035e-02
239 2 4 8.15600808215989348e-01
239 2 5 5.66392618753437049e-01
239 3 0 1.23898656945838070e-01
239 3 1 9.67805338634415424e-01
239 3 2 -2.49045670980791549e-02
239 3 3 -1.84210526315789269e-01
239 3 4 7.83469994919272911e-02
239 3 5 -8.54981960070961000e-02
239 4 0 -5.53304016728805248e-01
239 4 1 9.29463382652407077e-02
239 4 2 8.15600808215990236e-01
239 4 3 7.83469994919274854e-02
239 4 4 5.92105263157894426e-02
239 4 5 -1.01817612210755706e-01
239 5 0 8.05076485899411165e-01
239 5 1 -1.01430103241697600e-01
239 5 2 5.66392618753437382e-01
239 5 3 -8.54981960070960306e-02
239 5 4 -1.01817612210755762e-01
239 5 5 -5.55555555555556427e-02
240 0 0 1.11111111111110897e-01
240 0 1 1.77272007826103667e-01
240 0 2 1.74077655955697796e-01
240 0 3 9.62250448649376589e-01
240 1 0 1.77272007826103695e-01
240 1 1 1.01010101010100828e-02
240 1 2 -9.72061511051239169e-01
240 1 3 1.53522062157279454e-01
240 2 0 1.74077655955697602e-01
240 2 1 -9.72061511051239280e-01
240 2 2 4.54545454545453587e-02
240 2 3 1.50755672288881787e-01
240 3 0 9.62250448649375589e-01
240 3 1 1.53522062157279232e-01
240 3 2 1.50755672288881815e-01
240 3 3 -1.66666666666666519e-01
241 0 0 1.00000000000000000e+00
242 0 0 -4.99999999999999722e-01
242 0 1 8.66025403784441816e-01
242 1 0 8.66025403784441483e-01
242 1 1 4.99999999999999889e-01
243 0 0 -1.00000000000000000e+00
244 0 0 9.58333333333332482e-01
244 0 1 2.01007563051842281e-01
244 0 2 2.01556443707463923e-01
244 0 3 2.38365647311398372e-02
244 1 0 2.01007563051842170e-01
244 1 1 3.03030303030303524e-02
244 1 2 -9.72344869608793960e-01
244 1 3 -1.14991914915213850e-01
244 2 0 2.01556443707463950e-01
244 2 1 -9.72344869608794737e-01
244 2 2 2.50000000000000361e-02
244 2 3 -1.15305917217871076e-01
244 3 0 2.38365647311398095e-02
244 3 1 -1.14991914915213864e-01
244 3 2 -1.15305917217871159e-01
244 3 3 9.86363636363634666e-01
245 0 0 -1.00000000000000000e+00
246 0 0 -1.66666666666666796e-01
246 0 1 9.62250448649376033e-01
246 0 2 -1.53522062157279232e-01
246 0 3 -1.50755672288881648e-01
246 1 0 9.62250448649375478e-01
246 1 1 1.11111111111111341e-01
246 1 2 -1.77272007826103278e-01
246 1 3 -1.74077655955698157e-01
246 2 0 -1.53522062157279288e-01
246 2 1 -1.77272007826103417e-01
246 2 2 1.01010101010100793e-02
246 2 3 -9.72061511051239391e-01
246 3 0 -1.50755672288881704e-01
246 3 1 -1.74077655955697547e-01
246 3 2 -9.72061511051239058e-01
246 3 3 4.54545454545455183e-02
247 0 0 1.24999999999999681e-01
247 0 1 9.74278579257497279e-01
247 0 2 -1.28086884574495047e-01
247 0 3 -1.36930639376291435e-01
247 1 0 9.74278579257495503e-01
247 1 1 -1.56249999999999639e-01
247 1 2 -1.10926495933118055e-01
247 1 3 -1.18585412256314054e-01
247 2 0 -1.28086884574495186e-01
247 2 1 -1.10926495933117972e-01
247 2 2 8.12499999999999889e-02
247 2 3 -9.82185064028161525e-01
247 3 0 -1.36930639376291352e-01
247 3 1 -1.18585412256314207e-01
247 3 2 -9.82185064028163968e-01
247 3 3 -5.00000000000000236e-02
248 0 0 1.00000000000000000e+00
249 0 0 -1.38888888888889107e-02
249 0 1 -1.05940287693954596e-01
249 0 2 1.28650401965660077e-01
249 0 3 9.59810075023680986e-01
249 0 4 -2.25382892354032166e-01
249 1 0 -1.05940287693954735e-01
249 1 1 1.01010101010101071e-02
249 1 2 9.81306762925316711e-01
249 1 3 -1.03114704148291006e-01
249 1 4 1.22796660637449262e-01
249 2 0 1.28650401965659938e-01
249 2 1 9.81306762925314047e-01
249 2 2 8.33333333333336444e-03
249 2 3 1.25219106215479381e-01
249 2 4 6.88247201611685844e-02
249 3 0 9.59810075023681208e-01
249 3 1 -1.03114704148291034e-01
249 3 2 1.25219106215479464e-01
249 3 3 -6.57894736842103839e-02
249 3 4 -2.19371598577396132e-01
249 4 0 -2.25382892354032388e-01
249 4 1 1.22796660637449304e-01
249 4 2 6.88247201611685150e-02
249 4 3 -2.19371598577396465e-01
249 4 4 -9.38755980861244232e-01
250 0 0 1.00000000000000000e+00
251 0 0 9.09090909090906896e-02
251 0 1 9.95859195463936531e-01
251 1 0 9.95859195463937086e-01
251 1 1 -9.09090909090909949e-02
252 0 0 -9.99999999999999362e-02
252 0 1 9.94987437106620076e-01
252 1 0 9.94987437106619965e-01
252 1 1 1.00000000000000464e-01
253 0 0 1.00000000000000000e+00
254 0 0 1.00000000000000000e+00
255 0 0 -1.38888888888889228e-02
255 0 1 -1.05940287693954388e-01
255 0 2 1.28650401965660188e-01
255 0 3 9.59810075023679876e-01
255 0 4 -2.25382892354032111e-01
255 1 0 -1.05940287693954568e-01
255 1 1 1.01010101010100689e-02
255 1 2 9.81306762925313936e-01
255 1 3 -1.03114704148290881e-01
255 1 4 1.22796660637448957e-01
255 2 0 1.28650401965659938e-01
255 2 1 9.81306762925316156e-01
255 2 2 8.33333333333334536e-03
255 2 3 1.25219106215479575e-01
255 2 4 6.88247201611685011e-02
255 3 0 9.59810075023678544e-01
255 3 1 -1.03114704148291006e-01
255 3 2 1.25219106215479409e-01
255 3 3 -6.57894736842105921e-02
255 3 4 -2.19371598577396215e-01
255 4 0 -2.25382892354032333e-01
255 4 1 1.22796660637449012e-01
255 4 2 6.88247201611683901e-02
255 4 3 -2.19371598577396382e-01
255 4 4 -9.38755980861243677e-01
256 0 0 1.00000000000000000e+00
257 0 0 -5.55555555555557051e-02
257 0 1 1.01430103241697475e-01
257 0 2 5.66392618753437382e-01
257 0 3 8.54981960070963359e-02
257 0 4 -1.01817612210755581e-01
257 0 5 8.05076485899415717e-01
257 1 0 1.01430103241697628e-01
257 1 1 1.48148148148148001e-01
257 1 2 2.95453346376839190e-02
257 1 3 9.67805338634414314e-01
257 1 4 -9.29463382652409159e-02
257 1 5 -1.46986183948033450e-01
257 2 0 5.66392618753436161e-01
257 2 1 2.95453346376839503e-02
257 2 2 7.40740740740740422e-02
257 2 3 2.49045670980792382e-02
257 2 4 8.15600808215989126e-01
257 2 5 8.37531512716008508e-02
257 3 0 8.54981960070960445e-02
257 3 1 9.67805338634418200e-01
257 3 2 2.49045670980791896e-02
257 3 3 -1.84210526315788964e-01
257 3 4 -7.83469994919273188e-02
257 3 5 -1.23898656945837973e-01
257 4 0 -1.01817612210755776e-01
257 4 1 -9.29463382652405967e-02
257 4 2 8.15600808215986683e-01
257 4 3 -7.83469994919272772e-02
257 4 4 5.92105263157895884e-02
257 4 5 -5.53304016728806136e-01
257 5 0 8.05076485899413496e-01
257 5 1 -1.46986183948033033e-01
257 5 2 8.37531512716010451e-02
257 5 3 -1.23898656945838057e-01
257 5 4 -5.53304016728806247e-01
257 5 5 -4.16666666666667823e-02
258 0 0 4.16666666666667337e-02
258 0 1 6.90963497990711162e-02
258 0 2 5.72291325385166694e-01
258 0 3 7.76575930246743568e-02
258 0 4 4.26832794918354658e-02
258 0 5 8.11245744592632212e-01
258 1 0 6.90963497990709774e-02
258 1 1 -1.35416666666666935e-01
258 1 2 6.16258310739542306e-02
258 1 3 9.71707779516002845e-01
258 1 4 -1.17970352413574939e-01
258 1 5 -1.22299897617557315e-01
258 2 0 5.72291325385167249e-01
258 2 1 6.16258310739540918e-02
258 2 2 -8.95833333333331955e-02
258 2 3 6.92614548129551477e-02
258 2 4 8.09589539626138444e-01
258 2 5 -2.06724557648680606e-02
258 3 0 7.76575930246741347e-02
258 3 1 9.71707779516006065e-01
258 3 2 6.92614548129547869e-02
258 3 3 9.21052631578944681e-02
258 3 4 -1.32587229909415572e-01
258 3 5 -1.37453218639797120e-01
258 4 0 4.26832794918354380e-02
258 4 1 -1.17970352413574772e-01
258 4 2 8.09589539626141219e-01
258 4 3 -1.32587229909415572e-01
258 4 4 6.55870445344128583e-02
258 4 5 -5.54026061648151269e-01
258 5 0 8.11245744592633544e-01
258 5 1 -1.22299897617557288e-01
258 5 2 -2.06724557648679912e-02
258 5 3 -1.37453218639797259e-01
258 5 4 -5.54026061648150825e-01
258 5 5 2.56410256410256818e-02
259 0 0 3.33333333333332427e-01
259 0 1 9.42809041582062357e-01
259 1 0 9.42809041582063467e-01
259 1 1 -3.33333333333333481e-01
260 0 0 3.34876543209875643e-01
260 0 1 -1.86118113936891427e-02
260 0 2 -2.73718627257048680e-02
260 0 3 3.83336567313651427e-02
260 0 4 1.27821596458447151e-01
260 0 5 1.27821596458446818e-01
260 0 6 5.46986432777735954e-01
260 0 7 -5.16456806502515811e-02
260 0 8 -7.66029237406841146e-02
260 0 9 7.38164243401322029e-01
260 1 0 -1.86118113936891635e-02
260 1 1 1.23456790123456749e-02
260 1 2 3.30117085361011198e-01
260 1 3 -1.29449962696951221e-01
260 1 4 -5.50566591632321023e-02
260 1 5 -5.50566591632320329e-02
260 1 6 4.16089165811628844e-02
260 1 7 -7.78587930724555701e-03
260 1 8 9.23866021425665318e-01
260 1 9 1.11282446773580457e-01
260 2 0 -2.73718627257048853e-02
260 2 1 3.30117085361010643e-01
260 2 2 1.88271604938271553e-02
260 2 3 -8.65356298808586111e-02
260 2 4 1.24569639790297282e-01
260 2 5 1.24569639790296602e-01
260 2 6 -6.16209760030728346e-02
260 2 7 9.16037735775014350e-01
260 2 8 -9.50142331493320294e-03
260 2 9 9.15580060135263024e-02
260 3 0 3.83336567313651219e-02
260 3 1 -1.29449962696951221e-01
260 3 2 -8.65356298808585001e-02
260 3 3 9.60526315789478224e-01
260 3 6 -3.94736842105262858e-02
260 3 7 1.41117848335253343e-01
260 3 8 1.72984788979520604e-01
260 3 9 -1.66692313610984494e-02
260 4 0 1.27821596458446984e-01
260 4 1 -5.50566591632321023e-02
260 4 2 1.24569639790297254e-01
260 4 4 -3.94736842105264663e-02
260 4 5 9.60526315789470675e-01
260 4 6 -9.49204032306043138e-02
260 4 7 -9.54850181112072843e-02
260 4 8 3.48620724606341567e-02
260 4 9 -1.46973459523999150e-01
260 5 0 1.27821596458446624e-01
260 5 1 -5.50566591632320121e-02
260 5 2 1.24569639790296935e-01
260 5 4 9.60526315789471119e-01
260 5 5 -3.94736842105264038e-02
260 5 6 -9.49204032306042861e-02
260 5 7 -9.54850181112072982e-02
260 5 8 3.48620724606344273e-02
260 5 9 -1.46973459523998928e-01
260 6 0 5.46986432777736731e-01
260 6 1 4.16089165811628428e-02
260 6 2 -6.16209760030728554e-02
260 6 3 -3.94736842105263552e-02
260 6 4 -9.49204032306042861e-02
260 6 5 -9.49204032306044110e-02
260 6 6 5.42940283400808688e-01
260 6 7 1.22020288281618941e-01
260 6 8 6.46696980338821309e-02
260 6 9 -6.01534858636564973e-01
260 7 0 -5.16456806502516227e-02
260 7 1 -7.78587930724556655e-03
260 7 2 9.16037735775016126e-01
260 7 3 1.41117848335252788e-01
260 7 4 -9.54850181112074647e-02
260 7 5 -9.54850181112071733e-02
260 7 6 1.22020288281618747e-01
260 7 7 3.04783950617285165e-02
260 7 8 -3.20453021047342967e-01
260 7 9 -3.85995322169159077e-02
260 8 0 -7.66029237406841007e-02
260 8 1 9.23866021425664985e-01
260 8 2 -9.50142331493319427e-03
260 8 3 1.72984788979520299e-01
260 8 4 3.48620724606341567e-02
260 8 5 3.48620724606343926e-02
260 8 6 6.46696980338822142e-02
260 8 7 -3.20453021047342024e-01
260 8 8 1.61443494776829233e-02
260 8 9 -3.20292914606649104e-02
260 9 0 7.38164243401322251e-01
260 9 1 1.11282446773580179e-01
260 9 2 9.15580060135262885e-02
260 9 3 -1.66692313610984355e-02
260 9 4 -1.46973459523999456e-01
260 9 5 -1.46973459523998484e-01
260 9 6 -6.01534858636564196e-01
260 9 7 -3.85995322169159771e-02
260 9 8 -3.20292914606649659e-02
260 9 9 1.62808641975308976e-01
261 0 0 3.33333333333333259e-01
261 0 1 9.42809041582073015e-01
261 1 0 9.42809041582073126e-01
261 1 1 -3.33333333333334703e-01
262 0 0 3.03030303030302588e-02
262 0 1 8.92999532961370746e-02
262 0 2 3.98793853544727905e-01
262 0 3 1.00503781525921140e-01
262 0 4 3.55334527259350830e-02
262 0 5 9.05928844174345271e-01
262 1 0 8.92999532961369358e-02
262 1 1 -1.44736842105263025e-01
262 1 2 9.79337493649090896e-02
262 1 3 9.62566926358530583e-01
262 1 4 -1.30891846341154749e-01
262 1 5 -1.33484015732747680e-01
262 2 0 3.98793853544729515e-01
262 2 1 9.79337493649090340e-02
262 2 2 -1.25149521531100899e-01
262 2 3 1.10220798408984091e-01
262 2 4 8.96285550802063180e-01
262 2 5 -1.52848746263912205e-02
262 3 0 1.00503781525921404e-01
262 3 1 9.62566926358529806e-01
262 3 2 1.10220798408984091e-01
262 3 3 8.33333333333326348e-02
262 3 4 -1.47313912747197101e-01
262 3 5 -1.50231303144333000e-01
262 4 0 3.55334527259349858e-02
262 4 1 -1.30891846341154694e-01
262 4 2 8.96285550802063291e-01
262 4 3 -1.47313912747196935e-01
262 4 4 1.35416666666666713e-01
262 4 5 -3.71803506199473222e-01
262 5 0 9.05928844174343495e-01
262 5 1 -1.33484015732747319e-01
262 5 2 -1.52848746263912552e-02
262 5 3 -1.50231303144332973e-01
262 5 4 -3.71803506199471945e-01
262 5 5 2.08333333333332350e-02
263 0 0 -3.33333333333333814e-02
263 0 1 9.82299486257506155e-02
263 0 2 3.95930718185947439e-01
263 0 3 8.47911698448612916e-02
263 0 4 -1.02343906414389771e-01
263 0 5 9.02670933848436663e-01
263 1 0 9.82299486257505600e-02
263 1 1 1.31578947368420157e-01
263 1 2 2.65174459818830650e-02
263 1 3 9.76768328412138898e-01
263 1 4 -6.03194200154652041e-02
263 1 5 -1.20912708351669076e-01
263 2 0 3.95930718185947328e-01
263 2 1 2.65174459818830546e-02
263 2 2 4.91902834008099907e-02
263 2 3 2.28896105267061729e-02
263 2 4 9.11724668293610208e-01
263 2 5 9.13794420487990672e-02
263 3 0 8.47911698448613055e-02
263 3 1 9.76768328412139564e-01
263 3 2 2.28896105267061799e-02
263 3 3 -1.56862745098038492e-01
263 3 4 -5.20671573082151368e-02
263 3 5 -1.04370715180858442e-01
263 4 0 -1.02343906414389826e-01
263 4 1 -6.03194200154651555e-02
263 4 2 9.11724668293610319e-01
263 4 3 -5.20671573082151437e-02
263 4 4 3.72046254399196821e-02
263 4 5 -3.88008052222456656e-01
263 5 0 9.02670933848436663e-01
263 5 1 -1.20912708351669090e-01
263 5 2 9.13794420487990117e-02
263 5 3 -1.04370715180858387e-01
263 5 4 -3.88008052222456601e-01
263 5 5 -2.77777777777776999e-02
264 0 0 1.00000000000000000e+00
265 0 0 1.31578947368420698e-02
265 0 1 1.16013826170738743e-01
265 0 2 -1.02731339279576159e-01
265 0 3 1.25477047417844406e-01
265 0 4 9.63705385569388118e-01
265 0 5 -1.77034952111173566e-01
265 1 0 1.16013826170738840e-01
265 1 1 4.74822874493927516e-01
265 1 2 -1.17634731954228480e-02
265 1 3 -9.48289285657630820e-02
265 1 4 1.10351160132144160e-01
265 1 5 8.60102172103690776e-01
265 2 0 -1.02731339279576089e-01
265 2 1 -1.17634731954228671e-02
265 2 2 1.04166666666666730e-02
265 2 3 9.79672309886237214e-01
265 2 4 -9.77169949963216239e-02
265 2 5 1.41042333413818444e-01
265 3 0 1.25477047417844434e-01
265 3 1 -9.48289285657629988e-02
265 3 2 9.79672309886237103e-01
265 3 3 8.54700854700855654e-03
265 3 4 1.19352479006572101e-01
265 3 5 3.44540929414467664e-02
265 4 0 9.63705385569388451e-01
265 4 1 1.10351160132144230e-01
265 4 2 -9.77169949963216100e-02
265 4 3 1.19352479006572185e-01
265 4 4 -8.33333333333336340e-02
265 4 5 -1.68393828513640376e-01
265 5 0 -1.77034952111173260e-01
265 5 1 8.60102172103690887e-01
265 5 2 1.41042333413818444e-01
265 5 3 3.44540929414467526e-02
265 5 4 -1.68393828513640348e-01
265 5 5 -4.23611111111114658e-01
266 0 0 1.00000000000000000e+00
267 0 0 8.33333333333338422e-02
267 0 1 9.96521728591779676e-01
267 1 0 9.96521728591778011e-01
267 1 1 -8.33333333333329540e-02
268 0 0 -1.11111111111110508e-01
268 0 1 9.93807989999909491e-01
268 1 0 9.93807989999910601e-01
268 1 1 1.11111111111110869e-01
269 0 0 1.00000000000000000e+00
270 0 0 1.00000000000000000e+00
271 0 0 -1.25000000000000000e-01
271 0 1 9.92156741649222518e-01
271 1 0 9.92156741649221963e-01
271 1 1 1.25000000000000444e-01
272 0 0 7.69230769230769412e-02
272 0 1 9.97037030524282275e-01
272 1 0 9.97037030524287493e-01
272 1 1 -7.69230769230767331e-02
273 0 0 1.00000000000000000e+00
274 0 0 1.31578947368420456e-02
274 0 1 1.16013826170738035e-01
274 0 2 -1.02731339279576353e-01
274 0 3 1.25477047417844711e-01
274 0 4 9.63705385569389006e-01
274 0 5 -1.77034952111173816e-01
274 1 0 1.16013826170738465e-01
274 1 1 4.74822874493926017e-01
274 1 2 -1.17634731954228827e-02
274 1 3 -9.48289285657631514e-02
274 1 4 1.10351160132144119e-01
274 1 5 8.60102172103688223e-01
274 2 0 -1.02731339279576214e-01
274 2 1 -1.17634731954228758e-02
274 2 2 1.04166666666666852e-02
274 2 3 9.79672309886241321e-01
274 2 4 -9.77169949963210549e-02
274 2 5 1.41042333413818721e-01
274 3 0 1.25477047417844462e-01
274 3 1 -9.48289285657626102e-02
274 3 2 9.79672309886237325e-01
274 3 3 8.54700854700861205e-03
274 3 4 1.19352479006572421e-01
274 3 5 3.44540929414466832e-02
274 4 0 9.63705385569393225e-01
274 4 1 1.10351160132144424e-01
274 4 2 -9.77169949963212353e-02
274 4 3 1.19352479006572199e-01
274 4 4 -8.33333333333335369e-02
274 4 5 -1.68393828513640903e-01
274 5 0 -1.77034952111174232e-01
274 5 1 8.60102172103690110e-01
274 5 2 1.41042333413818666e-01
274 5 3 3.44540929414467456e-02
274 5 4 -1.68393828513641153e-01
274 5 5 -4.23611111111112049e-01
275 0 0 1.00000000000000000e+00
276 0 0 -3.12500000000001249e-02
276 0 1 1.18585412256314082e-01
276 0 2 2.93483922046847423e-01
276 0 3 1.00222965717159246e-01
276 0 4 -1.44659390589461589e-01
276 0 5 9.31588505112180942e-01
276 1 0 1.18585412256314165e-01
276 1 1 1.49999999999999828e-01
276 1 2 1.76776695296637296e-02
276 1 3 9.71927392937795176e-01
276 1 4 -3.65962527355701492e-02
276 1 5 -1.30930734141595118e-01
276 2 0 2.93483922046847590e-01
276 2 1 1.76776695296637469e-02
276 2 2 4.37500000000005523e-02
276 2 3 1.49403576166799099e-02
276 2 4 9.44527234349847644e-01
276 2 5 1.38873014965882502e-01
276 3 0 1.00222965717159371e-01
276 3 1 9.71927392937795509e-01
276 3 2 1.49403576166799428e-02
276 3 3 -1.78571428571428492e-01
276 3 4 -3.09294787065871671e-02
276 3 5 -1.10656667034497849e-01
276 4 0 -1.44659390589462089e-01
276 4 1 -3.65962527355699480e-02
276 4 2 9.44527234349851530e-01
276 4 3 -3.09294787065871324e-02
276 4 4 4.46428571428572479e-02
276 4 5 -2.87494454249972664e-01
276 5 0 9.31588505112176168e-01
276 5 1 -1.30930734141594951e-01
276 5 2 1.38873014965882835e-01
276 5 3 -1.10656667034497391e-01
276 5 4 -2.87494454249973552e-01
276 5 5 -2.85714285714285463e-02
277 0 0 1.92307692307693012e-02
277 0 1 8.23852554571634782e-02
277 0 2 3.06275016381666154e-01
277 0 3 9.07841299003205454e-02
277 0 4 2.62071209180480373e-02
277 0 5 9.43456353049724750e-01
277 1 0 8.23852554571634643e-02
277 1 1 -1.17647058823529674e-01
277 1 2 9.37208831547881455e-02
277 1 3 9.72305585328247624e-01
277 1 4 -1.12272178284768556e-01
277 1 5 -1.12272178284767696e-01
277 2 0 3.06275016381666154e-01
277 2 1 9.37208831547881455e-02
277 2 2 -1.18250377073906579e-01
277 2 3 1.03275383240401072e-01
277 2 4 9.34141768260620009e-01
277 2 5 -1.19252140629014357e-02
277 3 0 9.07841299003205038e-02
277 3 1 9.72305585328247624e-01
277 3 2 1.03275383240401114e-01
277 3 3 7.14285714285716883e-02
277 3 4 -1.23717914826347683e-01
277 3 5 -1.23717914826348543e-01
277 4 0 2.62071209180480304e-02
277 4 1 -1.12272178284768570e-01
277 4 2 9.34141768260619565e-01
277 4 3 -1.23717914826347683e-01
277 4 4 1.30952380952382125e-01
277 4 5 -2.85714285714284588e-01
277 5 0 9.43456353049724306e-01
277 5 1 -1.12272178284767696e-01
277 5 2 -1.19252140629014427e-02
277 5 3 -1.23717914826348446e-01
277 5 4 -2.85714285714284588e-01
277 5 5 1.42857142857143044e-02
278 0 0 2.00000000000000011e-01
278 0 1 9.79795897113275305e-01
278 1 0 9.79795897113275083e-01
278 1 1 -1.99999999999999456e-01
279 0 0 1.01442307692307956e-01
279 0 1 -1.26561986356616748e-02
279 0 2 -2.27541530119216642e-02
279 0 3 6.57793514480273095e-02
279 0 4 1.32922041929731116e-01
279 0 5 1.32922041929731144e-01
279 0 6 3.34378369860805269e-01
279 0 7 -5.99556048773843137e-02
279 0 8 -1.09463457467366909e-01
279 0 9 9.06632366795220968e-01
279 1 0 -1.26561986356616783e-02
279 1 1 1.10576923076922320e-02
279 1 2 1.99666882344882890e-01
279 1 3 -1.37431301519568505e-01
279 1 4 -2.38037996782209729e-02
279 1 5 -2.38037996782211464e-02
279 1 6 3.43578253798922373e-02
279 1 7 -8.35092535910477753e-03
279 1 8 9.60537940996961326e-01
279 1 9 1.26280424302938066e-01
279 2 0 -2.27541530119216399e-02
279 2 1 1.99666882344882890e-01
279 2 2 2.56410256410256540e-02
279 2 3 -7.41249316661101304e-02
279 2 4 1.28388147753274090e-01
279 2 5 1.28388147753274423e-01
279 2 6 -1.35895708054534964e-01
279 2 7 9.45872378396267255e-01
279 2 8 -1.02792785350932850e-02
279 2 9 8.51382446968411977e-02
279 3 0 6.57793514480273928e-02
279 3 1 -1.37431301519568394e-01
279 3 2 -7.41249316661100471e-02
279 3 3 9.64285714285686546e-01
279 3 6 -3.57142857142857886e-02
279 3 7 1.08507789330392679e-01
279 3 8 1.63438450673505209e-01
279 3 9 -4.10206327071184207e-02
279 4 0 1.32922041929731199e-01
279 4 1 -2.38037996782209937e-02
279 4 2 1.28388147753274035e-01
279 4 4 -3.57142857142855111e-02
279 4 5 9.64285714285712525e-01
279 4 6 -3.09294787065870595e-02
279 4 7 -1.12764602482332013e-01
279 4 8 1.71565879076879674e-02
279 4 9 -1.42099640014701378e-01
279 5 0 1.32922041929731172e-01
279 5 1 -2.38037996782211707e-02
279 5 2 1.28388147753274506e-01
279 5 4 9.64285714285712303e-01
279 5 5 -3.57142857142856707e-02
279 5 6 -3.09294787065870942e-02
279 5 7 -1.12764602482332207e-01
279 5 8 1.71565879076879257e-02
279 5 9 -1.42099640014701351e-01
279 6 0 3.34378369860804714e-01
279 6 1 3.43578253798922720e-02
279 6 2 -1.35895708054535103e-01
279 6 3 -3.57142857142858094e-02
279 6 4 -3.09294787065870110e-02
279 6 5 -3.09294787065871012e-02
279 6 6 8.54166666666668961e-01
279 6 7 1.62761683995589546e-01
279 6 8 3.96214425875163895e-02
279 6 9 -3.28165061656947088e-01
279 7 0 -5.99556048773843067e-02
279 7 1 -8.35092535910476538e-03
279 7 2 9.45872378396267477e-01
279 7 3 1.08507789330392637e-01
279 7 4 -1.12764602482332180e-01
279 7 5 -1.12764602482332277e-01
279 7 6 1.62761683995589213e-01
279 7 7 3.73626373626374728e-02
279 7 8 -1.89596269905633996e-01
279 7 9 -2.49259257631071762e-02
279 8 0 -1.09463457467366937e-01
279 8 1 9.60537940996961659e-01
279 8 2 -1.02792785350932798e-02
279 8 3 1.63438450673505181e-01
279 8 4 1.71565879076879813e-02
279 8 5 1.71565879076879292e-02
279 8 6 3.96214425875163756e-02
279 8 7 -1.89596269905633663e-01
279 8 8 1.30494505494505499e-02
279 8 9 -1.70656147589411562e-02
279 9 0 9.06632366795222078e-01
279 9 1 1.26280424302938343e-01
279 9 2 8.51382446968411838e-02
279 9 3 -4.10206327071184693e-02
279 9 4 -1.42099640014701295e-01
279 9 5 -1.42099640014701128e-01
279 9 6 -3.28165061656946755e-01
279 9 7 -2.49259257631071311e-02
279 9 8 -1.70656147589411770e-02
279 9 9 6.44230769230770967e-02
280 0 0 1.99999999999999151e-01
280 0 1 9.79795897113269754e-01
280 1 0 9.79795897113270087e-01
280 1 1 -1.99999999999997957e-01
281 0 0 1.66666666666666803e-02
281 0 1 9.34353184302317147e-02
281 0 2 2.42752078113805031e-01
281 0 3 1.02353263143831655e-01
281 0 4 1.48249863332220819e-02
281 0 5 9.59878909742020725e-01
281 1 0 9.34353184302318673e-02
281 1 1 -1.19047619047620082e-01
281 1 2 1.23717914826348627e-01
281 1 3 9.65034982271011921e-01
281 1 4 -1.24665958689158432e-01
281 1 5 -1.22299897617557107e-01
281 2 0 2.42752078113805447e-01
281 2 1 1.23717914826348460e-01
281 2 2 -1.78571428571427243e-01
281 2 3 1.35526185435788121e-01
281 2 4 9.35687022503593591e-01
281 3 0 1.02353263143831433e-01
281 3 1 9.65034982271012476e-01
281 3 2 1.35526185435788038e-01
281 3 3 5.71428571428574672e-02
281 3 4 -1.36564715454118607e-01
281 3 5 -1.33972825411416308e-01
281 4 0 1.48249863332220663e-02
281 4 1 -1.24665958689158543e-01
281 4 2 9.35687022503591814e-01
281 4 3 -1.36564715454118829e-01
281 4 4 2.10989010989010267e-01
281 4 5 -2.13452875777101286e-01
281 5 0 9.59878909742019615e-01
281 5 1 -1.22299897617556941e-01
281 5 3 -1.33972825411416474e-01
281 5 4 -2.13452875777101342e-01
281 5 5 1.28205128205127160e-02
282 0 0 -2.22222222222223029e-02
282 0 1 1.02868899974727881e-01
282 0 2 2.37565548366599710e-01
282 0 3 8.90870806374746416e-02
282 0 4 -1.30930734141594313e-01
282 0 5 9.52579344415676155e-01
282 1 0 1.02868899974727979e-01
282 1 1 1.30952380952381153e-01
282 1 2 1.37464349807053642e-02
282 1 3 9.79433492375261561e-01
282 1 4 -2.52538136138051421e-02
282 1 5 -1.10239637961024636e-01
282 2 0 2.37565548366599599e-01
282 2 1 1.37464349807053590e-02
282 2 2 3.17460317460319108e-02
282 2 3 1.19047619047618850e-02
282 2 4 9.62299541807677516e-01
282 2 5 1.27293769304328758e-01
282 3 0 8.90870806374746832e-02
282 3 1 9.79433492375260673e-01
282 3 2 1.19047619047619110e-02
282 3 3 -1.51785714285714440e-01
282 3 4 -2.18704441319926141e-02
282 3 5 -9.54703269782466168e-02
282 4 0 -1.30930734141594562e-01
282 4 1 -2.52538136138051421e-02
282 4 2 9.62299541807678072e-01
282 4 3 -2.18704441319926279e-02
282 4 4 3.21428571428570217e-02
282 4 5 -2.33853586673372471e-01
282 5 0 9.52579344415676932e-01
282 5 1 -1.10239637961024525e-01
282 5 2 1.27293769304328702e-01
282 5 3 -9.54703269782465336e-02
282 5 4 -2.33853586673372166e-01
282 5 5 -2.08333333333334224e-02
283 0 0 1.00000000000000000e+00
284 0 0 3.57142857142859135e-02
284 0 1 1.23717914826348571e-01
284 0 2 -9.70523172123937822e-02
284 0 3 1.19789355937488767e-01
284 0 4 9.68822001932546972e-01
284 0 5 -1.45029837778830939e-01
284 1 0 1.23717914826348682e-01
284 1 1 2.85714285714287419e-01
284 1 3 -1.38320833793121434e-01
284 1 4 1.15727512471569441e-01
284 1 5 9.33025034115220198e-01
284 2 0 -9.70523172123939626e-02
284 2 2 1.09890109890109552e-02
284 2 3 9.76570103973538162e-01
284 2 4 -9.07841299003205870e-02
284 2 5 1.68905781856476922e-01
284 3 0 1.19789355937489031e-01
284 3 1 -1.38320833793121156e-01
284 3 2 9.76570103973539161e-01
284 3 3 8.92857142857138644e-03
284 3 4 1.12052682125098876e-01
284 3 5 1.38984246873956451e-02
284 4 0 9.68822001932545973e-01
284 4 1 1.15727512471569358e-01
284 4 2 -9.07841299003206842e-02
284 4 3 1.12052682125098904e-01
284 4 4 -9.37499999999993755e-02
284 4 5 -1.35662990956947255e-01
284 5 0 -1.45029837778830994e-01
284 5 1 9.33025034115219531e-01
284 5 2 1.68905781856477311e-01
284 5 3 1.38984246873956625e-02
284 5 4 -1.35662990956947477e-01
284 5 5 -2.47596153846154327e-01
285 0 0 1.00000000000000000e+00
286 0 0 7.69230769230770522e-02
286 0 1 9.97037030524286050e-01
286 1 0 9.97037030524285939e-01
286 1 1 -7.69230769230778572e-02
287 0 0 -1.25000000000000722e-01
287 0 1 9.92156741649221741e-01
287 1 0 9.92156741649221297e-01
287 1 1 1.25000000000000222e-01
288 0 0 1.00000000000000000e+00
289 0 0 1.00000000000000000e+00
290 0 0 -1.42857142857142017e-01
290 0 1 9.89743318610784795e-01
290 1 0 9.89743318610784906e-01
290 1 1 1.42857142857141850e-01
291 0 0 7.14285714285706336e-02
291 0 1 9.97445717412065669e-01
291 1 0 9.97445717412065225e-01
291 1 1 -7.14285714285717160e-02
292 0 0 1.00000000000000000e+00
293 0 0 3.57142857142858719e-02
293 0 1 1.23717914826348238e-01
293 0 2 -9.70523172123940320e-02
293 0 3 1.19789355937488629e-01
293 0 4 9.68822001932549526e-01
293 0 5 -1.45029837778831078e-01
293 1 0 1.23717914826348016e-01
293 1 1 2.85714285714285920e-01
293 1 3 -1.38320833793122322e-01
293 1 4 1.15727512471569385e-01
293 1 5 9.33025034115231855e-01
293 2 0 -9.70523172123941152e-02
293 2 2 1.09890109890110176e-02
293 2 3 9.76570103973535386e-01
293 2 4 -9.07841299003203234e-02
293 2 5 1.68905781856477144e-01
293 3 0 1.19789355937488393e-01
293 3 1 -1.38320833793122322e-01
293 3 2 9.76570103973535386e-01
293 3 3 8.92857142857141767e-03
293 3 4 1.12052682125099681e-01
293 3 5 1.38984246873957249e-02
293 4 0 9.68822001932548527e-01
293 4 1 1.15727512471569483e-01
293 4 2 -9.07841299003204760e-02
293 4 3 1.12052682125099806e-01
293 4 4 -9.37500000000000000e-02
293 4 5 -1.35662990956947949e-01
293 5 0 -1.45029837778831105e-01
293 5 1 9.33025034115232410e-01
293 5 2 1.68905781856477089e-01
293 5 3 1.38984246873957232e-02
293 5 4 -1.35662990956947893e-01
293 5 5 -2.47596153846152633e-01
294 0 0 1.00000000000000000e+00
295 0 0 -2.38095238095238949e-02
295 0 1 1.16642368703961816e-01
295 0 2 1.85841038739426173e-01
295 0 3 9.96023841112000513e-02
295 0 4 -1.85312329165273904e-01
295 0 5 9.52380952380953438e-01
295 1 0 1.16642368703961788e-01
295 1 1 1.42857142857143321e-01
295 1 3 9.75900072948538533e-01
295 1 5 -1.16642368703961066e-01
295 2 0 1.85841038739426451e-01
295 2 2 3.29670329670328777e-02
295 2 4 9.64281800812313517e-01
295 2 5 1.85841038739426367e-01
295 3 0 9.96023841111997321e-02
295 3 1 9.75900072948539310e-01
295 3 3 -1.66666666666666047e-01
295 3 5 -9.96023841111992325e-02
295 4 0 -1.85312329165274264e-01
295 4 2 9.64281800812312295e-01
295 4 4 3.84615384615384151e-02
295 4 5 -1.85312329165276568e-01
295 5 0 9.52380952380952439e-01
295 5 1 -1.16642368703960955e-01
295 5 2 1.85841038739426451e-01
295 5 3 -9.96023841111990937e-02
295 5 4 -1.85312329165276207e-01
295 5 5 -2.38095238095238533e-02
296 0 0 1.19047619047617740e-02
296 0 1 8.31204764510056343e-02
296 0 2 2.03602754481988196e-01
296 0 3 8.97803757678474618e-02
296 0 4 1.11358850796843233e-02
296 0 5 9.71241812112914715e-01
296 1 0 8.31204764510056343e-02
296 1 1 -9.82142857142856290e-02
296 1 2 1.09352220659963417e-01
296 1 3 9.74039896635708780e-01
296 1 4 -1.08852920646775847e-01
296 1 5 -1.04328106191460698e-01
296 2 0 2.03602754481987863e-01
296 2 1 1.09352220659963306e-01
296 2 2 -1.60714285714285005e-01
296 2 3 1.18113897815383354e-01
296 2 4 9.52264687843813462e-01
296 3 0 8.97803757678474201e-02
296 3 1 9.74039896635709002e-01
296 3 2 1.18113897815383284e-01
296 3 3 5.20833333333333079e-02
296 3 4 -1.17574592162687633e-01
296 3 5 -1.12687233963802633e-01
296 4 0 1.11358850796843337e-02
296 4 1 -1.08852920646775972e-01
296 4 2 9.52264687843814017e-01
296 4 3 -1.17574592162687161e-01
296 4 4 1.85416666666665092e-01
296 4 5 -1.81702705031799888e-01
296 5 0 9.71241812112915381e-01
296 5 1 -1.04328106191461170e-01
296 5 3 -1.12687233963802813e-01
296 5 4 -1.81702705031800055e-01
296 5 5 9.52380952380957151e-03
297 0 0 1.42857142857142766e-01
297 0 1 9.89743318610790457e-01
297 1 0 9.89743318610790124e-01
297 1 1 -1.42857142857143737e-01
298 0 0 4.88338192419823305e-02
298 0 1 -8.85777872084835168e-03
298 0 2 -1.97096461851166138e-02
298 0 3 8.16226875294698700e-02
298 0 4 1.18113897815383562e-01
298 0 5 1.18113897815383562e-01
298 0 6 2.15567610654755132e-01
298 0 7 -5.83090379008744733e-02
298 0 8 -1.32965064151503803e-01
298 0 9 9.46063016885600350e-01
298 1 0 -8.85777872084835341e-03
298 1 1 9.64341780668308973e-03
298 1 2 1.43717289141296833e-01
298 1 3 -1.32260014253222452e-01
298 1 6 3.05215417507434944e-02
298 1 7 -8.85777872084844015e-03
298 1 8 9.69544475373840808e-01
298 1 9 1.43717289141297333e-01
298 2 0 -1.97096461851166034e-02
298 2 1 1.43717289141296833e-01
298 2 2 3.40743440233231831e-02
298 2 3 -5.65951509862846272e-02
298 2 4 1.27759714475483482e-01
298 2 5 1.27759714475483732e-01
298 2 6 -2.01478737511172512e-01
298 2 7 9.46063016885597685e-01
298 2 8 -1.10633620763908591e-02
298 2 9 7.87172011661813331e-02
298 3 0 8.16226875294698284e-02
298 3 1 -1.32260014253222424e-01
298 3 2 -5.65951509862847105e-02
298 3 3 9.68749999999995337e-01
298 3 6 -3.12499999999997398e-02
298 3 7 8.16226875294704807e-02
298 3 8 1.52720709664243420e-01
298 3 9 -5.65951509862846341e-02
298 4 0 1.18113897815383562e-01
298 4 2 1.27759714475483566e-01
298 4 4 -3.12499999999997398e-02
298 4 5 9.68750000000005995e-01
298 4 7 -1.18113897815382951e-01
298 4 9 -1.27759714475484482e-01
298 5 0 1.18113897815383603e-01
298 5 2 1.27759714475483871e-01
298 5 4 9.68750000000004996e-01
298 5 5 -3.12500000000002359e-02
298 5 7 -1.18113897815382896e-01
298 5 9 -1.27759714475483677e-01
298 6 0 2.15567610654755187e-01
298 6 1 3.05215417507434424e-02
298 6 2 -2.01478737511172595e-01
298 6 3 -3.12499999999996982e-02
298 6 6 9.07211538461537348e-01
298 6 7 2.15567610654753689e-01
298 6 8 3.05441419328485939e-02
298 6 9 -2.01478737511173261e-01
298 7 0 -5.83090379008744178e-02
298 7 1 -8.85777872084844015e-03
298 7 2 9.46063016885598795e-01
298 7 3 8.16226875294704807e-02
298 7 4 -1.18113897815382896e-01
298 7 5 -1.18113897815382979e-01
298 7 6 2.15567610654753550e-01
298 7 7 4.88338192419825248e-02
298 7 8 -1.32965064151503526e-01
298 7 9 -1.97096461851166103e-02
298 8 0 -1.32965064151503470e-01
298 8 1 9.69544475373841141e-01
298 8 2 -1.10633620763908782e-02
298 8 3 1.52720709664243476e-01
298 8 6 3.05441419328486494e-02
298 8 7 -1.32965064151503609e-01
298 8 8 1.10787172011661446e-02
298 8 9 -1.10633620763908244e-02
298 9 0 9.46063016885600017e-01
298 9 1 1.43717289141297500e-01
298 9 2 7.87172011661810556e-02
298 9 3 -5.65951509862846272e-02
298 9 4 -1.27759714475484787e-01
298 9 5 -1.27759714475483926e-01
298 9 6 -2.01478737511173206e-01
298 9 7 -1.97096461851166173e-02
298 9 8 -1.10633620763908192e-02
298 9 9 3.40743440233238076e-02
299 0 0 1.42857142857143210e-01
299 0 1 9.89743318610783906e-01
299 1 0 9.89743318610786016e-01
299 1 1 -1.42857142857142988e-01
300 0 0 1.09890109890110575e-02
300 0 1 9.07841299003203650e-02
300 0 2 1.68905781856476200e-01
300 0 3 9.70523172123934907e-02
300 0 5 9.76570103973525394e-01
300 1 0 9.07841299003203789e-02
300 1 1 -9.37500000000007216e-02
300 1 2 1.35662990956946949e-01
300 1 3 9.68822001932551968e-01
300 1 4 -1.15727512471569080e-01
300 1 5 -1.12052682125099723e-01
300 2 0 1.68905781856476089e-01
300 2 1 1.35662990956946949e-01
300 2 2 -2.47596153846154771e-01
300 2 3 1.45029837778831772e-01
300 2 4 9.33025034115227858e-01
300 2 5 1.38984246873956156e-02
300 3 0 9.70523172123936712e-02
300 3 1 9.68822001932552190e-01
300 3 2 1.45029837778831744e-01
300 3 3 3.57142857142856915e-02
300 3 4 -1.23717914826348613e-01
300 3 5 -1.19789355937488337e-01
300 4 1 -1.15727512471569247e-01
300 4 2 9.33025034115228746e-01
300 4 3 -1.23717914826348488e-01
300 4 4 2.85714285714285698e-01
300 4 5 -1.38320833793122433e-01
300 5 0 9.76570103973527059e-01
300 5 1 -1.12052682125099695e-01
300 5 2 1.38984246873956330e-02
300 5 3 -1.19789355937488379e-01
300 5 4 -1.38320833793122377e-01
300 5 5 8.92857142857136736e-03
301 0 0 -1.78571428571428631e-02
301 0 1 1.00222965717159621e-01
301 0 2 1.61604676382125972e-01
301 0 3 8.74817765279696929e-02
301 0 4 -1.61308425580517306e-01
301 0 5 9.64285714285716744e-01
301 1 0 1.00222965717159496e-01
301 1 1 1.25000000000000888e-01
301 1 3 9.81980506061959524e-01
301 1 5 -1.00222965717159232e-01
301 2 0 1.61604676382126500e-01
301 2 2 2.49999999999999285e-02
301 2 4 9.73212647442920575e-01
301 2 5 1.61604676382125279e-01
301 3 0 8.74817765279695403e-02
301 3 1 9.81980506061959968e-01
301 3 3 -1.42857142857141101e-01
301 3 5 -8.74817765279700399e-02
301 4 0 -1.61308425580517167e-01
301 4 2 9.73212647442920908e-01
301 4 4 2.85714285714284179e-02
301 4 5 -1.61308425580516945e-01
301 5 0 9.64285714285718631e-01
301 5 1 -1.00222965717159246e-01
301 5 2 1.61604676382125279e-01
301 5 3 -8.74817765279700954e-02
301 5 4 -1.61308425580516973e-01
301 5 5 -1.78571428571430331e-02
302 0 0 1.00000000000000000e+00
303 0 0 5.20833333333324822e-02
303 0 1 1.17574592162687508e-01
303 0 2 -8.97803757678474201e-02
303 0 3 1.12687233963802813e-01
303 0 4 9.74039896635701896e-01
303 0 5 -1.18113897815383659e-01
303 1 0 1.17574592162687563e-01
303 1 1 1.85416666666667729e-01
303 1 2 1.11358850796843666e-02
303 1 3 -1.81702705031799555e-01
303 1 4 1.08852920646776249e-01
303 1 5 9.52264687843819124e-01
303 2 0 -8.97803757678473091e-02
303 2 1 1.11358850796843510e-02
303 2 2 1.19047619047618555e-02
303 2 3 9.71241812112916714e-01
303 2 4 -8.31204764510055788e-02
303 2 5 2.03602754481988474e-01
303 3 0 1.12687233963803091e-01
303 3 1 -1.81702705031799555e-01
303 3 2 9.71241812112914382e-01
303 3 3 9.52380952380952814e-03
303 3 4 1.04328106191460698e-01
303 4 0 9.74039896635702673e-01
303 4 1 1.08852920646776097e-01
303 4 2 -8.31204764510056066e-02
303 4 3 1.04328106191460684e-01
303 4 4 -9.82142857142855041e-02
303 4 5 -1.09352220659963473e-01
303 5 0 -1.18113897815383728e-01
303 5 1 9.52264687843816460e-01
303 5 2 2.03602754481988252e-01
303 5 4 -1.09352220659963417e-01
303 5 5 -1.60714285714285560e-01
304 0 0 1.00000000000000000e+00
305 0 0 7.14285714285715773e-02
305 0 1 9.97445717412063559e-01
305 1 0 9.97445717412063226e-01
305 1 1 -7.14285714285715495e-02
306 0 0 -1.42857142857142433e-01
306 0 1 9.89743318610791567e-01
306 1 0 9.89743318610789902e-01
306 1 1 1.42857142857142988e-01
307 0 0 1.00000000000000000e+00
308 0 0 1.00000000000000000e+00
309 0 0 -1.99999999999999650e-01
309 0 1 9.79795897113274084e-01
309 1 0 9.79795897113272418e-01
309 1 1 1.99999999999999539e-01
310 0 0 7.69230769230766082e-02
310 0 1 9.97037030524287160e-01
310 1 0 9.97037030524288492e-01
310 1 1 -7.69230769230774408e-02
311 0 0 1.00000000000000000e+00
312 0 0 5.71428571428572105e-02
312 0 1 1.36564715454118496e-01
312 0 2 -1.02353263143832030e-01
312 0 3 1.33972825411417196e-01
312 0 4 9.65034982271011255e-01
312 0 5 -1.35526185435787649e-01
312 1 0 1.36564715454118496e-01
312 1 1 2.10989010989010628e-01
312 1 2 1.48249863332219709e-02
312 1 3 -2.13452875777102619e-01
312 1 4 1.24665958689158543e-01
312 1 5 9.35687022503592924e-01
312 2 0 -1.02353263143832002e-01
312 2 1 1.48249863332219917e-02
312 2 2 1.66666666666666352e-02
312 2 3 9.59878909742017949e-01
312 2 4 -9.34353184302317286e-02
312 2 5 2.42752078113805309e-01
312 3 0 1.33972825411417168e-01
312 3 1 -2.13452875777102619e-01
312 3 2 9.59878909742017949e-01
312 3 3 1.28205128205127437e-02
312 3 4 1.22299897617556316e-01
312 4 0 9.65034982271010588e-01
312 4 1 1.24665958689158349e-01
312 4 2 -9.34353184302316175e-02
312 4 3 1.22299897617556372e-01
312 4 4 -1.19047619047619305e-01
312 4 5 -1.23717914826348460e-01
312 5 0 -1.35526185435787677e-01
312 5 1 9.35687022503591037e-01
312 5 2 2.42752078113805336e-01
312 5 4 -1.23717914826348543e-01
312 5 5 -1.78571428571429824e-01
313 0 0 1.00000000000000000e+00
314 0 0 -2.85714285714285289e-02
314 0 1 1.30930734141594979e-01
314 0 2 1.38873014965882585e-01
314 0 3 1.10656667034497405e-01
314 0 4 -2.87494454249973108e-01
314 0 5 9.31588505112180831e-01
314 1 0 1.30930734141595229e-01
314 1 1 1.50000000000000494e-01
314 1 2 -1.76776695296637400e-02
314 1 3 9.71927392937797952e-01
314 1 4 3.65962527355700173e-02
314 1 5 -1.18585412256314124e-01
314 2 0 1.38873014965883279e-01
314 2 1 -1.76776695296636879e-02
314 2 2 4.37499999999998238e-02
314 2 3 -1.49403576166798925e-02
314 2 4 9.44527234349845202e-01
314 2 5 2.93483922046847701e-01
314 3 0 1.10656667034497502e-01
314 3 1 9.71927392937798063e-01
314 3 2 -1.49403576166799168e-02
314 3 3 -1.78571428571428770e-01
314 3 4 3.09294787065870630e-02
314 3 5 -1.00222965717159190e-01
314 4 0 -2.87494454249972720e-01
314 4 1 3.65962527355700590e-02
314 4 2 9.44527234349845091e-01
314 4 3 3.09294787065870179e-02
314 4 4 4.46428571428571577e-02
314 4 5 -1.44659390589461118e-01
314 5 0 9.31588505112180609e-01
314 5 1 -1.18585412256313777e-01
314 5 2 2.93483922046847756e-01
314 5 3 -1.00222965717159135e-01
314 5 4 -1.44659390589461201e-01
314 5 5 -3.12500000000000208e-02
315 0 0 1.09890109890110419e-02
315 0 1 9.07841299003202401e-02
315 0 2 1.68905781856476644e-01
315 0 3 9.70523172123938654e-02
315 0 5 9.76570103973534720e-01
315 1 0 9.07841299003202262e-02
315 1 1 -9.37499999999997918e-02
315 1 2 1.35662990956946727e-01
315 1 3 9.68822001932546639e-01
315 1 4 -1.15727512471568483e-01
315 1 5 -1.12052682125099473e-01
315 2 0 1.68905781856476561e-01
315 2 1 1.35662990956946727e-01
315 2 2 -2.47596153846154354e-01
315 2 3 1.45029837778829412e-01
315 2 4 9.33025034115223972e-01
315 2 5 1.38984246873957457e-02
315 3 0 9.70523172123938654e-02
315 3 1 9.68822001932545640e-01
315 3 2 1.45029837778829718e-01
315 3 3 3.57142857142858511e-02
315 3 4 -1.23717914826347350e-01
315 3 5 -1.19789355937488323e-01
315 4 1 -1.15727512471568525e-01
315 4 2 9.33025034115223861e-01
315 4 3 -1.23717914826347503e-01
315 4 4 2.85714285714288918e-01
315 4 5 -1.38320833793121462e-01
315 5 0 9.76570103973533499e-01
315 5 1 -1.12052682125099307e-01
315 5 2 1.38984246873957509e-02
315 5 3 -1.19789355937488351e-01
315 5 4 -1.38320833793121406e-01
315 5 5 8.92857142857155991e-03
316 0 0 1.25000000000000305e-01
316 0 1 9.92156741649219631e-01
316 1 0 9.92156741649222851e-01
316 1 1 -1.24999999999999917e-01
317 0 0 3.73626373626375491e-02
317 0 1 -8.35092535910476885e-03
317 0 2 -2.49259257631071762e-02
317 0 3 1.08507789330392915e-01
317 0 4 1.12764602482332832e-01
317 0 5 1.12764602482332332e-01
317 0 6 1.62761683995588768e-01
317 0 7 -5.99556048773839945e-02
317 0 8 -1.89596269905633746e-01
317 0 9 9.45872378396271474e-01
317 1 0 -8.35092535910478447e-03
317 1 1 1.10576923076922875e-02
317 1 2 1.26280424302938010e-01
317 1 3 -1.37431301519568505e-01
317 1 4 2.38037996782211186e-02
317 1 5 2.38037996782213095e-02
317 1 6 3.43578253798921818e-02
317 1 7 -1.26561986356617182e-02
317 1 8 9.60537940996956996e-01
317 1 9 1.99666882344883251e-01
317 2 0 -2.49259257631071519e-02
317 2 1 1.26280424302937955e-01
317 2 2 6.44230769230764166e-02
317 2 3 -4.10206327071182611e-02
317 2 4 1.42099640014701351e-01
317 2 5 1.42099640014701128e-01
317 2 6 -3.28165061656947699e-01
317 2 7 9.06632366795224076e-01
317 2 8 -1.70656147589412673e-02
317 2 9 8.51382446968407675e-02
317 3 0 1.08507789330392748e-01
317 3 1 -1.37431301519568477e-01
317 3 2 -4.10206327071182472e-02
317 3 3 9.64285714285686990e-01
317 3 6 -3.57142857142857123e-02
317 3 7 6.57793514480272956e-02
317 3 8 1.63438450673504321e-01
317 3 9 -7.41249316661102414e-02
317 4 0 1.12764602482332763e-01
317 4 1 2.38037996782211290e-02
317 4 2 1.42099640014701295e-01
317 4 4 -3.57142857142856013e-02
317 4 5 9.64285714285711193e-01
317 4 6 3.09294787065870318e-02
317 4 7 -1.32922041929730700e-01
317 4 8 -1.71565879076879986e-02
317 4 9 -1.28388147753273368e-01
317 5 0 1.12764602482332416e-01
317 5 1 2.38037996782212852e-02
317 5 2 1.42099640014701045e-01
317 5 4 9.64285714285711304e-01
317 5 5 -3.57142857142857609e-02
317 5 6 3.09294787065871948e-02
317 5 7 -1.32922041929730533e-01
317 5 8 -1.71565879076879847e-02
317 5 9 -1.28388147753274257e-01
317 6 0 1.62761683995588935e-01
317 6 1 3.43578253798922373e-02
317 6 2 -3.28165061656948032e-01
317 6 3 -3.57142857142857470e-02
317 6 4 3.09294787065870456e-02
317 6 5 3.09294787065871740e-02
317 6 6 8.54166666666668961e-01
317 6 7 3.34378369860804603e-01
317 6 8 3.96214425875166115e-02
317 6 9 -1.35895708054535325e-01
317 7 0 -5.99556048773840430e-02
317 7 1 -1.26561986356617216e-02
317 7 2 9.06632366795222633e-01
317 7 3 6.57793514480272540e-02
317 7 4 -1.32922041929730922e-01
317 7 5 -1.32922041929730478e-01
317 7 6 3.34378369860804436e-01
317 7 7 1.01442307692307984e-01
317 7 8 -1.09463457467366715e-01
317 7 9 -2.27541530119216850e-02
317 8 0 -1.89596269905633580e-01
317 8 1 9.60537940996957218e-01
317 8 2 -1.70656147589412603e-02
317 8 3 1.63438450673504460e-01
317 8 4 -1.71565879076880194e-02
317 8 5 -1.71565879076879500e-02
317 8 6 3.96214425875166046e-02
317 8 7 -1.09463457467366770e-01
317 8 8 1.30494505494505100e-02
317 8 9 -1.02792785350932486e-02
317 9 0 9.45872378396271807e-01
317 9 1 1.99666882344883140e-01
317 9 2 8.51382446968409062e-02
317 9 3 -7.41249316661101998e-02
317 9 4 -1.28388147753273479e-01
317 9 5 -1.28388147753274340e-01
317 9 6 -1.35895708054535436e-01
317 9 7 -2.27541530119216365e-02
317 9 8 -1.02792785350932399e-02
317 9 9 2.56410256410256297e-02
318 0 0 1.25000000000000805e-01
318 0 1 9.92156741649221852e-01
318 1 0 9.92156741649219187e-01
318 1 1 -1.24999999999999695e-01
319 0 0 1.04166666666666904e-02
319 0 1 9.77169949963221235e-02
319 0 2 1.41042333413818860e-01
319 0 3 1.02731339279576478e-01
319 0 4 -1.17634731954229139e-02
319 0 5 9.79672309886240100e-01
319 1 0 9.77169949963215961e-02
319 1 1 -8.33333333333336895e-02
319 1 2 1.68393828513641236e-01
319 1 3 9.63705385569387118e-01
319 1 4 -1.10351160132144355e-01
319 1 5 -1.19352479006571963e-01
319 2 0 1.41042333413818777e-01
319 2 1 1.68393828513640931e-01
319 2 2 -4.23611111111110827e-01
319 2 3 1.77034952111174509e-01
319 2 4 8.60102172103694662e-01
319 2 5 3.44540929414467109e-02
319 3 0 1.02731339279576617e-01
319 3 1 9.63705385569385120e-01
319 3 2 1.77034952111174537e-01
319 3 3 1.31578947368421566e-02
319 3 4 -1.16013826170738008e-01
319 3 5 -1.25477047417844295e-01
319 4 0 -1.17634731954229105e-02
319 4 1 -1.10351160132144355e-01
319 4 2 8.60102172103697105e-01
319 4 3 -1.16013826170738230e-01
319 4 4 4.74822874493928682e-01
319 4 5 -9.48289285657628878e-02
319 5 0 9.79672309886243209e-01
319 5 1 -1.19352479006572074e-01
319 5 2 3.44540929414468775e-02
319 5 3 -1.25477047417844406e-01
319 5 4 -9.48289285657628600e-02
319 5 5 8.54700854700850277e-03
320 0 0 -2.08333333333332246e-02
320 0 1 1.10239637961024595e-01
320 0 2 1.27293769304329063e-01
320 0 3 9.54703269782466446e-02
320 0 4 -2.33853586673373082e-01
320 0 5 9.52579344415675155e-01
320 1 0 1.10239637961024692e-01
320 1 1 1.30952380952381237e-01
320 1 2 -1.37464349807054804e-02
320 1 3 9.79433492375264669e-01
320 1 4 2.52538136138052254e-02
320 1 5 -1.02868899974727396e-01
320 2 0 1.27293769304328841e-01
320 2 1 -1.37464349807054631e-02
320 2 2 3.17460317460315222e-02
320 2 3 -1.19047619047619058e-02
320 2 4 9.62299541807675851e-01
320 2 5 2.37565548366599738e-01
320 3 0 9.54703269782467834e-02
320 3 1 9.79433492375263337e-01
320 3 2 -1.19047619047618972e-02
320 3 3 -1.51785714285713663e-01
320 3 4 2.18704441319925690e-02
320 3 5 -8.90870806374748081e-02
320 4 0 -2.33853586673373054e-01
320 4 1 2.52538136138052184e-02
320 4 2 9.62299541807674408e-01
320 4 3 2.18704441319925516e-02
320 4 4 3.21428571428570703e-02
320 4 5 -1.30930734141595478e-01
320 5 0 9.52579344415675711e-01
320 5 1 -1.02868899974727451e-01
320 5 2 2.37565548366599849e-01
320 5 3 -8.90870806374749330e-02
320 5 4 -1.30930734141595090e-01
320 5 5 -2.22222222222222612e-02
321 0 0 1.00000000000000000e+00
322 0 0 7.14285714285717577e-02
322 0 1 1.23717914826347905e-01
322 0 2 -9.07841299003206981e-02
322 0 3 1.23717914826348391e-01
322 0 4 9.72305585328255395e-01
322 0 5 -1.03275383240401697e-01
322 1 0 1.23717914826347961e-01
322 1 1 1.30952380952380792e-01
322 1 2 2.62071209180479436e-02
322 1 3 -2.85714285714287308e-01
322 1 4 1.12272178284768390e-01
322 1 5 9.34141768260619565e-01
322 2 0 -9.07841299003207258e-02
322 2 1 2.62071209180479575e-02
322 2 2 1.92307692307691173e-02
322 2 3 9.43456353049730634e-01
322 2 4 -8.23852554571633811e-02
322 2 5 3.06275016381666709e-01
322 3 0 1.23717914826348460e-01
322 3 1 -2.85714285714287308e-01
322 3 2 9.43456353049730856e-01
322 3 3 1.42857142857142471e-02
322 3 4 1.12272178284767959e-01
322 3 5 -1.19252140629015260e-02
322 4 0 9.72305585328254951e-01
322 4 1 1.12272178284768348e-01
322 4 2 -8.23852554571632978e-02
322 4 3 1.12272178284767876e-01
322 4 4 -1.17647058823528480e-01
322 4 5 -9.37208831547873961e-02
322 5 0 -1.03275383240401711e-01
322 5 1 9.34141768260619343e-01
322 5 2 3.06275016381666709e-01
322 5 3 -1.19252140629015190e-02
322 5 4 -9.37208831547873961e-02
322 5 5 -1.18250377073906093e-01
323 0 0 1.00000000000000000e+00
324 0 0 7.69230769230765388e-02
324 0 1 9.97037030524291046e-01
324 1 0 9.97037030524287493e-01
324 1 1 -7.69230769230771494e-02
325 0 0 -1.99999999999999206e-01
325 0 1 9.79795897113266867e-01
325 1 0 9.79795897113265535e-01
325 1 1 2.00000000000000983e-01
326 0 0 1.00000000000000000e+00
327 0 0 1.00000000000000000e+00
328 0 0 -3.33333333333332815e-01
328 0 1 9.42809041582065244e-01
328 1 0 9.42809041582063134e-01
328 1 1 3.33333333333333315e-01
329 0 0 8.33333333333335785e-02
329 0 1 9.96521728591782563e-01
329 1 0 9.96521728591782452e-01
329 1 1 -8.33333333333335369e-02
330 0 0 1.00000000000000000e+00
331 0 0 8.33333333333331761e-02
331 0 1 1.47313912747197656e-01
331 0 2 -1.00503781525921279e-01
331 0 3 1.50231303144332695e-01
331 0 4 9.62566926358525810e-01
331 0 5 -1.10220798408983842e-01
331 1 0 1.47313912747197712e-01
331 1 1 1.35416666666666824e-01
331 1 2 3.55334527259348817e-02
331 1 3 -3.71803506199474054e-01
331 1 4 1.30891846341155249e-01
331 1 5 8.96285550802062625e-01
331 2 0 -1.00503781525921265e-01
331 2 1 3.55334527259348540e-02
331 2 2 3.03030303030302657e-02
331 2 3 9.05928844174347714e-01
331 2 4 -8.92999532961365194e-02
331 2 5 3.98793853544729238e-01
331 3 0 1.50231303144332862e-01
331 3 1 -3.71803506199473999e-01
331 3 2 9.05928844174349712e-01
331 3 3 2.08333333333333703e-02
331 3 4 1.33484015732747624e-01
331 3 5 -1.52848746263912118e-02
331 4 0 9.62566926358528141e-01
331 4 1 1.30891846341155416e-01
331 4 2 -8.92999532961365333e-02
331 4 3 1.33484015732747402e-01
331 4 4 -1.44736842105262914e-01
331 4 5 -9.79337493649091312e-02
331 5 0 -1.10220798408984161e-01
331 5 1 8.96285550802062181e-01
331 5 2 3.98793853544728683e-01
331 5 3 -1.52848746263911945e-02
331 5 4 -9.79337493649089647e-02
331 5 5 -1.25149521531100205e-01
332 0 0 1.00000000000000000e+00
333 0 0 -4.16666666666667268e-02
333 0 1 1.46986183948032811e-01
333 0 2 8.37531512716010590e-02
333 0 3 1.23898656945837946e-01
333 0 4 -5.53304016728805581e-01
333 0 5 8.05076485899414829e-01
333 1 0 1.46986183948032811e-01
333 1 1 1.48148148148148084e-01
333 1 2 -2.95453346376839399e-02
333 1 3 9.67805338634418533e-01
333 1 4 9.29463382652405412e-02
333 1 5 -1.01430103241697545e-01
333 2 0 8.37531512716011145e-02
333 2 1 -2.95453346376839503e-02
333 2 2 7.40740740740741532e-02
333 2 3 -2.49045670980791237e-02
333 2 4 8.15600808215987128e-01
333 2 5 5.66392618753437938e-01
333 3 0 1.23898656945838209e-01
333 3 1 9.67805338634415313e-01
333 3 2 -2.49045670980791202e-02
333 3 3 -1.84210526315789352e-01
333 3 4 7.83469994919273743e-02
333 3 5 -8.54981960070963498e-02
333 4 0 -5.53304016728806469e-01
333 4 1 9.29463382652405690e-02
333 4 2 8.15600808215987350e-01
333 4 3 7.83469994919273188e-02
333 4 4 5.92105263157895259e-02
333 4 5 -1.01817612210755623e-01
333 5 0 8.05076485899414607e-01
333 5 1 -1.01430103241697392e-01
333 5 2 5.66392618753438937e-01
333 5 3 -8.54981960070964053e-02
333 5 4 -1.01817612210755734e-01
333 5 5 -5.55555555555555941e-02
334 0 0 1.04166666666667615e-02
334 0 1 9.77169949963214712e-02
334 0 2 1.41042333413818555e-01
334 0 3 1.02731339279576131e-01
334 0 4 -1.17634731954229452e-02
334 0 5 9.79672309886237436e-01
334 1 0 9.77169949963215961e-02
334 1 1 -8.33333333333335646e-02
334 1 2 1.68393828513641097e-01
334 1 3 9.63705385569390893e-01
334 1 4 -1.10351160132144077e-01
334 1 5 -1.19352479006571935e-01
334 2 0 1.41042333413818666e-01
334 2 1 1.68393828513641097e-01
334 2 2 -4.23611111111108829e-01
334 2 3 1.77034952111174482e-01
334 2 4 8.60102172103691109e-01
334 2 5 3.44540929414468150e-02
334 3 0 1.02731339279576242e-01
334 3 1 9.63705385569390893e-01
334 3 2 1.77034952111174426e-01
334 3 3 1.31578947368420993e-02
334 3 4 -1.16013826170738979e-01
334 3 5 -1.25477047417844545e-01
334 4 0 -1.17634731954229365e-02
334 4 1 -1.10351160132144147e-01
334 4 2 8.60102172103690665e-01
334 4 3 -1.16013826170738979e-01
334 4 4 4.74822874493926961e-01
334 4 5 -9.48289285657631514e-02
334 5 0 9.79672309886236881e-01
334 5 1 -1.19352479006572185e-01
334 5 2 3.44540929414467942e-02
334 5 3 -1.25477047417844545e-01
334 5 4 -9.48289285657631237e-02
334 5 5 8.54700854700850624e-03
335 0 0 3.04783950617284159e-02
335 0 1 -7.78587930724559691e-03
335 0 2 -3.85995322169160465e-02
335 0 3 1.41117848335253565e-01
335 0 4 9.54850181112070623e-02
335 0 5 9.54850181112070484e-02
335 0 6 1.22020288281619357e-01
335 0 7 -5.16456806502515811e-02
335 0 8 -3.20453021047342912e-01
335 0 9 9.16037735775015793e-01
335 1 0 -7.78587930724559951e-03
335 1 1 1.23456790123456870e-02
335 1 2 1.11282446773579832e-01
335 1 3 -1.29449962696951582e-01
335 1 4 5.50566591632325048e-02
335 1 5 5.50566591632323868e-02
335 1 6 4.16089165811628914e-02
335 1 7 -1.86118113936891219e-02
335 1 8 9.23866021425666206e-01
335 1 9 3.30117085361011142e-01
335 2 0 -3.85995322169158453e-02
335 2 1 1.11282446773579763e-01
335 2 2 1.62808641975309448e-01
335 2 3 -1.66692313610984633e-02
335 2 4 1.46973459523999317e-01
335 2 5 1.46973459523999678e-01
335 2 6 -6.01534858636564418e-01
335 2 7 7.38164243401321807e-01
335 2 8 -3.20292914606648063e-02
335 2 9 9.15580060135267049e-02
335 3 0 1.41117848335253704e-01
335 3 1 -1.29449962696951471e-01
335 3 2 -1.66692313610984355e-02
335 3 3 9.60526315789482110e-01
335 3 6 -3.94736842105263483e-02
335 3 7 3.83336567313650942e-02
335 3 8 1.72984788979520632e-01
335 3 9 -8.65356298808585001e-02
335 4 0 9.54850181112070207e-02
335 4 1 5.50566591632324215e-02
335 4 2 1.46973459523998706e-01
335 4 4 -3.94736842105264593e-02
335 4 5 9.60526315789469343e-01
335 4 6 9.49204032306043693e-02
335 4 7 -1.27821596458446651e-01
335 4 8 -3.48620724606343441e-02
335 4 9 -1.24569639790297004e-01
335 5 0 9.54850181112073121e-02
335 5 1 5.50566591632323105e-02
335 5 2 1.46973459523999567e-01
335 5 4 9.60526315789471785e-01
335 5 5 -3.94736842105265634e-02
335 5 6 9.49204032306044526e-02
335 5 7 -1.27821596458446735e-01
335 5 8 -3.48620724606342747e-02
335 5 9 -1.24569639790297060e-01
335 6 0 1.22020288281619510e-01
335 6 1 4.16089165811628289e-02
335 6 2 -6.01534858636563752e-01
335 6 3 -3.94736842105263969e-02
335 6 4 9.49204032306045220e-02
335 6 5 9.49204032306046469e-02
335 6 6 5.42940283400809687e-01
335 6 7 5.46986432777735065e-01
335 6 8 6.46696980338828109e-02
335 6 9 -6.16209760030727444e-02
335 7 0 -5.16456806502515464e-02
335 7 1 -1.86118113936891844e-02
335 7 2 7.38164243401322584e-01
335 7 3 3.83336567313649762e-02
335 7 4 -1.27821596458446707e-01
335 7 5 -1.27821596458446624e-01
335 7 6 5.46986432777735065e-01
335 7 7 3.34876543209875976e-01
335 7 8 -7.66029237406842117e-02
335 7 9 -2.73718627257049339e-02
335 8 0 -3.20453021047342523e-01
335 8 1 9.23866021425663875e-01
335 8 2 -3.20292914606648549e-02
335 8 3 1.72984788979520687e-01
335 8 4 -3.48620724606343302e-02
335 8 5 -3.48620724606342400e-02
335 8 6 6.46696980338828109e-02
335 8 7 -7.66029237406841979e-02
335 8 8 1.61443494776828469e-02
335 8 9 -9.50142331493311967e-03
335 9 0 9.16037735775016126e-01
335 9 1 3.30117085361011142e-01
335 9 2 9.15580060135266216e-02
335 9 3 -8.65356298808585694e-02
335 9 4 -1.24569639790297421e-01
335 9 5 -1.24569639790296671e-01
335 9 6 -6.16209760030727097e-02
335 9 7 -2.73718627257049409e-02
335 9 8 -9.50142331493312835e-03
335 9 9 1.88271604938271830e-02
336 0 0 1.11111111111110758e-01
336 0 1 9.93807989999911268e-01
336 1 0 9.93807989999910713e-01
336 1 1 -1.11111111111111188e-01
337 0 0 1.01010101010101036e-02
337 0 1 1.03114704148291006e-01
337 0 2 1.22796660637449095e-01
337 0 3 1.05940287693955137e-01
337 0 4 9.81306762925316267e-01
337 1 0 1.03114704148291172e-01
337 1 1 -6.57894736842105504e-02
337 1 2 2.19371598577396465e-01
337 1 3 9.59810075023678433e-01
337 1 4 -1.25219106215479159e-01
337 2 0 1.22796660637449470e-01
337 2 1 2.19371598577396326e-01
337 2 2 -9.38755980861244121e-01
337 2 3 2.25382892354032055e-01
337 2 4 6.88247201611684734e-02
337 3 0 1.05940287693954679e-01
337 3 1 9.59810075023680764e-01
337 3 2 2.25382892354032360e-01
337 3 3 -1.38888888888889020e-02
337 3 4 -1.28650401965660077e-01
337 4 0 9.81306762925316267e-01
337 4 1 -1.25219106215479214e-01
337 4 2 6.88247201611685150e-02
337 4 3 -1.28650401965660133e-01
337 4 4 8.33333333333333669e-03
338 0 0 -2.77777777777777693e-02
338 0 1 1.20912708351668660e-01
338 0 2 9.13794420487990255e-02
338 0 3 1.04370715180858248e-01
338 0 4 -3.88008052222455824e-01
338 0 5 9.02670933848438883e-01
338 1 0 1.20912708351668743e-01
338 1 1 1.31578947368420324e-01
338 1 2 -2.65174459818830824e-02
338 1 3 9.76768328412142339e-01
338 1 4 6.03194200154651972e-02
338 1 5 -9.82299486257502408e-02
338 2 0 9.13794420487990117e-02
338 2 1 -2.65174459818830754e-02
338 2 2 4.91902834008099213e-02
338 2 3 -2.28896105267062007e-02
338 2 4 9.11724668293611984e-01
338 2 5 3.95930718185944941e-01
338 3 0 1.04370715180858248e-01
338 3 1 9.76768328412142561e-01
338 3 2 -2.28896105267062076e-02
338 3 3 -1.56862745098039297e-01
338 3 4 5.20671573082150813e-02
338 3 5 -8.47911698448612222e-02
338 4 0 -3.88008052222455824e-01
338 4 1 6.03194200154652180e-02
338 4 2 9.11724668293612206e-01
338 4 3 5.20671573082151021e-02
338 4 4 3.72046254399195850e-02
338 4 5 -1.02343906414390687e-01
338 5 0 9.02670933848438994e-01
338 5 1 -9.82299486257502963e-02
338 5 2 3.95930718185944719e-01
338 5 3 -8.47911698448612222e-02
338 5 4 -1.02343906414390673e-01
338 5 5 -3.33333333333333259e-02
339 0 0 9.21052631578950370e-02
339 0 1 1.32587229909415655e-01
339 0 2 -7.76575930246744262e-02
339 0 3 1.37453218639797259e-01
339 0 4 9.71707779516010839e-01
339 0 5 -6.92614548129552171e-02
339 1 0 1.32587229909415127e-01
339 1 1 6.55870445344127334e-02
339 1 2 4.26832794918355143e-02
339 1 3 -5.54026061648151158e-01
339 1 4 1.17970352413574689e-01
339 1 5 8.09589539626145216e-01
339 2 0 -7.76575930246742457e-02
339 2 1 4.26832794918354658e-02
339 2 2 4.16666666666666782e-02
339 2 3 8.11245744592634765e-01
339 2 4 -6.90963497990709358e-02
339 2 5 5.72291325385166916e-01
339 3 0 1.37453218639796954e-01
339 3 1 -5.54026061648152268e-01
339 3 2 8.11245744592636209e-01
339 3 3 2.56410256410256471e-02
339 3 4 1.22299897617557371e-01
339 3 5 -2.06724557648681091e-02
339 4 0 9.71707779516013170e-01
339 4 1 1.17970352413574453e-01
339 4 2 -6.90963497990710190e-02
339 4 3 1.22299897617557246e-01
339 4 4 -1.35416666666666075e-01
339 4 5 -6.16258310739542167e-02
339 5 0 -6.92614548129551061e-02
339 5 1 8.09589539626142329e-01
339 5 2 5.72291325385166250e-01
339 5 3 -2.06724557648681299e-02
339 5 4 -6.16258310739541057e-02
339 5 5 -8.95833333333330428e-02
340 0 0 1.00000000000000000e+00
341 0 0 -3.33333333333333648e-01
341 0 1 9.42809041582070795e-01
341 1 0 9.42809041582070240e-01
341 1 1 3.33333333333334203e-01
342 0 0 1.00000000000000000e+00
343 0 0 1.00000000000000000e+00
344 0 0 -1.00000000000000000e+00
345 0 0 9.09090909090908700e-02
345 0 1 9.95859195463940194e-01
345 1 0 9.95859195463939861e-01
345 1 1 -9.09090909090906618e-02
346 0 0 1.11111111111111133e-01
346 0 1 1.77272007826103417e-01
346 0 2 1.74077655955697796e-01
346 0 3 9.62250448649376144e-01
346 1 0 1.77272007826103695e-01
346 1 1 1.01010101010100949e-02
346 1 2 -9.72061511051238725e-01
346 1 3 1.53522062157279537e-01
346 2 0 1.74077655955697935e-01
346 2 1 -9.72061511051239613e-01
346 2 2 4.54545454545454211e-02
346 2 3 1.50755672288881704e-01
346 3 0 9.62250448649377033e-01
346 3 1 1.53522062157279537e-01
346 3 2 1.50755672288881509e-01
346 3 3 -1.66666666666666935e-01
347 0 0 1.00000000000000000e+00
348 0 0 1.01010101010101262e-02
348 0 1 1.03114704148291034e-01
348 0 2 1.22796660637449373e-01
348 0 3 1.05940287693954846e-01
348 0 4 9.81306762925315046e-01
348 1 0 1.03114704148291034e-01
348 1 1 -6.57894736842104255e-02
348 1 2 2.19371598577396687e-01
348 1 3 9.59810075023679987e-01
348 1 4 -1.25219106215479908e-01
348 2 0 1.22796660637449276e-01
348 2 1 2.19371598577396826e-01
348 2 2 -9.38755980861245121e-01
348 2 3 2.25382892354032166e-01
348 2 4 6.88247201611684872e-02
348 3 0 1.05940287693954957e-01
348 3 1 9.59810075023679765e-01
348 3 2 2.25382892354032138e-01
348 3 3 -1.38888888888888951e-02
348 3 4 -1.28650401965660244e-01
348 4 0 9.81306762925315046e-01
348 4 1 -1.25219106215479714e-01
348 4 2 6.88247201611684317e-02
348 4 3 -1.28650401965660299e-01
348 4 4 8.33333333333335056e-03
349 0 0 3.03030303030302969e-02
349 0 1 -1.14991914915213725e-01
349 0 2 2.01007563051842419e-01
349 0 3 -9.72344869608795181e-01
349 1 0 -1.14991914915213780e-01
349 1 1 9.86363636363636442e-01
349 1 2 2.38365647311398095e-02
349 1 3 -1.15305917217871090e-01
349 2 0 2.01007563051842447e-01
349 2 1 2.38365647311398164e-02
349 2 2 9.58333333333333592e-01
349 2 3 2.01556443707463867e-01
349 3 0 -9.72344869608794848e-01
349 3 1 -1.15305917217870993e-01
349 3 2 2.01556443707463590e-01
349 3 3 2.49999999999999771e-02
350 0 0 9.99999999999997419e-02
350 0 1 9.94987437106623740e-01
350 1 0 9.94987437106623407e-01
350 1 1 -9.99999999999998807e-02
351 0 0 -5.00000000000000305e-02
351 0 1 1.36930639376291768e-01
351 0 2 1.18585412256313971e-01
351 0 3 -9.82185064028160415e-01
351 1 0 1.36930639376291546e-01
351 1 1 1.24999999999999584e-01
351 1 2 9.74278579257496169e-01
351 1 3 1.28086884574495186e-01
351 2 0 1.18585412256313957e-01
351 2 1 9.74278579257495947e-01
351 2 2 -1.56250000000000472e-01
351 2 3 1.10926495933117930e-01
351 3 0 -9.82185064028159416e-01
351 3 1 1.28086884574495352e-01
351 3 2 1.10926495933118013e-01
351 3 3 8.12499999999996281e-02
352 0 0 1.00000000000000000e+00
353 0 0 -1.00000000000000000e+00
END_VALUES
END_TABLE
