SU3_ADJOINT_SWAP_TABLE_V1
# Eq8 convention: B(g1,g2)[in] = sum_out W[out,in] B(g2,g1)[out]
# Irrep convention: SU(3) Dynkin labels p q; adjoint=(1,1)
# Vertex convention: isometric real CG maps; multiplicities are zero-based
# Self vertex mult=0: normalized action v tensor X -> rho(X)v (except 8x8)
# 8x8->8: mult=0 Jordan/symmetric, mult=1 Lie-bracket/antisymmetric
NC 3
ADJOINT_PQ 1 1
MAX_PREFIX_GLUONS 5
NBLOCKS 243
NPATHS 805
NVALUES 3875
BEGIN_BLOCKS
# block left_p left_q right_p right_q size
0 0 0 0 0 1
1 0 0 0 3 1
2 0 0 1 1 2
3 0 0 2 2 1
4 0 0 3 0 1
5 1 1 0 0 2
6 1 1 0 3 4
7 1 1 1 1 8
8 1 1 1 4 2
9 1 1 2 2 6
10 1 1 3 0 4
11 1 1 3 3 1
12 1 1 4 1 2
13 0 3 0 0 1
14 0 3 0 3 4
15 0 3 0 6 1
16 0 3 1 1 4
17 0 3 1 4 4
18 0 3 2 2 5
19 0 3 2 5 1
20 0 3 3 0 2
21 0 3 3 3 2
22 0 3 4 1 1
23 2 2 0 0 1
24 2 2 0 3 5
25 2 2 0 6 1
26 2 2 1 1 6
27 2 2 1 4 6
28 2 2 2 2 10
29 2 2 2 5 2
30 2 2 3 0 5
31 2 2 3 3 6
32 2 2 4 1 6
33 2 2 4 4 1
34 2 2 5 2 2
35 2 2 6 0 1
36 3 0 0 0 1
37 3 0 0 3 2
38 3 0 1 1 4
39 3 0 1 4 1
40 3 0 2 2 5
41 3 0 3 0 4
42 3 0 3 3 2
43 3 0 4 1 4
44 3 0 5 2 1
45 3 0 6 0 1
46 1 4 0 3 4
47 1 4 0 6 4
48 1 4 1 1 2
49 1 4 1 4 9
50 1 4 1 7 2
51 1 4 2 2 6
52 1 4 2 5 6
53 1 4 3 0 1
54 1 4 3 3 6
55 1 4 3 6 1
56 1 4 4 1 2
57 1 4 4 4 2
58 1 4 5 2 1
59 3 3 0 3 2
60 3 3 0 6 2
61 3 3 1 1 1
62 3 3 1 4 6
63 3 3 1 7 1
64 3 3 2 2 6
65 3 3 2 5 6
66 3 3 3 0 2
67 3 3 3 3 10
68 3 3 3 6 2
69 3 3 4 1 6
70 3 3 4 4 6
71 3 3 5 2 6
72 3 3 5 5 1
73 3 3 6 0 2
74 3 3 6 3 2
75 3 3 7 1 1
76 4 1 0 3 1
77 4 1 1 1 2
78 4 1 1 4 2
79 4 1 2 2 6
80 4 1 2 5 1
81 4 1 3 0 4
82 4 1 3 3 6
83 4 1 4 1 9
84 4 1 4 4 2
85 4 1 5 2 6
86 4 1 6 0 4
87 4 1 6 3 1
88 4 1 7 1 2
89 0 6 0 3 1
90 0 6 0 6 4
91 0 6 0 9 1
92 0 6 1 4 4
93 0 6 1 7 4
94 0 6 2 2 1
95 0 6 2 5 5
96 0 6 2 8 1
97 0 6 3 3 2
98 0 6 3 6 2
99 0 6 4 4 1
100 2 5 0 3 1
101 2 5 0 6 5
102 2 5 0 9 1
103 2 5 1 4 6
104 2 5 1 7 6
105 2 5 2 2 2
106 2 5 2 5 10
107 2 5 2 8 2
108 2 5 3 3 6
109 2 5 3 6 6
110 2 5 4 1 1
111 2 5 4 4 6
112 2 5 4 7 1
113 2 5 5 2 2
114 2 5 5 5 2
115 2 5 6 3 1
116 4 4 0 6 1
117 4 4 1 4 2
118 4 4 1 7 2
119 4 4 2 2 1
120 4 4 2 5 6
121 4 4 2 8 1
122 4 4 3 3 6
123 4 4 3 6 6
124 4 4 4 1 2
125 4 4 4 4 10
126 4 4 4 7 2
127 4 4 5 2 6
128 4 4 5 5 6
129 4 4 6 0 1
130 4 4 6 3 6
131 4 4 6 6 1
132 4 4 7 1 2
133 4 4 7 4 2
134 4 4 8 2 1
135 5 2 1 4 1
136 5 2 2 2 2
137 5 2 2 5 2
138 5 2 3 0 1
139 5 2 3 3 6
140 5 2 3 6 1
141 5 2 4 1 6
142 5 2 4 4 6
143 5 2 5 2 10
144 5 2 5 5 2
145 5 2 6 0 5
146 5 2 6 3 6
147 5 2 7 1 6
148 5 2 7 4 1
149 5 2 8 2 2
150 5 2 9 0 1
151 6 0 2 2 1
152 6 0 3 0 1
153 6 0 3 3 2
154 6 0 4 1 4
155 6 0 4 4 1
156 6 0 5 2 5
157 6 0 6 0 4
158 6 0 6 3 2
159 6 0 7 1 4
160 6 0 8 2 1
161 6 0 9 0 1
162 1 7 0 6 4
163 1 7 0 9 4
164 1 7 1 4 2
165 1 7 1 7 9
166 1 7 1 10 2
167 1 7 2 5 6
168 1 7 2 8 6
169 1 7 3 3 1
170 1 7 3 6 6
171 1 7 3 9 1
172 1 7 4 4 2
173 1 7 4 7 2
174 1 7 5 5 1
175 3 6 0 6 2
176 3 6 0 9 2
177 3 6 1 4 1
178 3 6 1 7 6
179 3 6 1 10 1
180 3 6 2 5 6
181 3 6 2 8 6
182 3 6 3 3 2
183 3 6 3 6 10
184 3 6 3 9 2
185 3 6 4 4 6
186 3 6 4 7 6
187 3 6 5 2 1
188 3 6 5 5 6
189 3 6 5 8 1
190 3 6 6 3 2
191 3 6 6 6 2
192 3 6 7 4 1
193 5 5 1 7 1
194 5 5 2 5 2
195 5 5 2 8 2
196 5 5 3 3 1
197 5 5 3 6 6
198 5 5 3 9 1
199 5 5 4 4 6
200 5 5 4 7 6
201 5 5 5 2 2
202 5 5 5 5 10
203 5 5 5 8 2
204 5 5 6 3 6
205 5 5 6 6 6
206 5 5 7 1 1
207 5 5 7 4 6
208 5 5 7 7 1
209 5 5 8 2 2
210 5 5 8 5 2
211 5 5 9 3 1
212 6 3 2 5 1
213 6 3 3 3 2
214 6 3 3 6 2
215 6 3 4 1 1
216 6 3 4 4 6
217 6 3 4 7 1
218 6 3 5 2 6
219 6 3 5 5 6
220 6 3 6 0 2
221 6 3 6 3 10
222 6 3 6 6 2
223 6 3 7 1 6
224 6 3 7 4 6
225 6 3 8 2 6
226 6 3 8 5 1
227 6 3 9 0 2
228 6 3 9 3 2
229 6 3 10 1 1
230 7 1 3 3 1
231 7 1 4 1 2
232 7 1 4 4 2
233 7 1 5 2 6
234 7 1 5 5 1
235 7 1 6 0 4
236 7 1 6 3 6
237 7 1 7 1 9
238 7 1 7 4 2
239 7 1 8 2 6
240 7 1 9 0 4
241 7 1 9 3 1
242 7 1 10 1 2
END_BLOCKS
BEGIN_PATHS
# block path middle_p middle_q left_mult right_mult left_parity right_parity
0 0 1 1 0 0 0 1
1 0 1 1 0 0 0 -1
2 0 1 1 0 0 0 1
2 1 1 1 0 1 0 -1
3 0 1 1 0 0 0 1
4 0 1 1 0 0 0 -1
5 0 1 1 0 0 1 1
5 1 1 1 1 0 -1 1
6 0 0 3 0 0 -1 0
6 1 1 1 0 0 1 -1
6 2 1 1 1 0 -1 -1
6 3 2 2 0 0 1 0
7 0 0 0 0 0 1 0
7 1 0 3 0 0 -1 0
7 2 1 1 0 0 1 1
7 3 1 1 0 1 1 -1
7 4 1 1 1 0 -1 1
7 5 1 1 1 1 -1 -1
7 6 2 2 0 0 1 0
7 7 3 0 0 0 -1 0
8 0 0 3 0 0 -1 0
8 1 2 2 0 0 1 0
9 0 0 3 0 0 -1 0
9 1 1 1 0 0 1 1
9 2 1 1 1 0 -1 1
9 3 2 2 0 0 1 0
9 4 2 2 0 1 1 0
9 5 3 0 0 0 -1 0
10 0 1 1 0 0 1 -1
10 1 1 1 1 0 -1 -1
10 2 2 2 0 0 1 0
10 3 3 0 0 0 -1 0
11 0 2 2 0 0 1 0
12 0 2 2 0 0 1 0
12 1 3 0 0 0 -1 0
13 0 1 1 0 0 0 1
14 0 0 3 0 0 0 0
14 1 1 1 0 0 0 -1
14 2 1 4 0 0 0 0
14 3 2 2 0 0 0 0
15 0 1 4 0 0 0 0
16 0 0 3 0 0 0 0
16 1 1 1 0 0 0 1
16 2 1 1 0 1 0 -1
16 3 2 2 0 0 0 0
17 0 0 3 0 0 0 0
17 1 1 4 0 0 0 0
17 2 1 4 0 1 0 0
17 3 2 2 0 0 0 0
18 0 0 3 0 0 0 0
18 1 1 1 0 0 0 1
18 2 1 4 0 0 0 0
18 3 2 2 0 0 0 0
18 4 2 2 0 1 0 0
19 0 1 4 0 0 0 0
20 0 1 1 0 0 0 -1
20 1 2 2 0 0 0 0
21 0 1 4 0 0 0 0
21 1 2 2 0 0 0 0
22 0 2 2 0 0 0 0
23 0 1 1 0 0 0 1
24 0 0 3 0 0 0 0
24 1 1 1 0 0 0 -1
24 2 1 4 0 0 0 0
24 3 2 2 0 0 0 0
24 4 2 2 1 0 0 0
25 0 1 4 0 0 0 0
26 0 0 3 0 0 0 0
26 1 1 1 0 0 0 1
26 2 1 1 0 1 0 -1
26 3 2 2 0 0 0 0
26 4 2 2 1 0 0 0
26 5 3 0 0 0 0 0
27 0 0 3 0 0 0 0
27 1 1 4 0 0 0 0
27 2 1 4 0 1 0 0
27 3 2 2 0 0 0 0
27 4 2 2 1 0 0 0
27 5 3 3 0 0 0 0
28 0 0 3 0 0 0 0
28 1 1 1 0 0 0 1
28 2 1 4 0 0 0 0
28 3 2 2 0 0 0 0
28 4 2 2 0 1 0 0
28 5 2 2 1 0 0 0
28 6 2 2 1 1 0 0
28 7 3 0 0 0 0 0
28 8 3 3 0 0 0 0
28 9 4 1 0 0 0 0
29 0 1 4 0 0 0 0
29 1 3 3 0 0 0 0
30 0 1 1 0 0 0 -1
30 1 2 2 0 0 0 0
30 2 2 2 1 0 0 0
30 3 3 0 0 0 0 0
30 4 4 1 0 0 0 0
31 0 1 4 0 0 0 0
31 1 2 2 0 0 0 0
31 2 2 2 1 0 0 0
31 3 3 3 0 0 0 0
31 4 3 3 0 1 0 0
31 5 4 1 0 0 0 0
32 0 2 2 0 0 0 0
32 1 2 2 1 0 0 0
32 2 3 0 0 0 0 0
32 3 3 3 0 0 0 0
32 4 4 1 0 0 0 0
32 5 4 1 0 1 0 0
33 0 3 3 0 0 0 0
34 0 3 3 0 0 0 0
34 1 4 1 0 0 0 0
35 0 4 1 0 0 0 0
36 0 1 1 0 0 0 1
37 0 1 1 0 0 0 -1
37 1 2 2 0 0 0 0
38 0 1 1 0 0 0 1
38 1 1 1 0 1 0 -1
38 2 2 2 0 0 0 0
38 3 3 0 0 0 0 0
39 0 2 2 0 0 0 0
40 0 1 1 0 0 0 1
40 1 2 2 0 0 0 0
40 2 2 2 0 1 0 0
40 3 3 0 0 0 0 0
40 4 4 1 0 0 0 0
41 0 1 1 0 0 0 -1
41 1 2 2 0 0 0 0
41 2 3 0 0 0 0 0
41 3 4 1 0 0 0 0
42 0 2 2 0 0 0 0
42 1 4 1 0 0 0 0
43 0 2 2 0 0 0 0
43 1 3 0 0 0 0 0
43 2 4 1 0 0 0 0
43 3 4 1 0 1 0 0
44 0 4 1 0 0 0 0
45 0 4 1 0 0 0 0
46 0 0 3 0 0 0 0
46 1 1 4 0 0 0 0
46 2 1 4 1 0 0 0
46 3 2 2 0 0 0 0
47 0 0 6 0 0 0 0
47 1 1 4 0 0 0 0
47 2 1 4 1 0 0 0
47 3 2 5 0 0 0 0
48 0 0 3 0 0 0 0
48 1 2 2 0 0 0 0
49 0 0 3 0 0 0 0
49 1 0 6 0 0 0 0
49 2 1 4 0 0 0 0
49 3 1 4 0 1 0 0
49 4 1 4 1 0 0 0
49 5 1 4 1 1 0 0
49 6 2 2 0 0 0 0
49 7 2 5 0 0 0 0
49 8 3 3 0 0 0 0
50 0 0 6 0 0 0 0
50 1 2 5 0 0 0 0
51 0 0 3 0 0 0 0
51 1 1 4 0 0 0 0
51 2 1 4 1 0 0 0
51 3 2 2 0 0 0 0
51 4 2 2 0 1 0 0
51 5 3 3 0 0 0 0
52 0 0 6 0 0 0 0
52 1 1 4 0 0 0 0
52 2 1 4 1 0 0 0
52 3 2 5 0 0 0 0
52 4 2 5 0 1 0 0
52 5 3 3 0 0 0 0
53 0 2 2 0 0 0 0
54 0 1 4 0 0 0 0
54 1 1 4 1 0 0 0
54 2 2 2 0 0 0 0
54 3 2 5 0 0 0 0
54 4 3 3 0 0 0 0
54 5 3 3 0 1 0 0
55 0 2 5 0 0 0 0
56 0 2 2 0 0 0 0
56 1 3 3 0 0 0 0
57 0 2 5 0 0 0 0
57 1 3 3 0 0 0 0
58 0 3 3 0 0 0 0
59 0 1 4 0 0 0 0
59 1 2 2 0 0 0 0
60 0 1 4 0 0 0 0
60 1 2 5 0 0 0 0
61 0 2 2 0 0 0 0
62 0 1 4 0 0 0 0
62 1 1 4 0 1 0 0
62 2 2 2 0 0 0 0
62 3 2 5 0 0 0 0
62 4 3 3 0 0 0 0
62 5 3 3 1 0 0 0
63 0 2 5 0 0 0 0
64 0 1 4 0 0 0 0
64 1 2 2 0 0 0 0
64 2 2 2 0 1 0 0
64 3 3 3 0 0 0 0
64 4 3 3 1 0 0 0
64 5 4 1 0 0 0 0
65 0 1 4 0 0 0 0
65 1 2 5 0 0 0 0
65 2 2 5 0 1 0 0
65 3 3 3 0 0 0 0
65 4 3 3 1 0 0 0
65 5 4 4 0 0 0 0
66 0 2 2 0 0 0 0
66 1 4 1 0 0 0 0
67 0 1 4 0 0 0 0
67 1 2 2 0 0 0 0
67 2 2 5 0 0 0 0
67 3 3 3 0 0 0 0
67 4 3 3 0 1 0 0
67 5 3 3 1 0 0 0
67 6 3 3 1 1 0 0
67 7 4 1 0 0 0 0
67 8 4 4 0 0 0 0
67 9 5 2 0 0 0 0
68 0 2 5 0 0 0 0
68 1 4 4 0 0 0 0
69 0 2 2 0 0 0 0
69 1 3 3 0 0 0 0
69 2 3 3 1 0 0 0
69 3 4 1 0 0 0 0
69 4 4 1 0 1 0 0
69 5 5 2 0 0 0 0
70 0 2 5 0 0 0 0
70 1 3 3 0 0 0 0
70 2 3 3 1 0 0 0
70 3 4 4 0 0 0 0
70 4 4 4 0 1 0 0
70 5 5 2 0 0 0 0
71 0 3 3 0 0 0 0
71 1 3 3 1 0 0 0
71 2 4 1 0 0 0 0
71 3 4 4 0 0 0 0
71 4 5 2 0 0 0 0
71 5 5 2 0 1 0 0
72 0 4 4 0 0 0 0
73 0 4 1 0 0 0 0
73 1 5 2 0 0 0 0
74 0 4 4 0 0 0 0
74 1 5 2 0 0 0 0
75 0 5 2 0 0 0 0
76 0 2 2 0 0 0 0
77 0 2 2 0 0 0 0
77 1 3 0 0 0 0 0
78 0 2 2 0 0 0 0
78 1 3 3 0 0 0 0
79 0 2 2 0 0 0 0
79 1 2 2 0 1 0 0
79 2 3 0 0 0 0 0
79 3 3 3 0 0 0 0
79 4 4 1 0 0 0 0
79 5 4 1 1 0 0 0
80 0 3 3 0 0 0 0
81 0 2 2 0 0 0 0
81 1 3 0 0 0 0 0
81 2 4 1 0 0 0 0
81 3 4 1 1 0 0 0
82 0 2 2 0 0 0 0
82 1 3 3 0 0 0 0
82 2 3 3 0 1 0 0
82 3 4 1 0 0 0 0
82 4 4 1 1 0 0 0
82 5 5 2 0 0 0 0
83 0 2 2 0 0 0 0
83 1 3 0 0 0 0 0
83 2 3 3 0 0 0 0
83 3 4 1 0 0 0 0
83 4 4 1 0 1 0 0
83 5 4 1 1 0 0 0
83 6 4 1 1 1 0 0
83 7 5 2 0 0 0 0
83 8 6 0 0 0 0 0
84 0 3 3 0 0 0 0
84 1 5 2 0 0 0 0
85 0 3 3 0 0 0 0
85 1 4 1 0 0 0 0
85 2 4 1 1 0 0 0
85 3 5 2 0 0 0 0
85 4 5 2 0 1 0 0
85 5 6 0 0 0 0 0
86 0 4 1 0 0 0 0
86 1 4 1 1 0 0 0
86 2 5 2 0 0 0 0
86 3 6 0 0 0 0 0
87 0 5 2 0 0 0 0
88 0 5 2 0 0 0 0
88 1 6 0 0 0 0 0
89 0 1 4 0 0 0 0
90 0 0 6 0 0 0 0
90 1 1 4 0 0 0 0
90 2 1 7 0 0 0 0
90 3 2 5 0 0 0 0
91 0 1 7 0 0 0 0
92 0 0 6 0 0 0 0
92 1 1 4 0 0 0 0
92 2 1 4 0 1 0 0
92 3 2 5 0 0 0 0
93 0 0 6 0 0 0 0
93 1 1 7 0 0 0 0
93 2 1 7 0 1 0 0
93 3 2 5 0 0 0 0
94 0 1 4 0 0 0 0
95 0 0 6 0 0 0 0
95 1 1 4 0 0 0 0
95 2 1 7 0 0 0 0
95 3 2 5 0 0 0 0
95 4 2 5 0 1 0 0
96 0 1 7 0 0 0 0
97 0 1 4 0 0 0 0
97 1 2 5 0 0 0 0
98 0 1 7 0 0 0 0
98 1 2 5 0 0 0 0
99 0 2 5 0 0 0 0
100 0 1 4 0 0 0 0
101 0 0 6 0 0 0 0
101 1 1 4 0 0 0 0
101 2 1 7 0 0 0 0
101 3 2 5 0 0 0 0
101 4 2 5 1 0 0 0
102 0 1 7 0 0 0 0
103 0 0 6 0 0 0 0
103 1 1 4 0 0 0 0
103 2 1 4 0 1 0 0
103 3 2 5 0 0 0 0
103 4 2 5 1 0 0 0
103 5 3 3 0 0 0 0
104 0 0 6 0 0 0 0
104 1 1 7 0 0 0 0
104 2 1 7 0 1 0 0
104 3 2 5 0 0 0 0
104 4 2 5 1 0 0 0
104 5 3 6 0 0 0 0
105 0 1 4 0 0 0 0
105 1 3 3 0 0 0 0
106 0 0 6 0 0 0 0
106 1 1 4 0 0 0 0
106 2 1 7 0 0 0 0
106 3 2 5 0 0 0 0
106 4 2 5 0 1 0 0
106 5 2 5 1 0 0 0
106 6 2 5 1 1 0 0
106 7 3 3 0 0 0 0
106 8 3 6 0 0 0 0
106 9 4 4 0 0 0 0
107 0 1 7 0 0 0 0
107 1 3 6 0 0 0 0
108 0 1 4 0 0 0 0
108 1 2 5 0 0 0 0
108 2 2 5 1 0 0 0
108 3 3 3 0 0 0 0
108 4 3 3 0 1 0 0
108 5 4 4 0 0 0 0
109 0 1 7 0 0 0 0
109 1 2 5 0 0 0 0
109 2 2 5 1 0 0 0
109 3 3 6 0 0 0 0
109 4 3 6 0 1 0 0
109 5 4 4 0 0 0 0
110 0 3 3 0 0 0 0
111 0 2 5 0 0 0 0
111 1 2 5 1 0 0 0
111 2 3 3 0 0 0 0
111 3 3 6 0 0 0 0
111 4 4 4 0 0 0 0
111 5 4 4 0 1 0 0
112 0 3 6 0 0 0 0
113 0 3 3 0 0 0 0
113 1 4 4 0 0 0 0
114 0 3 6 0 0 0 0
114 1 4 4 0 0 0 0
115 0 4 4 0 0 0 0
116 0 2 5 0 0 0 0
117 0 2 5 0 0 0 0
117 1 3 3 0 0 0 0
118 0 2 5 0 0 0 0
118 1 3 6 0 0 0 0
119 0 3 3 0 0 0 0
120 0 2 5 0 0 0 0
120 1 2 5 0 1 0 0
120 2 3 3 0 0 0 0
120 3 3 6 0 0 0 0
120 4 4 4 0 0 0 0
120 5 4 4 1 0 0 0
121 0 3 6 0 0 0 0
122 0 2 5 0 0 0 0
122 1 3 3 0 0 0 0
122 2 3 3 0 1 0 0
122 3 4 4 0 0 0 0
122 4 4 4 1 0 0 0
122 5 5 2 0 0 0 0
123 0 2 5 0 0 0 0
123 1 3 6 0 0 0 0
123 2 3 6 0 1 0 0
123 3 4 4 0 0 0 0
123 4 4 4 1 0 0 0
123 5 5 5 0 0 0 0
124 0 3 3 0 0 0 0
124 1 5 2 0 0 0 0
125 0 2 5 0 0 0 0
125 1 3 3 0 0 0 0
125 2 3 6 0 0 0 0
125 3 4 4 0 0 0 0
125 4 4 4 0 1 0 0
125 5 4 4 1 0 0 0
125 6 4 4 1 1 0 0
125 7 5 2 0 0 0 0
125 8 5 5 0 0 0 0
125 9 6 3 0 0 0 0
126 0 3 6 0 0 0 0
126 1 5 5 0 0 0 0
127 0 3 3 0 0 0 0
127 1 4 4 0 0 0 0
127 2 4 4 1 0 0 0
127 3 5 2 0 0 0 0
127 4 5 2 0 1 0 0
127 5 6 3 0 0 0 0
128 0 3 6 0 0 0 0
128 1 4 4 0 0 0 0
128 2 4 4 1 0 0 0
128 3 5 5 0 0 0 0
128 4 5 5 0 1 0 0
128 5 6 3 0 0 0 0
129 0 5 2 0 0 0 0
130 0 4 4 0 0 0 0
130 1 4 4 1 0 0 0
130 2 5 2 0 0 0 0
130 3 5 5 0 0 0 0
130 4 6 3 0 0 0 0
130 5 6 3 0 1 0 0
131 0 5 5 0 0 0 0
132 0 5 2 0 0 0 0
132 1 6 3 0 0 0 0
133 0 5 5 0 0 0 0
133 1 6 3 0 0 0 0
134 0 6 3 0 0 0 0
135 0 3 3 0 0 0 0
136 0 3 3 0 0 0 0
136 1 4 1 0 0 0 0
137 0 3 3 0 0 0 0
137 1 4 4 0 0 0 0
138 0 4 1 0 0 0 0
139 0 3 3 0 0 0 0
139 1 3 3 0 1 0 0
139 2 4 1 0 0 0 0
139 3 4 4 0 0 0 0
139 4 5 2 0 0 0 0
139 5 5 2 1 0 0 0
140 0 4 4 0 0 0 0
141 0 3 3 0 0 0 0
141 1 4 1 0 0 0 0
141 2 4 1 0 1 0 0
141 3 5 2 0 0 0 0
141 4 5 2 1 0 0 0
141 5 6 0 0 0 0 0
142 0 3 3 0 0 0 0
142 1 4 4 0 0 0 0
142 2 4 4 0 1 0 0
142 3 5 2 0 0 0 0
142 4 5 2 1 0 0 0
142 5 6 3 0 0 0 0
143 0 3 3 0 0 0 0
143 1 4 1 0 0 0 0
143 2 4 4 0 0 0 0
143 3 5 2 0 0 0 0
143 4 5 2 0 1 0 0
143 5 5 2 1 0 0 0
143 6 5 2 1 1 0 0
143 7 6 0 0 0 0 0
143 8 6 3 0 0 0 0
143 9 7 1 0 0 0 0
144 0 4 4 0 0 0 0
144 1 6 3 0 0 0 0
145 0 4 1 0 0 0 0
145 1 5 2 0 0 0 0
145 2 5 2 1 0 0 0
145 3 6 0 0 0 0 0
145 4 7 1 0 0 0 0
146 0 4 4 0 0 0 0
146 1 5 2 0 0 0 0
146 2 5 2 1 0 0 0
146 3 6 3 0 0 0 0
146 4 6 3 0 1 0 0
146 5 7 1 0 0 0 0
147 0 5 2 0 0 0 0
147 1 5 2 1 0 0 0
147 2 6 0 0 0 0 0
147 3 6 3 0 0 0 0
147 4 7 1 0 0 0 0
147 5 7 1 0 1 0 0
148 0 6 3 0 0 0 0
149 0 6 3 0 0 0 0
149 1 7 1 0 0 0 0
150 0 7 1 0 0 0 0
151 0 4 1 0 0 0 0
152 0 4 1 0 0 0 0
153 0 4 1 0 0 0 0
153 1 5 2 0 0 0 0
154 0 4 1 0 0 0 0
154 1 4 1 0 1 0 0
154 2 5 2 0 0 0 0
154 3 6 0 0 0 0 0
155 0 5 2 0 0 0 0
156 0 4 1 0 0 0 0
156 1 5 2 0 0 0 0
156 2 5 2 0 1 0 0
156 3 6 0 0 0 0 0
156 4 7 1 0 0 0 0
157 0 4 1 0 0 0 0
157 1 5 2 0 0 0 0
157 2 6 0 0 0 0 0
157 3 7 1 0 0 0 0
158 0 5 2 0 0 0 0
158 1 7 1 0 0 0 0
159 0 5 2 0 0 0 0
159 1 6 0 0 0 0 0
159 2 7 1 0 0 0 0
159 3 7 1 0 1 0 0
160 0 7 1 0 0 0 0
161 0 7 1 0 0 0 0
162 0 0 6 0 0 0 0
162 1 1 7 0 0 0 0
162 2 1 7 1 0 0 0
162 3 2 5 0 0 0 0
163 0 0 9 0 0 0 0
163 1 1 7 0 0 0 0
163 2 1 7 1 0 0 0
163 3 2 8 0 0 0 0
164 0 0 6 0 0 0 0
164 1 2 5 0 0 0 0
165 0 0 6 0 0 0 0
165 1 0 9 0 0 0 0
165 2 1 7 0 0 0 0
165 3 1 7 0 1 0 0
165 4 1 7 1 0 0 0
165 5 1 7 1 1 0 0
165 6 2 5 0 0 0 0
165 7 2 8 0 0 0 0
165 8 3 6 0 0 0 0
166 0 0 9 0 0 0 0
166 1 2 8 0 0 0 0
167 0 0 6 0 0 0 0
167 1 1 7 0 0 0 0
167 2 1 7 1 0 0 0
167 3 2 5 0 0 0 0
167 4 2 5 0 1 0 0
167 5 3 6 0 0 0 0
168 0 0 9 0 0 0 0
168 1 1 7 0 0 0 0
168 2 1 7 1 0 0 0
168 3 2 8 0 0 0 0
168 4 2 8 0 1 0 0
168 5 3 6 0 0 0 0
169 0 2 5 0 0 0 0
170 0 1 7 0 0 0 0
170 1 1 7 1 0 0 0
170 2 2 5 0 0 0 0
170 3 2 8 0 0 0 0
170 4 3 6 0 0 0 0
170 5 3 6 0 1 0 0
171 0 2 8 0 0 0 0
172 0 2 5 0 0 0 0
172 1 3 6 0 0 0 0
173 0 2 8 0 0 0 0
173 1 3 6 0 0 0 0
174 0 3 6 0 0 0 0
175 0 1 7 0 0 0 0
175 1 2 5 0 0 0 0
176 0 1 7 0 0 0 0
176 1 2 8 0 0 0 0
177 0 2 5 0 0 0 0
178 0 1 7 0 0 0 0
178 1 1 7 0 1 0 0
178 2 2 5 0 0 0 0
178 3 2 8 0 0 0 0
178 4 3 6 0 0 0 0
178 5 3 6 1 0 0 0
179 0 2 8 0 0 0 0
180 0 1 7 0 0 0 0
180 1 2 5 0 0 0 0
180 2 2 5 0 1 0 0
180 3 3 6 0 0 0 0
180 4 3 6 1 0 0 0
180 5 4 4 0 0 0 0
181 0 1 7 0 0 0 0
181 1 2 8 0 0 0 0
181 2 2 8 0 1 0 0
181 3 3 6 0 0 0 0
181 4 3 6 1 0 0 0
181 5 4 7 0 0 0 0
182 0 2 5 0 0 0 0
182 1 4 4 0 0 0 0
183 0 1 7 0 0 0 0
183 1 2 5 0 0 0 0
183 2 2 8 0 0 0 0
183 3 3 6 0 0 0 0
183 4 3 6 0 1 0 0
183 5 3 6 1 0 0 0
183 6 3 6 1 1 0 0
183 7 4 4 0 0 0 0
183 8 4 7 0 0 0 0
183 9 5 5 0 0 0 0
184 0 2 8 0 0 0 0
184 1 4 7 0 0 0 0
185 0 2 5 0 0 0 0
185 1 3 6 0 0 0 0
185 2 3 6 1 0 0 0
185 3 4 4 0 0 0 0
185 4 4 4 0 1 0 0
185 5 5 5 0 0 0 0
186 0 2 8 0 0 0 0
186 1 3 6 0 0 0 0
186 2 3 6 1 0 0 0
186 3 4 7 0 0 0 0
186 4 4 7 0 1 0 0
186 5 5 5 0 0 0 0
187 0 4 4 0 0 0 0
188 0 3 6 0 0 0 0
188 1 3 6 1 0 0 0
188 2 4 4 0 0 0 0
188 3 4 7 0 0 0 0
188 4 5 5 0 0 0 0
188 5 5 5 0 1 0 0
189 0 4 7 0 0 0 0
190 0 4 4 0 0 0 0
190 1 5 5 0 0 0 0
191 0 4 7 0 0 0 0
191 1 5 5 0 0 0 0
192 0 5 5 0 0 0 0
193 0 3 6 0 0 0 0
194 0 3 6 0 0 0 0
194 1 4 4 0 0 0 0
195 0 3 6 0 0 0 0
195 1 4 7 0 0 0 0
196 0 4 4 0 0 0 0
197 0 3 6 0 0 0 0
197 1 3 6 0 1 0 0
197 2 4 4 0 0 0 0
197 3 4 7 0 0 0 0
197 4 5 5 0 0 0 0
197 5 5 5 1 0 0 0
198 0 4 7 0 0 0 0
199 0 3 6 0 0 0 0
199 1 4 4 0 0 0 0
199 2 4 4 0 1 0 0
199 3 5 5 0 0 0 0
199 4 5 5 1 0 0 0
199 5 6 3 0 0 0 0
200 0 3 6 0 0 0 0
200 1 4 7 0 0 0 0
200 2 4 7 0 1 0 0
200 3 5 5 0 0 0 0
200 4 5 5 1 0 0 0
200 5 6 6 0 0 0 0
201 0 4 4 0 0 0 0
201 1 6 3 0 0 0 0
202 0 3 6 0 0 0 0
202 1 4 4 0 0 0 0
202 2 4 7 0 0 0 0
202 3 5 5 0 0 0 0
202 4 5 5 0 1 0 0
202 5 5 5 1 0 0 0
202 6 5 5 1 1 0 0
202 7 6 3 0 0 0 0
202 8 6 6 0 0 0 0
202 9 7 4 0 0 0 0
203 0 4 7 0 0 0 0
203 1 6 6 0 0 0 0
204 0 4 4 0 0 0 0
204 1 5 5 0 0 0 0
204 2 5 5 1 0 0 0
204 3 6 3 0 0 0 0
204 4 6 3 0 1 0 0
204 5 7 4 0 0 0 0
205 0 4 7 0 0 0 0
205 1 5 5 0 0 0 0
205 2 5 5 1 0 0 0
205 3 6 6 0 0 0 0
205 4 6 6 0 1 0 0
205 5 7 4 0 0 0 0
206 0 6 3 0 0 0 0
207 0 5 5 0 0 0 0
207 1 5 5 1 0 0 0
207 2 6 3 0 0 0 0
207 3 6 6 0 0 0 0
207 4 7 4 0 0 0 0
207 5 7 4 0 1 0 0
208 0 6 6 0 0 0 0
209 0 6 3 0 0 0 0
209 1 7 4 0 0 0 0
210 0 6 6 0 0 0 0
210 1 7 4 0 0 0 0
211 0 7 4 0 0 0 0
212 0 4 4 0 0 0 0
213 0 4 4 0 0 0 0
213 1 5 2 0 0 0 0
214 0 4 4 0 0 0 0
214 1 5 5 0 0 0 0
215 0 5 2 0 0 0 0
216 0 4 4 0 0 0 0
216 1 4 4 0 1 0 0
216 2 5 2 0 0 0 0
216 3 5 5 0 0 0 0
216 4 6 3 0 0 0 0
216 5 6 3 1 0 0 0
217 0 5 5 0 0 0 0
218 0 4 4 0 0 0 0
218 1 5 2 0 0 0 0
218 2 5 2 0 1 0 0
218 3 6 3 0 0 0 0
218 4 6 3 1 0 0 0
218 5 7 1 0 0 0 0
219 0 4 4 0 0 0 0
219 1 5 5 0 0 0 0
219 2 5 5 0 1 0 0
219 3 6 3 0 0 0 0
219 4 6 3 1 0 0 0
219 5 7 4 0 0 0 0
220 0 5 2 0 0 0 0
220 1 7 1 0 0 0 0
221 0 4 4 0 0 0 0
221 1 5 2 0 0 0 0
221 2 5 5 0 0 0 0
221 3 6 3 0 0 0 0
221 4 6 3 0 1 0 0
221 5 6 3 1 0 0 0
221 6 6 3 1 1 0 0
221 7 7 1 0 0 0 0
221 8 7 4 0 0 0 0
221 9 8 2 0 0 0 0
222 0 5 5 0 0 0 0
222 1 7 4 0 0 0 0
223 0 5 2 0 0 0 0
223 1 6 3 0 0 0 0
223 2 6 3 1 0 0 0
223 3 7 1 0 0 0 0
223 4 7 1 0 1 0 0
223 5 8 2 0 0 0 0
224 0 5 5 0 0 0 0
224 1 6 3 0 0 0 0
224 2 6 3 1 0 0 0
224 3 7 4 0 0 0 0
224 4 7 4 0 1 0 0
224 5 8 2 0 0 0 0
225 0 6 3 0 0 0 0
225 1 6 3 1 0 0 0
225 2 7 1 0 0 0 0
225 3 7 4 0 0 0 0
225 4 8 2 0 0 0 0
225 5 8 2 0 1 0 0
226 0 7 4 0 0 0 0
227 0 7 1 0 0 0 0
227 1 8 2 0 0 0 0
228 0 7 4 0 0 0 0
228 1 8 2 0 0 0 0
229 0 8 2 0 0 0 0
230 0 5 2 0 0 0 0
231 0 5 2 0 0 0 0
231 1 6 0 0 0 0 0
232 0 5 2 0 0 0 0
232 1 6 3 0 0 0 0
233 0 5 2 0 0 0 0
233 1 5 2 0 1 0 0
233 2 6 0 0 0 0 0
233 3 6 3 0 0 0 0
233 4 7 1 0 0 0 0
233 5 7 1 1 0 0 0
234 0 6 3 0 0 0 0
235 0 5 2 0 0 0 0
235 1 6 0 0 0 0 0
235 2 7 1 0 0 0 0
235 3 7 1 1 0 0 0
236 0 5 2 0 0 0 0
236 1 6 3 0 0 0 0
236 2 6 3 0 1 0 0
236 3 7 1 0 0 0 0
236 4 7 1 1 0 0 0
236 5 8 2 0 0 0 0
237 0 5 2 0 0 0 0
237 1 6 0 0 0 0 0
237 2 6 3 0 0 0 0
237 3 7 1 0 0 0 0
237 4 7 1 0 1 0 0
237 5 7 1 1 0 0 0
237 6 7 1 1 1 0 0
237 7 8 2 0 0 0 0
237 8 9 0 0 0 0 0
238 0 6 3 0 0 0 0
238 1 8 2 0 0 0 0
239 0 6 3 0 0 0 0
239 1 7 1 0 0 0 0
239 2 7 1 1 0 0 0
239 3 8 2 0 0 0 0
239 4 8 2 0 1 0 0
239 5 9 0 0 0 0 0
240 0 7 1 0 0 0 0
240 1 7 1 1 0 0 0
240 2 8 2 0 0 0 0
240 3 9 0 0 0 0 0
241 0 8 2 0 0 0 0
242 0 8 2 0 0 0 0
242 1 9 0 0 0 0 0
END_PATHS
BEGIN_VALUES
# block out_path in_path coefficient
0 0 0 1.00000000000000000e+00
1 0 0 -1.00000000000000000e+00
2 0 0 1.00000000000000000e+00
2 1 1 -1.00000000000000000e+00
3 0 0 1.00000000000000000e+00
4 0 0 -1.00000000000000000e+00
5 0 0 1.00000000000000000e+00
5 1 1 -1.00000000000000000e+00
6 0 0 -4.99999999999999944e-01
6 0 1 -3.16227766016837886e-01
6 0 2 -7.07106781186547462e-01
6 0 3 -3.87298334620741591e-01
6 1 0 -3.16227766016837886e-01
6 1 1 4.00000000000000022e-01
6 1 2 4.47213595499957928e-01
6 1 3 -7.34846922834953342e-01
6 2 0 -7.07106781186547462e-01
6 2 1 4.47213595499957928e-01
6 2 3 5.47722557505166185e-01
6 3 0 -3.87298334620741591e-01
6 3 1 -7.34846922834953342e-01
6 3 2 5.47722557505166185e-01
6 3 3 1.00000000000000019e-01
7 0 0 1.25000000000000139e-01
7 0 1 3.95284707521045220e-01
7 0 2 3.53553390593273786e-01
7 0 5 -3.53553390593273842e-01
7 0 6 6.49519052838329003e-01
7 0 7 3.95284707521049827e-01
7 1 0 3.95284707521045220e-01
7 1 1 2.50000000000000056e-01
7 1 2 -4.47213595499958039e-01
7 1 3 -5.00000000000000111e-01
7 1 4 -5.00000000000000111e-01
7 1 6 -1.36930639376291574e-01
7 1 7 2.50000000000000056e-01
7 2 0 3.53553390593273786e-01
7 2 1 -4.47213595499958094e-01
7 2 2 -2.99999999999999989e-01
7 2 5 -5.00000000000000222e-01
7 2 6 3.67423461417476727e-01
7 2 7 -4.47213595499957872e-01
7 3 1 -5.00000000000000111e-01
7 3 3 -5.00000000000000111e-01
7 3 4 5.00000000000000222e-01
7 3 7 5.00000000000000111e-01
7 4 1 -5.00000000000000222e-01
7 4 3 5.00000000000000222e-01
7 4 4 -5.00000000000000222e-01
7 4 7 5.00000000000000111e-01
7 5 0 -3.53553390593273842e-01
7 5 2 -5.00000000000000222e-01
7 5 5 5.00000000000000333e-01
7 5 6 6.12372435695794692e-01
7 6 0 6.49519052838329003e-01
7 6 1 -1.36930639376291546e-01
7 6 2 3.67423461417476727e-01
7 6 5 6.12372435695794803e-01
7 6 6 1.74999999999999961e-01
7 6 7 -1.36930639376291574e-01
7 7 0 3.95284707521049827e-01
7 7 1 2.50000000000000056e-01
7 7 2 -4.47213595499957928e-01
7 7 3 5.00000000000000222e-01
7 7 4 5.00000000000000111e-01
7 7 6 -1.36930639376291546e-01
7 7 7 2.50000000000000000e-01
8 0 0 5.00000000000000111e-01
8 0 1 8.66025403784438597e-01
8 1 0 8.66025403784438597e-01
8 1 1 -5.00000000000000000e-01
9 0 0 -1.66666666666666741e-01
9 0 1 4.47213595499957983e-01
9 0 2 -3.33333333333333426e-01
9 0 3 2.04124145231931453e-01
9 0 4 -4.18330013267037726e-01
9 0 5 6.66666666666666741e-01
9 1 0 4.47213595499957983e-01
9 1 1 2.00000000000000011e-01
9 1 4 7.48331477354788221e-01
9 1 5 4.47213595499957983e-01
9 2 0 -3.33333333333333426e-01
9 2 2 3.33333333333333426e-01
9 2 3 -8.16496580927726257e-01
9 2 5 3.33333333333333481e-01
9 3 0 2.04124145231931453e-01
9 3 2 -8.16496580927726257e-01
9 3 3 -5.00000000000000111e-01
9 3 5 -2.04124145231931509e-01
9 4 0 -4.18330013267037670e-01
9 4 1 7.48331477354788221e-01
9 4 4 2.99999999999999989e-01
9 4 5 -4.18330013267037670e-01
9 5 0 6.66666666666666741e-01
9 5 1 4.47213595499957983e-01
9 5 2 3.33333333333333481e-01
9 5 3 -2.04124145231931509e-01
9 5 4 -4.18330013267037781e-01
9 5 5 -1.66666666666666713e-01
10 0 0 3.99999999999999967e-01
10 0 1 -4.47213595499958039e-01
10 0 2 -7.34846922834953675e-01
10 0 3 3.16227766016837941e-01
10 1 0 -4.47213595499958039e-01
10 1 2 -5.47722557505166296e-01
10 1 3 -7.07106781186547906e-01
10 2 0 -7.34846922834953564e-01
10 2 1 -5.47722557505166296e-01
10 2 2 1.00000000000000019e-01
10 2 3 3.87298334620741758e-01
10 3 0 3.16227766016837997e-01
10 3 1 -7.07106781186547684e-01
10 3 2 3.87298334620741758e-01
10 3 3 -5.00000000000000333e-01
11 0 0 1.00000000000000000e+00
12 0 0 -5.00000000000000000e-01
12 0 1 8.66025403784438597e-01
12 1 0 8.66025403784438597e-01
12 1 1 5.00000000000000111e-01
13 0 0 -1.00000000000000000e+00
14 0 0 7.49999999999999889e-01
14 0 1 4.47213595499957983e-01
14 0 2 4.67707173346742833e-01
14 0 3 1.36930639376291574e-01
14 1 0 4.47213595499957928e-01
14 1 1 2.00000000000000011e-01
14 1 2 -8.36660026534075563e-01
14 1 3 -2.44948974278317883e-01
14 2 0 4.67707173346742833e-01
14 2 1 -8.36660026534075563e-01
14 2 2 1.25000000000000111e-01
14 2 3 -2.56173769148990038e-01
14 3 0 1.36930639376291574e-01
14 3 1 -2.44948974278317883e-01
14 3 2 -2.56173769148990094e-01
14 3 3 9.24999999999999711e-01
15 0 0 -1.00000000000000000e+00
16 0 0 -5.00000000000000222e-01
16 0 1 -3.16227766016837941e-01
16 0 2 -7.07106781186547684e-01
16 0 3 -3.87298334620741813e-01
16 1 0 -3.16227766016837997e-01
16 1 1 4.00000000000000133e-01
16 1 2 4.47213595499958094e-01
16 1 3 -7.34846922834953564e-01
16 2 0 -7.07106781186547906e-01
16 2 1 4.47213595499958094e-01
16 2 3 5.47722557505166296e-01
16 3 0 -3.87298334620741869e-01
16 3 1 -7.34846922834953675e-01
16 3 2 5.47722557505166296e-01
16 3 3 1.00000000000000075e-01
17 0 0 2.50000000000000000e-01
17 0 1 8.83883476483184438e-01
17 0 2 -2.50000000000000000e-01
17 0 3 -3.06186217847897346e-01
17 1 0 8.83883476483184438e-01
17 1 1 -3.75000000000000222e-01
17 1 2 -1.76776695296636949e-01
17 1 3 -2.16506350946109705e-01
17 2 0 -2.50000000000000000e-01
17 2 1 -1.76776695296636949e-01
17 2 2 2.50000000000000111e-01
17 2 3 -9.18558653543692039e-01
17 3 0 -3.06186217847897346e-01
17 3 1 -2.16506350946109649e-01
17 3 2 -9.18558653543691817e-01
17 3 3 -1.25000000000000056e-01
18 0 0 -8.33333333333333287e-02
18 0 1 -2.10818510677892035e-01
18 0 2 3.48608344389198244e-01
18 0 3 7.93856620135735436e-01
18 0 4 -4.43705983732471221e-01
18 1 0 -2.10818510677892035e-01
18 1 1 6.66666666666666519e-02
18 1 2 8.81917103688197090e-01
18 1 3 -1.82574185835055414e-01
18 1 4 3.74165738677394333e-01
18 2 0 3.48608344389198244e-01
18 2 1 8.81917103688197090e-01
18 2 2 4.16666666666667268e-02
18 2 3 3.01903682212280089e-01
18 2 4 8.83883476483184743e-02
18 3 0 7.93856620135735436e-01
18 3 1 -1.82574185835055414e-01
18 3 2 3.01903682212280144e-01
18 3 3 -3.12500000000000111e-01
18 3 4 -3.84260653723484891e-01
18 4 0 -4.43705983732471221e-01
18 4 1 3.74165738677394333e-01
18 4 2 8.83883476483184743e-02
18 4 3 -3.84260653723484946e-01
18 4 4 -7.12500000000000022e-01
19 0 0 1.00000000000000000e+00
20 0 0 2.00000000000000094e-01
20 0 1 9.79795897113271530e-01
20 1 0 9.79795897113271419e-01
20 1 1 -2.00000000000000122e-01
21 0 0 -2.50000000000000111e-01
21 0 1 9.68245836551854255e-01
21 1 0 9.68245836551854255e-01
21 1 1 2.50000000000000111e-01
22 0 0 1.00000000000000000e+00
23 0 0 1.00000000000000000e+00
24 0 0 -8.33333333333334259e-02
24 0 1 -2.10818510677891952e-01
24 0 2 3.48608344389198244e-01
24 0 3 7.93856620135735436e-01
24 0 4 -4.43705983732471054e-01
24 1 0 -2.10818510677891952e-01
24 1 1 6.66666666666666796e-02
24 1 2 8.81917103688197090e-01
24 1 3 -1.82574185835055358e-01
24 1 4 3.74165738677394333e-01
24 2 0 3.48608344389198188e-01
24 2 1 8.81917103688196868e-01
24 2 2 4.16666666666666713e-02
24 2 3 3.01903682212280033e-01
24 2 4 8.83883476483184188e-02
24 3 0 7.93856620135735325e-01
24 3 1 -1.82574185835055358e-01
24 3 2 3.01903682212280144e-01
24 3 3 -3.12500000000000000e-01
24 3 4 -3.84260653723484946e-01
24 4 0 -4.43705983732471054e-01
24 4 1 3.74165738677394222e-01
24 4 2 8.83883476483184327e-02
24 4 3 -3.84260653723484946e-01
24 4 4 -7.12500000000000022e-01
25 0 0 1.00000000000000000e+00
26 0 0 -1.66666666666666630e-01
26 0 1 4.47213595499957872e-01
26 0 2 -3.33333333333333592e-01
26 0 3 2.04124145231931453e-01
26 0 4 -4.18330013267037948e-01
26 0 5 6.66666666666666963e-01
26 1 0 4.47213595499957983e-01
26 1 1 2.00000000000000205e-01
26 1 4 7.48331477354788333e-01
26 1 5 4.47213595499958039e-01
26 2 0 -3.33333333333333537e-01
26 2 2 3.33333333333333481e-01
26 2 3 -8.16496580927726257e-01
26 2 5 3.33333333333333481e-01
26 3 0 2.04124145231931481e-01
26 3 2 -8.16496580927726257e-01
26 3 3 -5.00000000000000111e-01
26 3 5 -2.04124145231931620e-01
26 4 0 -4.18330013267037892e-01
26 4 1 7.48331477354788444e-01
26 4 4 2.99999999999999989e-01
26 4 5 -4.18330013267037837e-01
26 5 0 6.66666666666667074e-01
26 5 1 4.47213595499958039e-01
26 5 2 3.33333333333333537e-01
26 5 3 -2.04124145231931592e-01
26 5 4 -4.18330013267037837e-01
26 5 5 -1.66666666666666685e-01
27 0 0 8.33333333333333565e-02
27 0 1 1.31761569173682563e-01
27 0 2 5.59016994374947340e-01
27 0 3 1.61374306091975728e-01
27 0 4 4.72455591261533719e-02
27 0 5 7.96819072889595970e-01
27 1 0 1.31761569173682563e-01
27 1 1 -2.91666666666666630e-01
27 1 2 1.76776695296637004e-01
27 1 3 8.67527617235708925e-01
27 1 4 -2.24105364250198724e-01
27 1 5 -2.51976315339484946e-01
27 2 0 5.59016994374947340e-01
27 2 1 1.76776695296636949e-01
27 2 2 -2.50000000000000111e-01
27 2 3 2.16506350946109816e-01
27 2 4 7.39509972887452127e-01
27 3 0 1.61374306091975728e-01
27 3 1 8.67527617235708925e-01
27 3 2 2.16506350946109816e-01
27 3 3 6.25000000000000000e-02
27 3 4 -2.74471895516775033e-01
27 3 5 -3.08606699924183825e-01
27 4 0 4.72455591261533719e-02
27 4 1 -2.24105364250198724e-01
27 4 2 7.39509972887452127e-01
27 4 3 -2.74471895516775033e-01
27 4 4 3.48214285714285865e-01
27 4 5 -4.51753951452625591e-01
27 5 0 7.96819072889595970e-01
27 5 1 -2.51976315339484946e-01
27 5 3 -3.08606699924183880e-01
27 5 4 -4.51753951452625591e-01
27 5 5 4.76190476190476580e-02
28 0 0 3.42592592592592560e-01
28 0 1 -3.31269329999969164e-02
28 0 2 -8.66124395086560195e-02
28 0 3 1.90181443578182785e-01
28 0 4 2.33853586673371250e-01
28 0 5 2.33853586673371527e-01
28 0 6 4.33613691358256392e-01
28 0 7 -7.40740740740741394e-02
28 0 8 -2.34242789642102184e-01
28 0 9 6.92899516069248378e-01
28 1 0 -3.31269329999969164e-02
28 1 1 5.18518518518518573e-02
28 1 2 3.09874083901509390e-01
28 1 3 -2.72165526975908789e-01
28 1 6 1.63299316185545329e-01
28 1 7 -3.31269329999968887e-02
28 1 8 8.38052481406278638e-01
28 1 9 3.09874083901509445e-01
28 2 0 -8.66124395086560056e-02
28 2 1 3.09874083901509445e-01
28 2 2 1.43518518518518573e-01
28 2 3 -7.11593803191639396e-02
28 2 4 3.12500000000000167e-01
28 2 5 3.12500000000000000e-01
28 2 6 -3.96459404635341628e-01
28 2 7 6.92899516069248711e-01
28 2 8 -6.26040188687790045e-02
28 2 9 1.85185185185185230e-01
28 3 0 1.90181443578182757e-01
28 3 1 -2.72165526975908789e-01
28 3 2 -7.11593803191639118e-02
28 3 3 8.12500000000000111e-01
28 3 6 -1.87500000000000028e-01
28 3 7 1.90181443578182674e-01
28 3 8 3.84900179459750580e-01
28 3 9 -7.11593803191639535e-02
28 4 0 2.33853586673371250e-01
28 4 2 3.12500000000000167e-01
28 4 4 -1.87500000000000028e-01
28 4 5 8.12500000000000000e-01
28 4 7 -2.33853586673371389e-01
28 4 9 -3.12500000000000111e-01
28 5 0 2.33853586673371527e-01
28 5 2 3.12500000000000056e-01
28 5 4 8.12499999999999889e-01
28 5 5 -1.87500000000000056e-01
28 5 7 -2.33853586673371444e-01
28 5 9 -3.12500000000000000e-01
28 6 0 4.33613691358256448e-01
28 6 1 1.63299316185545329e-01
28 6 2 -3.96459404635341628e-01
28 6 3 -1.87500000000000028e-01
28 6 6 4.69642857142856751e-01
28 6 7 4.33613691358256614e-01
28 6 8 1.64957219768464475e-01
28 6 9 -3.96459404635341517e-01
28 7 0 -7.40740740740741394e-02
28 7 1 -3.31269329999968887e-02
28 7 2 6.92899516069248711e-01
28 7 3 1.90181443578182702e-01
28 7 4 -2.33853586673371389e-01
28 7 5 -2.33853586673371444e-01
28 7 6 4.33613691358256670e-01
28 7 7 3.42592592592592671e-01
28 7 8 -2.34242789642102212e-01
28 7 9 -8.66124395086560472e-02
28 8 0 -2.34242789642102184e-01
28 8 1 8.38052481406278749e-01
28 8 2 -6.26040188687790045e-02
28 8 3 3.84900179459750580e-01
28 8 6 1.64957219768464475e-01
28 8 7 -2.34242789642102212e-01
28 8 8 6.87830687830687793e-02
28 8 9 -6.26040188687790183e-02
28 9 0 6.92899516069248378e-01
28 9 1 3.09874083901509445e-01
28 9 2 1.85185185185185314e-01
28 9 3 -7.11593803191639396e-02
28 9 4 -3.12500000000000056e-01
28 9 5 -3.12500000000000000e-01
28 9 6 -3.96459404635341517e-01
28 9 7 -8.66124395086560334e-02
28 9 8 -6.26040188687790183e-02
28 9 9 1.43518518518518545e-01
29 0 0 3.33333333333333148e-01
29 0 1 9.42809041582063356e-01
29 1 0 9.42809041582063356e-01
29 1 1 -3.33333333333333259e-01
30 0 0 6.66666666666667490e-02
30 0 1 1.82574185835055469e-01
30 0 2 3.74165738677394277e-01
30 0 3 2.10818510677892090e-01
30 0 4 8.81917103688196979e-01
30 1 0 1.82574185835055469e-01
30 1 1 -3.12500000000000167e-01
30 1 2 3.84260653723485113e-01
30 1 3 7.93856620135735880e-01
30 1 4 -3.01903682212280089e-01
30 2 0 3.74165738677394277e-01
30 2 1 3.84260653723485113e-01
30 2 2 -7.12500000000000244e-01
30 2 3 4.43705983732471332e-01
30 2 4 8.83883476483184605e-02
30 3 0 2.10818510677892090e-01
30 3 1 7.93856620135735769e-01
30 3 2 4.43705983732471387e-01
30 3 3 -8.33333333333333565e-02
30 3 4 -3.48608344389198299e-01
30 4 0 8.81917103688196979e-01
30 4 1 -3.01903682212280089e-01
30 4 2 8.83883476483184882e-02
30 4 3 -3.48608344389198299e-01
30 4 4 4.16666666666666921e-02
31 0 0 -8.33333333333333148e-02
31 0 1 2.28217732293819170e-01
31 0 2 3.34076552390530412e-01
31 0 3 1.66666666666666602e-01
31 0 4 -3.27326835353988599e-01
31 0 5 8.33333333333333481e-01
31 1 0 2.28217732293819170e-01
31 1 1 2.50000000000000000e-01
31 1 3 9.12870929175276791e-01
31 1 5 -2.28217732293819198e-01
31 2 0 3.34076552390530412e-01
31 2 2 1.07142857142857220e-01
31 2 4 8.74817765279706450e-01
31 2 5 3.34076552390530468e-01
31 3 0 1.66666666666666657e-01
31 3 1 9.12870929175276791e-01
31 3 3 -3.33333333333333370e-01
31 3 5 -1.66666666666666741e-01
31 4 0 -3.27326835353988654e-01
31 4 2 8.74817765279706450e-01
31 4 4 1.42857142857142905e-01
31 4 5 -3.27326835353988710e-01
31 5 0 8.33333333333333481e-01
31 5 1 -2.28217732293819198e-01
31 5 2 3.34076552390530468e-01
31 5 3 -1.66666666666666741e-01
31 5 4 -3.27326835353988710e-01
31 5 5 -8.33333333333333148e-02
32 0 0 6.25000000000000555e-02
32 0 1 2.74471895516774977e-01
32 0 2 -1.61374306091975755e-01
32 0 3 3.08606699924183991e-01
32 0 4 8.67527617235709148e-01
32 0 5 -2.16506350946109705e-01
32 1 0 2.74471895516774977e-01
32 1 1 3.48214285714285754e-01
32 1 2 4.72455591261534066e-02
32 1 3 -4.51753951452625646e-01
32 1 4 2.24105364250198807e-01
32 1 5 7.39509972887451905e-01
32 2 0 -1.61374306091975755e-01
32 2 1 4.72455591261534066e-02
32 2 2 8.33333333333333842e-02
32 2 3 7.96819072889596081e-01
32 2 4 -1.31761569173682452e-01
32 2 5 5.59016994374947340e-01
32 3 0 3.08606699924183936e-01
32 3 1 -4.51753951452625646e-01
32 3 2 7.96819072889596081e-01
32 3 3 4.76190476190476233e-02
32 3 4 2.51976315339484946e-01
32 4 0 8.67527617235709148e-01
32 4 1 2.24105364250198863e-01
32 4 2 -1.31761569173682452e-01
32 4 3 2.51976315339485002e-01
32 4 4 -2.91666666666666963e-01
32 4 5 -1.76776695296637032e-01
32 5 0 -2.16506350946109705e-01
32 5 1 7.39509972887451905e-01
32 5 2 5.59016994374947340e-01
32 5 4 -1.76776695296637032e-01
32 5 5 -2.50000000000000056e-01
33 0 0 1.00000000000000000e+00
34 0 0 -3.33333333333333259e-01
34 0 1 9.42809041582063356e-01
34 1 0 9.42809041582063356e-01
34 1 1 3.33333333333333148e-01
35 0 0 1.00000000000000000e+00
36 0 0 -1.00000000000000000e+00
37 0 0 2.00000000000000150e-01
37 0 1 9.79795897113271419e-01
37 1 0 9.79795897113271419e-01
37 1 1 -2.00000000000000094e-01
38 0 0 4.00000000000000244e-01
38 0 1 -4.47213595499958094e-01
38 0 2 -7.34846922834953453e-01
38 0 3 3.16227766016837941e-01
38 1 0 -4.47213595499958094e-01
38 1 2 -5.47722557505166296e-01
38 1 3 -7.07106781186547795e-01
38 2 0 -7.34846922834953564e-01
38 2 1 -5.47722557505166407e-01
38 2 2 9.99999999999999917e-02
38 2 3 3.87298334620741758e-01
38 3 0 3.16227766016837941e-01
38 3 1 -7.07106781186547795e-01
38 3 2 3.87298334620741924e-01
38 3 3 -5.00000000000000222e-01
39 0 0 1.00000000000000000e+00
40 0 0 6.66666666666666796e-02
40 0 1 1.82574185835055414e-01
40 0 2 3.74165738677394333e-01
40 0 3 2.10818510677892007e-01
40 0 4 8.81917103688196868e-01
40 1 0 1.82574185835055414e-01
40 1 1 -3.12500000000000056e-01
40 1 2 3.84260653723485002e-01
40 1 3 7.93856620135735658e-01
40 1 4 -3.01903682212280033e-01
40 2 0 3.74165738677394333e-01
40 2 1 3.84260653723485002e-01
40 2 2 -7.12500000000000022e-01
40 2 3 4.43705983732471276e-01
40 2 4 8.83883476483184605e-02
40 3 0 2.10818510677892007e-01
40 3 1 7.93856620135735658e-01
40 3 2 4.43705983732471276e-01
40 3 3 -8.33333333333333287e-02
40 3 4 -3.48608344389198133e-01
40 4 0 8.81917103688196868e-01
40 4 1 -3.01903682212280033e-01
40 4 2 8.83883476483184882e-02
40 4 3 -3.48608344389198133e-01
40 4 4 4.16666666666667129e-02
41 0 0 2.00000000000000011e-01
41 0 1 -2.44948974278318049e-01
41 0 2 4.47213595499958039e-01
41 0 3 -8.36660026534075452e-01
41 1 0 -2.44948974278318021e-01
41 1 1 9.25000000000000488e-01
41 1 2 1.36930639376291574e-01
41 1 3 -2.56173769148990094e-01
41 2 0 4.47213595499958039e-01
41 2 1 1.36930639376291602e-01
41 2 2 7.50000000000000555e-01
41 2 3 4.67707173346742666e-01
41 3 0 -8.36660026534075452e-01
41 3 1 -2.56173769148990094e-01
41 3 2 4.67707173346742777e-01
41 3 3 1.25000000000000083e-01
42 0 0 2.50000000000000111e-01
42 0 1 9.68245836551854255e-01
42 1 0 9.68245836551854255e-01
42 1 1 -2.50000000000000111e-01
43 0 0 -1.25000000000000083e-01
43 0 1 3.06186217847897346e-01
43 0 2 2.16506350946109649e-01
43 0 3 -9.18558653543691817e-01
43 1 0 3.06186217847897346e-01
43 1 1 2.50000000000000000e-01
43 1 2 8.83883476483184771e-01
43 1 3 2.50000000000000000e-01
43 2 0 2.16506350946109677e-01
43 2 1 8.83883476483184771e-01
43 2 2 -3.75000000000000333e-01
43 2 3 1.76776695296636976e-01
43 3 0 -9.18558653543691817e-01
43 3 1 2.50000000000000000e-01
43 3 2 1.76776695296636976e-01
43 3 3 2.50000000000000111e-01
44 0 0 1.00000000000000000e+00
45 0 0 -1.00000000000000000e+00
46 0 0 2.50000000000000056e-01
46 0 1 8.83883476483184771e-01
46 0 2 -2.49999999999999972e-01
46 0 3 -3.06186217847897291e-01
46 1 0 8.83883476483184771e-01
46 1 1 -3.75000000000000333e-01
46 1 2 -1.76776695296636976e-01
46 1 3 -2.16506350946109677e-01
46 2 0 -2.49999999999999972e-01
46 2 1 -1.76776695296636976e-01
46 2 2 2.50000000000000111e-01
46 2 3 -9.18558653543692039e-01
46 3 0 -3.06186217847897346e-01
46 3 1 -2.16506350946109732e-01
46 3 2 -9.18558653543691817e-01
46 3 3 -1.25000000000000083e-01
47 0 0 -2.50000000000000056e-01
47 0 1 9.18558653543691706e-01
47 0 2 -2.16506350946109649e-01
47 0 3 -2.16506350946109705e-01
47 1 0 9.18558653543691706e-01
47 1 1 1.25000000000000028e-01
47 1 2 -2.65165042944955354e-01
47 1 3 -2.65165042944955409e-01
47 2 0 -2.16506350946109649e-01
47 2 1 -2.65165042944955354e-01
47 2 2 6.24999999999997363e-02
47 2 3 -9.37500000000000000e-01
47 3 0 -2.16506350946109705e-01
47 3 1 -2.65165042944955409e-01
47 3 2 -9.37500000000000000e-01
47 3 3 6.24999999999999931e-02
48 0 0 5.00000000000000555e-01
48 0 1 8.66025403784438930e-01
48 1 0 8.66025403784438930e-01
48 1 1 -5.00000000000000111e-01
49 0 0 3.57142857142857331e-02
49 0 1 4.78091443733757726e-01
49 0 2 -2.00445931434318270e-01
49 0 3 -9.44911182523068965e-02
49 0 4 -9.44911182523070353e-02
49 0 5 1.33630620956212032e-01
49 0 6 -1.95615199108987725e-02
49 0 7 8.13157112614726119e-01
49 0 8 1.80701580581050403e-01
49 1 0 4.78091443733757726e-01
49 1 1 5.00000000000000236e-02
49 1 2 -1.11803398874989510e-01
49 1 3 2.37170824512628553e-01
49 1 4 2.37170824512628553e-01
49 1 5 -5.59016994374947618e-02
49 1 6 7.85584404849572593e-01
49 1 7 -2.83473354756920565e-02
49 1 8 1.51185789203690912e-01
49 2 0 -2.00445931434318297e-01
49 2 1 -1.11803398874989510e-01
49 2 2 8.75000000000000111e-01
49 2 5 -1.25000000000000083e-01
49 2 6 2.56173769148990038e-01
49 2 7 3.16932845523193840e-01
49 3 0 -9.44911182523068965e-02
49 3 1 2.37170824512628498e-01
49 3 3 -1.25000000000000083e-01
49 3 4 8.75000000000000444e-01
49 3 5 -2.65165042944955409e-01
49 3 6 -1.55264750852029759e-01
49 3 7 4.48210728500397712e-02
49 3 8 -2.39045721866878835e-01
49 4 0 -9.44911182523070214e-02
49 4 1 2.37170824512628553e-01
49 4 3 8.75000000000000444e-01
49 4 4 -1.24999999999999972e-01
49 4 5 -2.65165042944955354e-01
49 4 6 -1.55264750852029620e-01
49 4 7 4.48210728500397920e-02
49 4 8 -2.39045721866878808e-01
49 5 0 1.33630620956212032e-01
49 5 1 -5.59016994374947410e-02
49 5 2 -1.25000000000000111e-01
49 5 3 -2.65165042944955409e-01
49 5 4 -2.65165042944955409e-01
49 5 5 -1.87499999999999917e-01
49 5 6 2.19577516413420049e-01
49 5 7 1.58466422761596920e-01
49 5 8 -8.45154254728516907e-01
49 6 0 -1.95615199108987725e-02
49 6 1 7.85584404849572593e-01
49 6 2 2.56173769148990038e-01
49 6 3 -1.55264750852029787e-01
49 6 4 -1.55264750852029620e-01
49 6 5 2.19577516413420049e-01
49 6 6 1.10714285714285793e-01
49 6 7 -4.45384493374854140e-01
49 6 8 -9.89743318610787487e-02
49 7 0 8.13157112614726008e-01
49 7 1 -2.83473354756920426e-02
49 7 2 3.16932845523193840e-01
49 7 3 4.48210728500397643e-02
49 7 4 4.48210728500397920e-02
49 7 5 1.58466422761596920e-01
49 7 6 -4.45384493374854140e-01
49 7 7 5.17857142857142544e-02
49 7 8 -8.57142857142857290e-02
49 8 0 1.80701580581050403e-01
49 8 1 1.51185789203690857e-01
49 8 3 -2.39045721866878780e-01
49 8 4 -2.39045721866878808e-01
49 8 5 -8.45154254728516796e-01
49 8 6 -9.89743318610787487e-02
49 8 7 -8.57142857142857012e-02
49 8 8 3.14285714285714501e-01
50 0 0 5.00000000000000111e-01
50 0 1 8.66025403784438597e-01
50 1 0 8.66025403784438597e-01
50 1 1 -5.00000000000000000e-01
51 0 0 8.33333333333333426e-02
51 0 1 1.31761569173682647e-01
51 0 2 5.59016994374947673e-01
51 0 3 1.61374306091975644e-01
51 0 4 4.72455591261534968e-02
51 0 5 7.96819072889595859e-01
51 1 0 1.31761569173682647e-01
51 1 1 -2.91666666666666852e-01
51 1 2 1.76776695296636976e-01
51 1 3 8.67527617235709148e-01
51 1 4 -2.24105364250198752e-01
51 1 5 -2.51976315339484835e-01
51 2 0 5.59016994374947784e-01
51 2 1 1.76776695296636976e-01
51 2 2 -2.50000000000000056e-01
51 2 3 2.16506350946109788e-01
51 2 4 7.39509972887452127e-01
51 3 0 1.61374306091975644e-01
51 3 1 8.67527617235709259e-01
51 3 2 2.16506350946109732e-01
51 3 3 6.25000000000000139e-02
51 3 4 -2.74471895516775088e-01
51 3 5 -3.08606699924183936e-01
51 4 0 4.72455591261535107e-02
51 4 1 -2.24105364250198780e-01
51 4 2 7.39509972887452016e-01
51 4 3 -2.74471895516775088e-01
51 4 4 3.48214285714285698e-01
51 4 5 -4.51753951452625591e-01
51 5 0 7.96819072889595859e-01
51 5 1 -2.51976315339484891e-01
51 5 3 -3.08606699924183880e-01
51 5 4 -4.51753951452625591e-01
51 5 5 4.76190476190476233e-02
52 0 0 -8.33333333333333703e-02
52 0 1 1.55902391115580935e-01
52 0 2 5.51198189805123251e-01
52 0 3 1.20761472884912013e-01
52 0 4 -1.67705098312484285e-01
52 0 5 7.88810637746615528e-01
52 1 0 1.55902391115580935e-01
52 1 1 2.08333333333333426e-01
52 1 2 2.94627825494396742e-02
52 1 3 9.35970975333459188e-01
52 1 4 -1.04582503316759584e-01
52 1 5 -2.10818510677892090e-01
52 2 0 5.51198189805123251e-01
52 2 1 2.94627825494396742e-02
52 2 2 1.04166666666666630e-01
52 2 3 2.28217732293819336e-02
52 2 4 8.13460970176197451e-01
52 2 5 1.49071198499985985e-01
52 3 0 1.20761472884912013e-01
52 3 1 9.35970975333459299e-01
52 3 2 2.28217732293819336e-02
52 3 3 -2.74999999999999911e-01
52 3 4 -8.10092587300982048e-02
52 3 5 -1.63299316185545218e-01
52 4 0 -1.67705098312484313e-01
52 4 1 -1.04582503316759598e-01
52 4 2 8.13460970176197451e-01
52 4 3 -8.10092587300982325e-02
52 4 4 1.12500000000000128e-01
52 4 5 -5.29150262212918165e-01
52 5 0 7.88810637746615528e-01
52 5 1 -2.10818510677892090e-01
52 5 2 1.49071198499986013e-01
52 5 3 -1.63299316185545218e-01
52 5 4 -5.29150262212918165e-01
52 5 5 -6.66666666666667351e-02
53 0 0 1.00000000000000000e+00
54 0 1 1.76776695296636893e-01
54 0 2 -1.63663417676994327e-01
54 0 3 2.37170824512628470e-01
54 0 4 8.94427190999915855e-01
54 0 5 -2.92770021884560028e-01
54 1 0 1.76776695296636893e-01
54 1 1 6.25000000000000222e-01
54 1 3 -1.67705098312484341e-01
54 1 4 1.58113883008418971e-01
54 1 5 7.24568837309472080e-01
54 2 0 -1.63663417676994327e-01
54 2 2 3.57142857142857539e-02
54 2 3 9.31588505112178278e-01
54 2 4 -1.46385010942280042e-01
54 2 5 2.87494454249973164e-01
54 3 0 2.37170824512628525e-01
54 3 1 -1.67705098312484313e-01
54 3 2 9.31588505112178167e-01
54 3 3 2.50000000000000153e-02
54 3 4 2.12132034355964283e-01
54 3 5 4.62910049886275932e-02
54 4 0 8.94427190999915966e-01
54 4 1 1.58113883008418998e-01
54 4 2 -1.46385010942280042e-01
54 4 3 2.12132034355964255e-01
54 4 4 -2.00000000000000011e-01
54 4 5 -2.61861468283190957e-01
54 5 0 -2.92770021884559972e-01
54 5 1 7.24568837309472080e-01
54 5 2 2.87494454249973164e-01
54 5 3 4.62910049886275932e-02
54 5 4 -2.61861468283190901e-01
54 5 5 -4.85714285714285876e-01
55 0 0 1.00000000000000000e+00
56 0 0 1.42857142857142849e-01
56 0 1 9.89743318610787237e-01
56 1 0 9.89743318610787348e-01
56 1 1 -1.42857142857142932e-01
57 0 0 -1.99999999999999983e-01
57 0 1 9.79795897113271308e-01
57 1 0 9.79795897113271308e-01
57 1 1 2.00000000000000178e-01
58 0 0 1.00000000000000000e+00
59 0 0 -2.50000000000000167e-01
59 0 1 9.68245836551854255e-01
59 1 0 9.68245836551854255e-01
59 1 1 2.49999999999999972e-01
60 0 0 1.25000000000000167e-01
60 0 1 9.92156741649221519e-01
60 1 0 9.92156741649221519e-01
60 1 1 -1.25000000000000028e-01
61 0 0 1.00000000000000000e+00
62 0 1 1.76776695296636838e-01
62 0 2 -1.63663417676994410e-01
62 0 3 2.37170824512628498e-01
62 0 4 8.94427190999916077e-01
62 0 5 -2.92770021884559972e-01
62 1 0 1.76776695296636893e-01
62 1 1 6.25000000000000444e-01
62 1 3 -1.67705098312484285e-01
62 1 4 1.58113883008418915e-01
62 1 5 7.24568837309472080e-01
62 2 0 -1.63663417676994410e-01
62 2 2 3.57142857142857123e-02
62 2 3 9.31588505112178056e-01
62 2 4 -1.46385010942280014e-01
62 2 5 2.87494454249973053e-01
62 3 0 2.37170824512628553e-01
62 3 1 -1.67705098312484313e-01
62 3 2 9.31588505112178056e-01
62 3 3 2.50000000000000257e-02
62 3 4 2.12132034355964338e-01
62 3 5 4.62910049886275862e-02
62 4 0 8.94427190999916188e-01
62 4 1 1.58113883008418915e-01
62 4 2 -1.46385010942279958e-01
62 4 3 2.12132034355964311e-01
62 4 4 -2.00000000000000011e-01
62 4 5 -2.61861468283190957e-01
62 5 0 -2.92770021884559972e-01
62 5 1 7.24568837309472191e-01
62 5 2 2.87494454249973053e-01
62 5 3 4.62910049886275793e-02
62 5 4 -2.61861468283190957e-01
62 5 5 -4.85714285714286043e-01
63 0 0 1.00000000000000000e+00
64 0 0 -8.33333333333335091e-02
64 0 1 2.28217732293819281e-01
64 0 2 3.34076552390530690e-01
64 0 3 1.66666666666666741e-01
64 0 4 -3.27326835353988599e-01
64 0 5 8.33333333333333481e-01
64 1 0 2.28217732293819281e-01
64 1 1 2.50000000000000056e-01
64 1 3 9.12870929175277124e-01
64 1 5 -2.28217732293819225e-01
64 2 0 3.34076552390530690e-01
64 2 2 1.07142857142857248e-01
64 2 4 8.74817765279706561e-01
64 2 5 3.34076552390530634e-01
64 3 0 1.66666666666666713e-01
64 3 1 9.12870929175276902e-01
64 3 3 -3.33333333333333370e-01
64 3 5 -1.66666666666666657e-01
64 4 0 -3.27326835353988543e-01
64 4 2 8.74817765279706450e-01
64 4 4 1.42857142857142988e-01
64 4 5 -3.27326835353988488e-01
64 5 0 8.33333333333333370e-01
64 5 1 -2.28217732293819281e-01
64 5 2 3.34076552390530634e-01
64 5 3 -1.66666666666666685e-01
64 5 4 -3.27326835353988488e-01
64 5 5 -8.33333333333334259e-02
65 0 0 4.16666666666667060e-02
65 0 1 1.20761472884911944e-01
65 0 2 3.91311896062463527e-01
65 0 3 1.39443337755679353e-01
65 0 4 3.04290309725092634e-02
65 0 5 9.00102874778869633e-01
65 1 0 1.20761472884911944e-01
65 1 1 -2.00000000000000011e-01
65 1 2 1.62018517460196576e-01
65 1 3 9.23760430703400970e-01
65 1 4 -1.76383420737639324e-01
65 1 5 -1.86338998124982530e-01
65 2 0 3.91311896062463527e-01
65 2 1 1.62018517460196576e-01
65 2 2 -2.25000000000000255e-01
65 2 3 1.87082869338697055e-01
65 2 4 8.57321409974112658e-01
65 3 0 1.39443337755679353e-01
65 3 1 9.23760430703401192e-01
65 3 2 1.87082869338697055e-01
65 3 3 6.66666666666666380e-02
65 3 4 -2.03670030886926229e-01
65 3 5 -2.15165741455967618e-01
65 4 0 3.04290309725092634e-02
65 4 1 -1.76383420737639324e-01
65 4 2 8.57321409974112658e-01
65 4 3 -2.03670030886926229e-01
65 4 4 2.88888888888888973e-01
65 4 5 -3.28671099061089933e-01
65 5 0 9.00102874778869633e-01
65 5 1 -1.86338998124982475e-01
65 5 3 -2.15165741455967702e-01
65 5 4 -3.28671099061089933e-01
65 5 5 2.77777777777778005e-02
66 0 0 2.50000000000000222e-01
66 0 1 9.68245836551854366e-01
66 1 0 9.68245836551854366e-01
66 1 1 -2.50000000000000111e-01
67 0 0 1.71875000000000111e-01
67 0 1 -2.28726579597312712e-02
67 0 2 -5.54632479665589720e-02
67 0 3 1.47901994577490370e-01
67 0 4 1.93649167310370962e-01
67 0 5 1.93649167310370823e-01
67 0 6 3.59190558259619819e-01
67 0 7 -7.81250000000000971e-02
67 0 8 -2.06699321176921191e-01
67 0 9 8.31948719498383338e-01
67 1 0 -2.28726579597312712e-02
67 1 1 2.90178571428571438e-02
67 1 2 2.43569644814373487e-01
67 1 3 -2.16506350946109677e-01
67 1 6 9.27884361197613416e-02
67 1 7 -2.28726579597312400e-02
67 1 8 9.07730471767363434e-01
67 1 9 2.43569644814373432e-01
67 2 0 -5.54632479665589720e-02
67 2 1 2.43569644814373515e-01
67 2 2 9.06250000000000805e-02
67 2 3 -7.49999999999999556e-02
67 2 4 2.29128784747792025e-01
67 2 5 2.29128784747792025e-01
67 2 6 -3.25000000000000178e-01
67 2 7 8.31948719498383560e-01
67 2 8 -3.49385621484342296e-02
67 2 9 1.40625000000000083e-01
67 3 0 1.47901994577490370e-01
67 3 1 -2.16506350946109677e-01
67 3 2 -7.49999999999999556e-02
67 3 3 8.99999999999999800e-01
67 3 6 -1.00000000000000033e-01
67 3 7 1.47901994577490425e-01
67 3 8 2.79508497187473781e-01
67 3 9 -7.49999999999999695e-02
67 4 0 1.93649167310370962e-01
67 4 2 2.29128784747792025e-01
67 4 4 -1.00000000000000006e-01
67 4 5 9.00000000000000133e-01
67 4 7 -1.93649167310370934e-01
67 4 9 -2.29128784747792025e-01
67 5 0 1.93649167310370823e-01
67 5 2 2.29128784747792025e-01
67 5 4 9.00000000000000133e-01
67 5 5 -1.00000000000000047e-01
67 5 7 -1.93649167310370907e-01
67 5 9 -2.29128784747792080e-01
67 6 0 3.59190558259619819e-01
67 6 1 9.27884361197613416e-02
67 6 2 -3.25000000000000178e-01
67 6 3 -1.00000000000000019e-01
67 6 6 7.09523809523809668e-01
67 6 7 3.59190558259619874e-01
67 6 8 9.31694990624912928e-02
67 6 9 -3.25000000000000178e-01
67 7 0 -7.81250000000000971e-02
67 7 1 -2.28726579597312400e-02
67 7 2 8.31948719498383560e-01
67 7 3 1.47901994577490425e-01
67 7 4 -1.93649167310370934e-01
67 7 5 -1.93649167310370907e-01
67 7 6 3.59190558259619874e-01
67 7 7 1.71875000000000167e-01
67 7 8 -2.06699321176921164e-01
67 7 9 -5.54632479665589442e-02
67 8 0 -2.06699321176921191e-01
67 8 1 9.07730471767363656e-01
67 8 2 -3.49385621484342226e-02
67 8 3 2.79508497187473726e-01
67 8 6 9.31694990624913205e-02
67 8 7 -2.06699321176921191e-01
67 8 8 3.64583333333333287e-02
67 8 9 -3.49385621484342296e-02
67 9 0 8.31948719498383449e-01
67 9 1 2.43569644814373432e-01
67 9 2 1.40625000000000056e-01
67 9 3 -7.49999999999999556e-02
67 9 4 -2.29128784747792025e-01
67 9 5 -2.29128784747792080e-01
67 9 6 -3.25000000000000067e-01
67 9 7 -5.54632479665589442e-02
67 9 8 -3.49385621484342296e-02
67 9 9 9.06249999999999833e-02
68 0 0 2.50000000000000111e-01
68 0 1 9.68245836551854255e-01
68 1 0 9.68245836551854255e-01
68 1 1 -2.50000000000000111e-01
69 0 0 3.57142857142857401e-02
69 0 1 1.46385010942280014e-01
69 0 2 2.87494454249973108e-01
69 0 3 1.63663417676994383e-01
69 0 5 9.31588505112178500e-01
69 1 0 1.46385010942280042e-01
69 1 1 -2.00000000000000067e-01
69 1 2 2.61861468283190957e-01
69 1 3 8.94427190999916299e-01
69 1 4 -1.58113883008418887e-01
69 1 5 -2.12132034355964366e-01
69 2 0 2.87494454249973108e-01
69 2 1 2.61861468283191012e-01
69 2 2 -4.85714285714285987e-01
69 2 3 2.92770021884560194e-01
69 2 4 7.24568837309472080e-01
69 2 5 4.62910049886276001e-02
69 3 0 1.63663417676994383e-01
69 3 1 8.94427190999916188e-01
69 3 2 2.92770021884560139e-01
69 3 4 -1.76776695296637032e-01
69 3 5 -2.37170824512628664e-01
69 4 1 -1.58113883008418832e-01
69 4 2 7.24568837309471969e-01
69 4 3 -1.76776695296637004e-01
69 4 4 6.25000000000000444e-01
69 4 5 -1.67705098312484258e-01
69 5 0 9.31588505112178167e-01
69 5 1 -2.12132034355964366e-01
69 5 2 4.62910049886275932e-02
69 5 3 -2.37170824512628609e-01
69 5 4 -1.67705098312484258e-01
69 5 5 2.50000000000000291e-02
70 0 0 -5.00000000000000305e-02
70 0 1 1.73205080756887758e-01
70 0 2 2.64575131106459138e-01
70 0 3 1.36930639376291574e-01
70 0 4 -2.62202212042538019e-01
70 0 5 9.00000000000000022e-01
70 1 0 1.73205080756887758e-01
70 1 1 2.00000000000000011e-01
70 1 3 9.48683298050513768e-01
70 1 5 -1.73205080756887758e-01
70 2 0 2.64575131106459138e-01
70 2 2 6.66666666666666796e-02
70 2 4 9.24962461700774119e-01
70 2 5 2.64575131106459138e-01
70 3 0 1.36930639376291574e-01
70 3 1 9.48683298050513768e-01
70 3 3 -2.50000000000000111e-01
70 3 5 -1.36930639376291630e-01
70 4 0 -2.62202212042538019e-01
70 4 2 9.24962461700774230e-01
70 4 4 8.33333333333334259e-02
70 4 5 -2.62202212042537963e-01
70 5 0 8.99999999999999911e-01
70 5 1 -1.73205080756887758e-01
70 5 2 2.64575131106459138e-01
70 5 3 -1.36930639376291574e-01
70 5 4 -2.62202212042537908e-01
70 5 5 -5.00000000000000375e-02
71 0 0 6.66666666666665964e-02
71 0 1 2.03670030886926173e-01
71 0 2 -1.39443337755679297e-01
71 0 3 2.15165741455967618e-01
71 0 4 9.23760430703401303e-01
71 0 5 -1.87082869338696972e-01
71 1 0 2.03670030886926173e-01
71 1 1 2.88888888888888862e-01
71 1 2 3.04290309725092391e-02
71 1 3 -3.28671099061089989e-01
71 1 4 1.76383420737639435e-01
71 1 5 8.57321409974112436e-01
71 2 0 -1.39443337755679297e-01
71 2 1 3.04290309725092391e-02
71 2 2 4.16666666666667129e-02
71 2 3 9.00102874778869633e-01
71 2 4 -1.20761472884912069e-01
71 2 5 3.91311896062463527e-01
71 3 0 2.15165741455967618e-01
71 3 1 -3.28671099061089989e-01
71 3 2 9.00102874778869633e-01
71 3 3 2.77777777777777693e-02
71 3 4 1.86338998124982475e-01
71 4 0 9.23760430703401303e-01
71 4 1 1.76383420737639490e-01
71 4 2 -1.20761472884912069e-01
71 4 3 1.86338998124982530e-01
71 4 4 -2.00000000000000067e-01
71 4 5 -1.62018517460196659e-01
71 5 0 -1.87082869338697000e-01
71 5 1 8.57321409974112436e-01
71 5 2 3.91311896062463527e-01
71 5 4 -1.62018517460196659e-01
71 5 5 -2.25000000000000200e-01
72 0 0 1.00000000000000000e+00
73 0 0 1.25000000000000111e-01
73 0 1 9.92156741649221741e-01
73 1 0 9.92156741649221852e-01
73 1 1 -1.25000000000000111e-01
74 0 0 -2.50000000000000111e-01
74 0 1 9.68245836551854255e-01
74 1 0 9.68245836551854255e-01
74 1 1 2.50000000000000111e-01
75 0 0 1.00000000000000000e+00
76 0 0 1.00000000000000000e+00
77 0 0 -5.00000000000000000e-01
77 0 1 8.66025403784438597e-01
77 1 0 8.66025403784438708e-01
77 1 1 5.00000000000000111e-01
78 0 0 1.42857142857142877e-01
78 0 1 9.89743318610787015e-01
78 1 0 9.89743318610787015e-01
78 1 1 -1.42857142857142905e-01
79 0 0 6.25000000000001388e-02
79 0 1 2.74471895516775144e-01
79 0 2 -1.61374306091975839e-01
79 0 3 3.08606699924183936e-01
79 0 4 8.67527617235708925e-01
79 0 5 -2.16506350946109649e-01
79 1 0 2.74471895516775144e-01
79 1 1 3.48214285714285587e-01
79 1 2 4.72455591261534760e-02
79 1 3 -4.51753951452625591e-01
79 1 4 2.24105364250198863e-01
79 1 5 7.39509972887451683e-01
79 2 0 -1.61374306091975839e-01
79 2 1 4.72455591261534760e-02
79 2 2 8.33333333333335646e-02
79 2 3 7.96819072889595748e-01
79 2 4 -1.31761569173682480e-01
79 2 5 5.59016994374947340e-01
79 3 0 3.08606699924183936e-01
79 3 1 -4.51753951452625591e-01
79 3 2 7.96819072889595748e-01
79 3 3 4.76190476190476372e-02
79 3 4 2.51976315339484946e-01
79 4 0 8.67527617235708814e-01
79 4 1 2.24105364250198891e-01
79 4 2 -1.31761569173682508e-01
79 4 3 2.51976315339484835e-01
79 4 4 -2.91666666666666685e-01
79 4 5 -1.76776695296636865e-01
79 5 0 -2.16506350946109649e-01
79 5 1 7.39509972887451905e-01
79 5 2 5.59016994374947340e-01
79 5 4 -1.76776695296636921e-01
79 5 5 -2.50000000000000000e-01
80 0 0 1.00000000000000000e+00
81 0 0 -1.25000000000000000e-01
81 0 1 3.06186217847897624e-01
81 0 2 2.16506350946109677e-01
81 0 3 -9.18558653543692039e-01
81 1 0 3.06186217847897624e-01
81 1 1 2.50000000000000333e-01
81 1 2 8.83883476483184549e-01
81 1 3 2.49999999999999917e-01
81 2 0 2.16506350946109705e-01
81 2 1 8.83883476483184549e-01
81 2 2 -3.75000000000000167e-01
81 2 3 1.76776695296636976e-01
81 3 0 -9.18558653543691928e-01
81 3 1 2.49999999999999972e-01
81 3 2 1.76776695296637004e-01
81 3 3 2.50000000000000056e-01
82 0 0 3.57142857142857192e-02
82 0 1 1.46385010942280125e-01
82 0 2 2.87494454249973053e-01
82 0 3 1.63663417676994272e-01
82 0 5 9.31588505112178167e-01
82 1 0 1.46385010942280125e-01
82 1 1 -1.99999999999999928e-01
82 1 2 2.61861468283190846e-01
82 1 3 8.94427190999916077e-01
82 1 4 -1.58113883008419026e-01
82 1 5 -2.12132034355964283e-01
82 2 0 2.87494454249973053e-01
82 2 1 2.61861468283190846e-01
82 2 2 -4.85714285714285821e-01
82 2 3 2.92770021884560250e-01
82 2 4 7.24568837309472080e-01
82 2 5 4.62910049886275654e-02
82 3 0 1.63663417676994272e-01
82 3 1 8.94427190999916077e-01
82 3 2 2.92770021884560250e-01
82 3 4 -1.76776695296636921e-01
82 3 5 -2.37170824512628470e-01
82 4 1 -1.58113883008419026e-01
82 4 2 7.24568837309472191e-01
82 4 3 -1.76776695296636921e-01
82 4 4 6.25000000000000000e-01
82 4 5 -1.67705098312484258e-01
82 5 0 9.31588505112178167e-01
82 5 1 -2.12132034355964283e-01
82 5 2 4.62910049886275654e-02
82 5 3 -2.37170824512628525e-01
82 5 4 -1.67705098312484258e-01
82 5 5 2.50000000000000118e-02
83 0 0 1.10714285714285793e-01
83 0 1 -1.95615199108988072e-02
83 0 2 -9.89743318610787626e-02
83 0 3 2.56173769148990094e-01
83 0 4 1.55264750852029676e-01
83 0 5 1.55264750852029759e-01
83 0 6 2.19577516413419938e-01
83 0 7 -4.45384493374854140e-01
83 0 8 7.85584404849572371e-01
83 1 0 -1.95615199108988072e-02
83 1 1 3.57142857142858025e-02
83 1 2 1.80701580581050431e-01
83 1 3 -2.00445931434318436e-01
83 1 4 9.44911182523069521e-02
83 1 5 9.44911182523069104e-02
83 1 6 1.33630620956212309e-01
83 1 7 8.13157112614726008e-01
83 1 8 4.78091443733757504e-01
83 2 0 -9.89743318610787348e-02
83 2 1 1.80701580581050431e-01
83 2 2 3.14285714285714390e-01
83 2 4 2.39045721866878808e-01
83 2 5 2.39045721866878724e-01
83 2 6 -8.45154254728516796e-01
83 2 7 -8.57142857142857012e-02
83 2 8 1.51185789203690968e-01
83 3 0 2.56173769148990094e-01
83 3 1 -2.00445931434318436e-01
83 3 3 8.75000000000000555e-01
83 3 6 -1.25000000000000028e-01
83 3 7 3.16932845523193896e-01
83 3 8 -1.11803398874989551e-01
83 4 0 1.55264750852029648e-01
83 4 1 9.44911182523069521e-02
83 4 2 2.39045721866878808e-01
83 4 4 -1.25000000000000028e-01
83 4 5 8.75000000000000444e-01
83 4 6 2.65165042944955409e-01
83 4 7 -4.48210728500397643e-02
83 4 8 -2.37170824512628498e-01
83 5 0 1.55264750852029759e-01
83 5 1 9.44911182523069104e-02
83 5 2 2.39045721866878752e-01
83 5 4 8.75000000000000444e-01
83 5 5 -1.25000000000000056e-01
83 5 6 2.65165042944955354e-01
83 5 7 -4.48210728500398475e-02
83 5 8 -2.37170824512628581e-01
83 6 0 2.19577516413419938e-01
83 6 1 1.33630620956212309e-01
83 6 2 -8.45154254728516796e-01
83 6 3 -1.25000000000000028e-01
83 6 4 2.65165042944955354e-01
83 6 5 2.65165042944955409e-01
83 6 6 -1.87499999999999917e-01
83 6 7 1.58466422761596948e-01
83 6 8 -5.59016994374947618e-02
83 7 0 -4.45384493374854140e-01
83 7 1 8.13157112614726008e-01
83 7 2 -8.57142857142857151e-02
83 7 3 3.16932845523193840e-01
83 7 4 -4.48210728500397781e-02
83 7 5 -4.48210728500398475e-02
83 7 6 1.58466422761596920e-01
83 7 7 5.17857142857142960e-02
83 7 8 -2.83473354756920391e-02
83 8 0 7.85584404849572371e-01
83 8 1 4.78091443733757504e-01
83 8 2 1.51185789203690968e-01
83 8 3 -1.11803398874989524e-01
83 8 4 -2.37170824512628525e-01
83 8 5 -2.37170824512628636e-01
83 8 6 -5.59016994374947548e-02
83 8 7 -2.83473354756920391e-02
83 8 8 5.00000000000000167e-02
84 0 0 2.00000000000000178e-01
84 0 1 9.79795897113271308e-01
84 1 0 9.79795897113271308e-01
84 1 1 -1.99999999999999983e-01
85 0 0 -6.66666666666667351e-02
85 0 1 2.10818510677892063e-01
85 0 2 1.49071198499986013e-01
85 0 3 1.63299316185545135e-01
85 0 4 -5.29150262212918165e-01
85 0 5 7.88810637746615528e-01
85 1 0 2.10818510677892063e-01
85 1 1 2.08333333333333370e-01
85 1 2 -2.94627825494395146e-02
85 1 3 9.35970975333459188e-01
85 1 4 1.04582503316759556e-01
85 1 5 -1.55902391115580963e-01
85 2 0 1.49071198499986013e-01
85 2 1 -2.94627825494395146e-02
85 2 2 1.04166666666666685e-01
85 2 3 -2.28217732293818781e-02
85 2 4 8.13460970176197229e-01
85 2 5 5.51198189805123140e-01
85 3 0 1.63299316185545107e-01
85 3 1 9.35970975333459299e-01
85 3 2 -2.28217732293818920e-02
85 3 3 -2.75000000000000078e-01
85 3 4 8.10092587300982742e-02
85 3 5 -1.20761472884912041e-01
85 4 0 -5.29150262212918165e-01
85 4 1 1.04582503316759556e-01
85 4 2 8.13460970176197229e-01
85 4 3 8.10092587300982464e-02
85 4 4 1.12500000000000058e-01
85 4 5 -1.67705098312484285e-01
85 5 0 7.88810637746615528e-01
85 5 1 -1.55902391115580963e-01
85 5 2 5.51198189805123140e-01
85 5 3 -1.20761472884912069e-01
85 5 4 -1.67705098312484258e-01
85 5 5 -8.33333333333333565e-02
86 0 0 1.25000000000000000e-01
86 0 1 2.65165042944955298e-01
86 0 2 2.65165042944955465e-01
86 0 3 9.18558653543692039e-01
86 1 0 2.65165042944955298e-01
86 1 1 6.24999999999999375e-02
86 1 2 -9.37500000000000000e-01
86 1 3 2.16506350946109649e-01
86 2 0 2.65165042944955465e-01
86 2 1 -9.37500000000000000e-01
86 2 2 6.25000000000000139e-02
86 2 3 2.16506350946109788e-01
86 3 0 9.18558653543692039e-01
86 3 1 2.16506350946109594e-01
86 3 2 2.16506350946109788e-01
86 3 3 -2.50000000000000111e-01
87 0 0 1.00000000000000000e+00
88 0 0 -5.00000000000000000e-01
88 0 1 8.66025403784438597e-01
88 1 0 8.66025403784438597e-01
88 1 1 5.00000000000000111e-01
89 0 0 -1.00000000000000000e+00
90 0 0 9.16666666666666408e-01
90 0 1 2.79508497187473615e-01
90 0 2 2.81718084909505506e-01
90 0 3 4.72455591261534413e-02
90 1 0 2.79508497187473615e-01
90 1 1 6.25000000000000278e-02
90 1 2 -9.44911182523068049e-01
90 1 3 -1.58466422761597003e-01
90 2 0 2.81718084909505451e-01
90 2 1 -9.44911182523068049e-01
90 2 2 4.76190476190476442e-02
90 2 3 -1.59719141249984986e-01
90 3 0 4.72455591261534344e-02
90 3 1 -1.58466422761597003e-01
90 3 2 -1.59719141249985014e-01
90 3 3 9.73214285714285698e-01
91 0 0 -1.00000000000000000e+00
92 0 0 -2.49999999999999944e-01
92 0 1 9.18558653543691817e-01
92 0 2 -2.16506350946109705e-01
92 0 3 -2.16506350946109649e-01
92 1 0 9.18558653543691706e-01
92 1 1 1.24999999999999944e-01
92 1 2 -2.65165042944955409e-01
92 1 3 -2.65165042944955298e-01
92 2 0 -2.16506350946109677e-01
92 2 1 -2.65165042944955409e-01
92 2 2 6.25000000000000278e-02
92 2 3 -9.37500000000000222e-01
92 3 0 -2.16506350946109649e-01
92 3 1 -2.65165042944955243e-01
92 3 2 -9.37500000000000222e-01
92 3 3 6.25000000000000139e-02
93 0 0 1.66666666666666630e-01
93 0 1 9.52579344415680263e-01
93 0 2 -1.70588771906386300e-01
93 0 3 -1.88982236504613710e-01
93 1 0 9.52579344415680263e-01
93 1 1 -2.22222222222222265e-01
93 1 2 -1.39285149006224185e-01
93 1 3 -1.54303349962091829e-01
93 2 0 -1.70588771906386300e-01
93 2 1 -1.39285149006224185e-01
93 2 2 1.26984126984126977e-01
93 2 3 -9.67147429123328517e-01
93 3 0 -1.88982236504613710e-01
93 3 1 -1.54303349962091885e-01
93 3 2 -9.67147429123328517e-01
93 3 3 -7.14285714285715079e-02
94 0 0 1.00000000000000000e+00
95 0 0 -2.77777777777777589e-02
95 0 1 -1.42318760638327768e-01
95 0 2 1.87812056606336986e-01
95 0 3 9.22330984215777194e-01
95 0 4 -3.04968772796416820e-01
95 1 0 -1.42318760638327768e-01
95 1 1 2.08333333333333461e-02
95 1 2 9.62250448649376255e-01
95 1 3 -1.35015431216830462e-01
95 1 4 1.87500000000000222e-01
95 2 0 1.87812056606336986e-01
95 2 1 9.62250448649376255e-01
95 2 2 1.58730158730158825e-02
95 2 3 1.78174161274949672e-01
95 2 4 8.24786098842322790e-02
95 3 0 9.22330984215777194e-01
95 3 1 -1.35015431216830462e-01
95 3 2 1.78174161274949672e-01
95 3 3 -1.25000000000000056e-01
95 3 4 -2.89318781178922513e-01
95 4 0 -3.04968772796416876e-01
95 4 1 1.87500000000000222e-01
95 4 2 8.24786098842322513e-02
95 4 3 -2.89318781178922513e-01
95 4 4 -8.83928571428571730e-01
96 0 0 1.00000000000000000e+00
97 0 0 1.25000000000000083e-01
97 0 1 9.92156741649221519e-01
97 1 0 9.92156741649221519e-01
97 1 1 -1.25000000000000056e-01
98 0 0 -1.42857142857142849e-01
98 0 1 9.89743318610787126e-01
98 1 0 9.89743318610787126e-01
98 1 1 1.42857142857143044e-01
99 0 0 1.00000000000000000e+00
100 0 0 1.00000000000000000e+00
101 0 0 -2.77777777777777693e-02
101 0 1 -1.42318760638326824e-01
101 0 2 1.87812056606337041e-01
101 0 3 9.22330984215777083e-01
101 0 4 -3.04968772796416709e-01
101 1 0 -1.42318760638326824e-01
101 1 1 2.08333333333324718e-02
101 1 2 9.62250448649376255e-01
101 1 3 -1.35015431216829934e-01
101 1 4 1.87500000000001749e-01
101 2 0 1.87812056606336958e-01
101 2 1 9.62250448649376255e-01
101 2 2 1.58730158730158825e-02
101 2 3 1.78174161274949616e-01
101 2 4 8.24786098842322651e-02
101 3 0 9.22330984215777194e-01
101 3 1 -1.35015431216829934e-01
101 3 2 1.78174161274949616e-01
101 3 3 -1.25000000000000000e-01
101 3 4 -2.89318781178922457e-01
101 4 0 -3.04968772796416709e-01
101 4 1 1.87500000000001749e-01
101 4 2 8.24786098842322651e-02
101 4 3 -2.89318781178922346e-01
101 4 4 -8.83928571428571619e-01
102 0 0 1.00000000000000000e+00
103 0 0 -8.33333333333333148e-02
103 0 1 1.55902391115580241e-01
103 0 2 5.51198189805123029e-01
103 0 3 1.20761472884911944e-01
103 0 4 -1.67705098312484230e-01
103 0 5 7.88810637746615528e-01
103 1 0 1.55902391115580241e-01
103 1 1 2.08333333333331566e-01
103 1 2 2.94627825494417940e-02
103 1 3 9.35970975333458854e-01
103 1 4 -1.04582503316759154e-01
103 1 5 -2.10818510677893645e-01
103 2 0 5.51198189805123029e-01
103 2 1 2.94627825494417975e-02
103 2 2 1.04166666666669280e-01
103 2 3 2.28217732293818712e-02
103 2 4 8.13460970176197340e-01
103 2 5 1.49071198499985291e-01
103 3 0 1.20761472884911986e-01
103 3 1 9.35970975333458854e-01
103 3 2 2.28217732293818712e-02
103 3 3 -2.74999999999999967e-01
103 3 4 -8.10092587300982325e-02
103 3 5 -1.63299316185545218e-01
103 4 0 -1.67705098312484285e-01
103 4 1 -1.04582503316759168e-01
103 4 2 8.13460970176197340e-01
103 4 3 -8.10092587300982464e-02
103 4 4 1.12500000000000058e-01
103 4 5 -5.29150262212918165e-01
103 5 0 7.88810637746615639e-01
103 5 1 -2.10818510677893645e-01
103 5 2 1.49071198499985264e-01
103 5 3 -1.63299316185545218e-01
103 5 4 -5.29150262212918165e-01
103 5 5 -6.66666666666666935e-02
104 0 0 5.55555555555556219e-02
104 0 1 9.07218423253027956e-02
104 0 2 5.68629239687954313e-01
104 0 3 1.05409255338946017e-01
104 0 4 4.87950036474266644e-02
104 0 5 8.07373427759331075e-01
104 1 0 9.07218423253027956e-02
104 1 1 -1.85185185185185230e-01
104 1 2 9.28567660041494519e-02
104 1 3 9.46729262406257321e-01
104 1 4 -1.59363814577919288e-01
104 1 5 -1.64804410824348102e-01
104 2 0 5.68629239687954313e-01
104 2 1 9.28567660041494242e-02
104 2 2 -1.32275132275132296e-01
104 2 3 1.07889812495025036e-01
104 2 4 7.99092455748687036e-01
104 2 5 -1.87812056606337097e-02
104 3 0 1.05409255338946017e-01
104 3 1 9.46729262406257321e-01
104 3 2 1.07889812495025036e-01
104 3 3 9.99999999999999917e-02
104 3 4 -1.85164019954510317e-01
104 3 5 -1.91485421551267659e-01
104 4 0 4.87950036474266644e-02
104 4 1 -1.59363814577919288e-01
104 4 2 7.99092455748686925e-01
104 4 3 -1.85164019954510317e-01
104 4 4 1.28571428571428586e-01
104 4 5 -5.31843156256750937e-01
104 5 0 8.07373427759331075e-01
104 5 1 -1.64804410824348102e-01
104 5 2 -1.87812056606337097e-02
104 5 3 -1.91485421551267632e-01
104 5 4 -5.31843156256750937e-01
104 5 5 3.33333333333333467e-02
105 0 0 3.33333333333333481e-01
105 0 1 9.42809041582063467e-01
105 1 0 9.42809041582063689e-01
105 1 1 -3.33333333333333370e-01
106 0 0 3.36419753086419859e-01
106 0 1 -2.41550553124983899e-02
106 0 2 -4.17360125791860007e-02
106 0 3 7.34930919740164057e-02
106 0 4 1.70103454359942979e-01
106 0 5 1.70103454359942868e-01
106 0 6 5.19701150387687494e-01
106 0 7 -6.53271928657923329e-02
106 0 8 -1.15812734810455065e-01
106 0 9 7.30380220135755320e-01
106 1 0 -2.41550553124983899e-02
106 1 1 2.23765432098766252e-02
106 1 2 3.26635964328961248e-01
106 1 3 -1.80769104483598869e-01
106 1 4 -5.32508042018938615e-02
106 1 5 -5.32508042018908015e-02
106 1 6 7.39509972887452405e-02
106 1 7 -1.46076044027146894e-02
106 1 8 9.06378016937167907e-01
106 1 9 1.63317982164481595e-01
106 2 0 -4.17360125791860007e-02
106 2 1 3.26635964328961248e-01
106 2 2 4.05643738977072565e-02
106 2 3 -9.93807989999906521e-02
106 2 4 1.84017482491294515e-01
106 2 5 1.84017482491294515e-01
106 2 6 -1.27775312999988122e-01
106 2 7 8.83384879999916883e-01
106 2 8 -1.95759251153603056e-02
106 2 9 1.23456790123456825e-01
106 3 0 7.34930919740164057e-02
106 3 1 -1.80769104483598869e-01
106 3 2 -9.93807989999906521e-02
106 3 3 9.24999999999999933e-01
106 3 6 -7.50000000000000527e-02
106 3 7 1.77777777777777701e-01
106 3 8 2.41299209783155499e-01
106 3 9 -3.10564996874971300e-02
106 4 0 1.70103454359943007e-01
106 4 1 -5.32508042018938615e-02
106 4 2 1.84017482491294487e-01
106 4 4 -7.50000000000000250e-02
106 4 5 9.25000000000000266e-01
106 4 6 -1.04154761224412196e-01
106 4 7 -1.44016459964619203e-01
106 4 8 3.19142369252112465e-02
106 4 9 -2.01269121474853402e-01
106 5 0 1.70103454359942868e-01
106 5 1 -5.32508042018908015e-02
106 5 2 1.84017482491294543e-01
106 5 4 9.25000000000000266e-01
106 5 5 -7.50000000000000111e-02
106 5 6 -1.04154761224412210e-01
106 5 7 -1.44016459964619092e-01
106 5 8 3.19142369252112812e-02
106 5 9 -2.01269121474853374e-01
106 6 0 5.19701150387687494e-01
106 6 1 7.39509972887452544e-02
106 6 2 -1.27775312999988094e-01
106 6 3 -7.50000000000000527e-02
106 6 4 -1.04154761224412196e-01
106 6 5 -1.04154761224412210e-01
106 6 6 5.66071428571428892e-01
106 6 7 2.00000000000000039e-01
106 6 8 8.86405260427918368e-02
106 6 9 -5.59016994374947673e-01
106 7 0 -6.53271928657923329e-02
106 7 1 -1.46076044027146894e-02
106 7 2 8.83384879999916883e-01
106 7 3 1.77777777777777701e-01
106 7 4 -1.44016459964619203e-01
106 7 5 -1.44016459964619092e-01
106 7 6 2.00000000000000039e-01
106 7 7 7.16049382716048843e-02
106 7 8 -3.06411694962737235e-01
106 7 9 -5.52115549999947705e-02
106 8 0 -1.15812734810455065e-01
106 8 1 9.06378016937167796e-01
106 8 2 -1.95759251153602987e-02
106 8 3 2.41299209783155499e-01
106 8 4 3.19142369252112396e-02
106 8 5 3.19142369252113020e-02
106 8 6 8.86405260427918368e-02
106 8 7 -3.06411694962737235e-01
106 8 8 2.90123456790123205e-02
106 8 9 -4.28223361898506447e-02
106 9 0 7.30380220135755320e-01
106 9 1 1.63317982164481568e-01
106 9 2 1.23456790123456797e-01
106 9 3 -3.10564996874971230e-02
106 9 4 -2.01269121474853402e-01
106 9 5 -2.01269121474853319e-01
106 9 6 -5.59016994374947673e-01
106 9 7 -5.52115549999947636e-02
106 9 8 -4.28223361898506308e-02
106 9 9 1.58950617283950657e-01
107 0 0 3.33333333333333148e-01
107 0 1 9.42809041582063356e-01
107 1 0 9.42809041582063356e-01
107 1 1 -3.33333333333333259e-01
108 0 0 4.16666666666683852e-02
108 0 1 1.20761472884912457e-01
108 0 2 3.91311896062462750e-01
108 0 3 1.39443337755679270e-01
108 0 4 3.04290309725113138e-02
108 0 5 9.00102874778869633e-01
108 1 0 1.20761472884912457e-01
108 1 1 -2.00000000000000011e-01
108 1 2 1.62018517460196576e-01
108 1 3 9.23760430703401414e-01
108 1 4 -1.76383420737639351e-01
108 1 5 -1.86338998124982475e-01
108 2 0 3.91311896062462750e-01
108 2 1 1.62018517460196576e-01
108 2 2 -2.25000000000000200e-01
108 2 3 1.87082869338696972e-01
108 2 4 8.57321409974112880e-01
108 3 0 1.39443337755679270e-01
108 3 1 9.23760430703401192e-01
108 3 2 1.87082869338696944e-01
108 3 3 6.66666666666666657e-02
108 3 4 -2.03670030886926146e-01
108 3 5 -2.15165741455967563e-01
108 4 0 3.04290309725113138e-02
108 4 1 -1.76383420737639351e-01
108 4 2 8.57321409974112880e-01
108 4 3 -2.03670030886926146e-01
108 4 4 2.88888888888888917e-01
108 4 5 -3.28671099061089822e-01
108 5 0 9.00102874778869522e-01
108 5 1 -1.86338998124982530e-01
108 5 3 -2.15165741455967535e-01
108 5 4 -3.28671099061089877e-01
108 5 5 2.77777777777777971e-02
109 0 0 -4.76190476190475678e-02
109 0 1 1.38013111868470789e-01
109 0 2 3.83325938999963867e-01
109 0 3 1.12687233963802216e-01
109 0 4 -1.59363814577919150e-01
109 0 5 8.90870806374748136e-01
109 1 0 1.38013111868470789e-01
109 1 1 1.75000000000000044e-01
109 1 2 2.31455024943138382e-02
109 1 3 9.59383482590077885e-01
109 1 4 -5.77350269189624288e-02
109 1 5 -1.61374306091975561e-01
109 2 0 3.83325938999963867e-01
109 2 1 2.31455024943138382e-02
109 2 2 6.42857142857142655e-02
109 2 3 1.88982236504611767e-02
109 2 4 9.08688222502243126e-01
109 2 5 1.49403576166799085e-01
109 3 0 1.12687233963802230e-01
109 3 1 9.59383482590077885e-01
109 3 2 1.88982236504611802e-02
109 3 3 -2.16666666666666646e-01
109 3 4 -4.71404520791031748e-02
109 3 5 -1.31761569173682480e-01
109 4 0 -1.59363814577919150e-01
109 4 1 -5.77350269189624149e-02
109 4 2 9.08688222502243237e-01
109 4 3 -4.71404520791031678e-02
109 4 4 6.66666666666666657e-02
109 4 5 -3.72677996249965060e-01
109 5 0 8.90870806374748136e-01
109 5 1 -1.61374306091975561e-01
109 5 2 1.49403576166799085e-01
109 5 3 -1.31761569173682452e-01
109 5 4 -3.72677996249965060e-01
109 5 5 -4.16666666666666019e-02
110 0 0 1.00000000000000000e+00
111 0 0 2.49999999999999875e-02
111 0 1 1.62018517460196493e-01
111 0 2 -1.33333333333333248e-01
111 0 3 1.79118210501705621e-01
111 0 4 9.35692702404658960e-01
111 0 5 -2.18501843368781701e-01
111 1 0 1.62018517460196493e-01
111 1 1 4.50000000000000067e-01
111 1 3 -1.65831239517770096e-01
111 1 4 1.47901994577490425e-01
111 1 5 8.49632273398321813e-01
111 2 0 -1.33333333333333248e-01
111 2 2 2.22222222222221988e-02
111 2 3 9.55297122675763388e-01
111 2 4 -1.21716123890036790e-01
111 2 5 2.33068632926700159e-01
111 3 0 1.79118210501705621e-01
111 3 1 -1.65831239517770096e-01
111 3 2 9.55297122675763388e-01
111 3 3 1.66666666666666838e-02
111 3 4 1.63511807252904956e-01
111 3 5 2.84637521276655397e-02
111 4 0 9.35692702404658960e-01
111 4 1 1.47901994577490453e-01
111 4 2 -1.21716123890036762e-01
111 4 3 1.63511807252904956e-01
111 4 4 -1.45833333333333343e-01
111 4 5 -1.99463980782570577e-01
111 5 0 -2.18501843368781729e-01
111 5 1 8.49632273398321813e-01
111 5 2 2.33068632926700159e-01
111 5 3 2.84637521276655397e-02
111 5 4 -1.99463980782570521e-01
111 5 5 -3.68055555555555802e-01
112 0 0 1.00000000000000000e+00
113 0 0 1.11111111111110980e-01
113 0 1 9.93807989999906605e-01
113 1 0 9.93807989999906827e-01
113 1 1 -1.11111111111111147e-01
114 0 0 -1.66666666666666685e-01
114 0 1 9.86013297183269355e-01
114 1 0 9.86013297183269355e-01
114 1 1 1.66666666666666408e-01
115 0 0 1.00000000000000000e+00
116 0 0 1.00000000000000000e+00
117 0 0 -2.00000000000000011e-01
117 0 1 9.79795897113271308e-01
117 1 0 9.79795897113271419e-01
117 1 1 2.00000000000000094e-01
118 0 0 1.00000000000000047e-01
118 0 1 9.94987437106620187e-01
118 1 0 9.94987437106620187e-01
118 1 1 -1.00000000000000033e-01
119 0 0 1.00000000000000000e+00
120 0 0 2.49999999999999251e-02
120 0 1 1.62018517460196493e-01
120 0 2 -1.33333333333333387e-01
120 0 3 1.79118210501705649e-01
120 0 4 9.35692702404658849e-01
120 0 5 -2.18501843368781812e-01
120 1 0 1.62018517460196465e-01
120 1 1 4.50000000000000455e-01
120 1 3 -1.65831239517770096e-01
120 1 4 1.47901994577490342e-01
120 1 5 8.49632273398321813e-01
120 2 0 -1.33333333333333387e-01
120 2 2 2.22222222222222265e-02
120 2 3 9.55297122675763499e-01
120 2 4 -1.21716123890036942e-01
120 2 5 2.33068632926700464e-01
120 3 0 1.79118210501705649e-01
120 3 1 -1.65831239517770040e-01
120 3 2 9.55297122675763499e-01
120 3 3 1.66666666666666630e-02
120 3 4 1.63511807252904900e-01
120 3 5 2.84637521276655779e-02
120 4 0 9.35692702404659071e-01
120 4 1 1.47901994577490314e-01
120 4 2 -1.21716123890036956e-01
120 4 3 1.63511807252904873e-01
120 4 4 -1.45833333333333426e-01
120 4 5 -1.99463980782570577e-01
120 5 0 -2.18501843368781812e-01
120 5 1 8.49632273398321813e-01
120 5 2 2.33068632926700464e-01
120 5 3 2.84637521276655779e-02
120 5 4 -1.99463980782570605e-01
120 5 5 -3.68055555555555858e-01
121 0 0 1.00000000000000000e+00
122 0 0 -5.00000000000000791e-02
122 0 1 1.73205080756887758e-01
122 0 2 2.64575131106459360e-01
122 0 3 1.36930639376291546e-01
122 0 4 -2.62202212042537963e-01
122 0 5 9.00000000000000133e-01
122 1 0 1.73205080756887758e-01
122 1 1 2.00000000000000039e-01
122 1 3 9.48683298050513879e-01
122 1 5 -1.73205080756887730e-01
122 2 0 2.64575131106459305e-01
122 2 2 6.66666666666667351e-02
122 2 4 9.24962461700774119e-01
122 2 5 2.64575131106459138e-01
122 3 0 1.36930639376291546e-01
122 3 1 9.48683298050513879e-01
122 3 3 -2.50000000000000056e-01
122 3 5 -1.36930639376291546e-01
122 4 0 -2.62202212042537908e-01
122 4 2 9.24962461700774119e-01
122 4 4 8.33333333333333703e-02
122 4 5 -2.62202212042537908e-01
122 5 0 9.00000000000000022e-01
122 5 1 -1.73205080756887703e-01
122 5 2 2.64575131106459138e-01
122 5 3 -1.36930639376291574e-01
122 5 4 -2.62202212042537908e-01
122 5 5 -5.00000000000000167e-02
123 0 0 2.50000000000000153e-02
123 0 1 1.06066017177982086e-01
123 0 2 3.00000000000000266e-01
123 0 3 1.18585412256314249e-01
123 0 4 2.06430705961192923e-02
123 0 5 9.40019342160768434e-01
123 1 0 1.06066017177982086e-01
123 1 1 -1.49999999999999994e-01
123 1 2 1.41421356237309503e-01
123 1 3 9.50328890437410756e-01
123 1 4 -1.45968552030285664e-01
123 1 5 -1.47709789175199308e-01
123 2 0 3.00000000000000266e-01
123 2 1 1.41421356237309503e-01
123 2 2 -2.00000000000000067e-01
123 2 3 1.58113883008419193e-01
123 2 4 9.08295106229247917e-01
123 3 0 1.18585412256314249e-01
123 3 1 9.50328890437410756e-01
123 3 2 1.58113883008419193e-01
123 3 3 6.25000000000000278e-02
123 3 4 -1.63197802458466851e-01
123 3 5 -1.65144564768954144e-01
123 4 0 2.06430705961192923e-02
123 4 1 -1.45968552030285692e-01
123 4 2 9.08295106229247917e-01
123 4 3 -1.63197802458466851e-01
123 4 4 2.44318181818182045e-01
123 4 5 -2.58731808559231113e-01
123 5 0 9.40019342160768434e-01
123 5 1 -1.47709789175199335e-01
123 5 3 -1.65144564768954144e-01
123 5 4 -2.58731808559231113e-01
123 5 5 1.81818181818181879e-02
124 0 0 2.00000000000000122e-01
124 0 1 9.79795897113271641e-01
124 1 0 9.79795897113271752e-01
124 1 1 -2.00000000000000094e-01
125 0 0 1.03000000000000105e-01
125 0 1 -1.60000000000000003e-02
125 0 2 -3.72290209379726039e-02
125 0 3 1.17393568818738983e-01
125 0 4 1.60565407233314222e-01
125 0 5 1.60565407233314139e-01
125 0 6 2.96279007018722285e-01
125 0 7 -7.20000000000000084e-02
125 0 8 -1.76363261480388889e-01
125 0 9 8.93496502511341717e-01
125 1 0 -1.60000000000000003e-02
125 1 1 1.86666666666666578e-02
125 1 2 1.98554778335853860e-01
125 1 3 -1.78885438199983260e-01
125 1 6 5.96284793999944593e-02
125 1 7 -1.60000000000000003e-02
125 1 8 9.40604061228740629e-01
125 1 9 1.98554778335853804e-01
125 2 0 -3.72290209379725970e-02
125 2 1 1.98554778335853860e-01
125 2 2 6.19999999999999926e-02
125 2 3 -6.93721846275580228e-02
125 2 4 1.81142209327368076e-01
125 2 5 1.81142209327368076e-01
125 2 6 -2.71182176271363484e-01
125 2 7 8.93496502511341828e-01
125 2 8 -2.21071769506482364e-02
125 2 9 1.12000000000000016e-01
125 3 0 1.17393568818738983e-01
125 3 1 -1.78885438199983260e-01
125 3 2 -6.93721846275580228e-02
125 3 3 9.37500000000000666e-01
125 3 6 -6.25000000000000555e-02
125 3 7 1.17393568818738969e-01
125 3 8 2.19089023002066535e-01
125 3 9 -6.93721846275580645e-02
125 4 0 1.60565407233314250e-01
125 4 2 1.81142209327368076e-01
125 4 4 -6.25000000000001249e-02
125 4 5 9.37500000000000777e-01
125 4 7 -1.60565407233314167e-01
125 4 9 -1.81142209327368076e-01
125 5 0 1.60565407233314139e-01
125 5 2 1.81142209327368103e-01
125 5 4 9.37500000000000888e-01
125 5 5 -6.25000000000000833e-02
125 5 7 -1.60565407233314167e-01
125 5 9 -1.81142209327368131e-01
125 6 0 2.96279007018722340e-01
125 6 1 5.96284793999944593e-02
125 6 2 -2.71182176271363429e-01
125 6 3 -6.25000000000000833e-02
125 6 6 8.16287878787879562e-01
125 6 7 2.96279007018722340e-01
125 6 8 5.97515517278363467e-02
125 6 9 -2.71182176271363373e-01
125 7 0 -7.20000000000000084e-02
125 7 1 -1.60000000000000003e-02
125 7 2 8.93496502511341828e-01
125 7 3 1.17393568818738955e-01
125 7 4 -1.60565407233314167e-01
125 7 5 -1.60565407233314139e-01
125 7 6 2.96279007018722340e-01
125 7 7 1.02999999999999939e-01
125 7 8 -1.76363261480388861e-01
125 7 9 -3.72290209379726039e-02
125 8 0 -1.76363261480388833e-01
125 8 1 9.40604061228740740e-01
125 8 2 -2.21071769506482434e-02
125 8 3 2.19089023002066591e-01
125 8 6 5.97515517278363606e-02
125 8 7 -1.76363261480388861e-01
125 8 8 2.25454545454545699e-02
125 8 9 -2.21071769506482260e-02
125 9 0 8.93496502511341828e-01
125 9 1 1.98554778335853804e-01
125 9 2 1.12000000000000044e-01
125 9 3 -6.93721846275580784e-02
125 9 4 -1.81142209327368076e-01
125 9 5 -1.81142209327368103e-01
125 9 6 -2.71182176271363318e-01
125 9 7 -3.72290209379726039e-02
125 9 8 -2.21071769506482260e-02
125 9 9 6.19999999999999996e-02
126 0 0 2.00000000000000178e-01
126 0 1 9.79795897113271308e-01
126 1 0 9.79795897113271308e-01
126 1 1 -1.99999999999999983e-01
127 0 0 2.22222222222222335e-02
127 0 1 1.21716123890036984e-01
127 0 2 2.33068632926700464e-01
127 0 3 1.33333333333333359e-01
127 0 5 9.55297122675763499e-01
127 1 0 1.21716123890036984e-01
127 1 1 -1.45833333333333398e-01
127 1 2 1.99463980782570577e-01
127 1 3 9.35692702404658960e-01
127 1 4 -1.47901994577490342e-01
127 1 5 -1.63511807252904900e-01
127 2 0 2.33068632926700464e-01
127 2 1 1.99463980782570577e-01
127 2 2 -3.68055555555555913e-01
127 2 3 2.18501843368781590e-01
127 2 4 8.49632273398322035e-01
127 2 5 2.84637521276655744e-02
127 3 0 1.33333333333333359e-01
127 3 1 9.35692702404658849e-01
127 3 2 2.18501843368781534e-01
127 3 3 2.49999999999999598e-02
127 3 4 -1.62018517460196493e-01
127 3 5 -1.79118210501705760e-01
127 4 1 -1.47901994577490342e-01
127 4 2 8.49632273398321924e-01
127 4 3 -1.62018517460196465e-01
127 4 4 4.50000000000000122e-01
127 4 5 -1.65831239517770068e-01
127 5 0 9.55297122675763610e-01
127 5 1 -1.63511807252904956e-01
127 5 2 2.84637521276655675e-02
127 5 3 -1.79118210501705760e-01
127 5 4 -1.65831239517770068e-01
127 5 5 1.66666666666666838e-02
128 0 0 -3.33333333333333676e-02
128 0 1 1.39443337755679353e-01
128 0 2 2.18465724376325887e-01
128 0 3 1.15470053837925163e-01
128 0 4 -2.17422922601843649e-01
128 0 5 9.33333333333333459e-01
128 1 0 1.39443337755679353e-01
128 1 1 1.66666666666666685e-01
128 1 3 9.66091783079295996e-01
128 1 5 -1.39443337755679353e-01
128 2 0 2.18465724376325887e-01
128 2 2 4.54545454545455044e-02
128 2 4 9.49989125644591592e-01
128 2 5 2.18465724376325943e-01
128 3 0 1.15470053837925135e-01
128 3 1 9.66091783079295996e-01
128 3 3 -1.99999999999999956e-01
128 3 5 -1.15470053837925218e-01
128 4 0 -2.17422922601843677e-01
128 4 2 9.49989125644591592e-01
128 4 4 5.45454545454545567e-02
128 4 5 -2.17422922601843677e-01
128 5 0 9.33333333333333570e-01
128 5 1 -1.39443337755679353e-01
128 5 2 2.18465724376325943e-01
128 5 3 -1.15470053837925191e-01
128 5 4 -2.17422922601843649e-01
128 5 5 -3.33333333333333676e-02
129 0 0 1.00000000000000000e+00
130 0 0 6.25000000000000278e-02
130 0 1 1.63197802458466795e-01
130 0 2 -1.18585412256314249e-01
130 0 3 1.65144564768954089e-01
130 0 4 9.50328890437410756e-01
130 0 5 -1.58113883008418832e-01
130 1 0 1.63197802458466795e-01
130 1 1 2.44318181818181934e-01
130 1 2 2.06430705961192819e-02
130 1 3 -2.58731808559231113e-01
130 1 4 1.45968552030285581e-01
130 1 5 9.08295106229247917e-01
130 2 0 -1.18585412256314249e-01
130 2 1 2.06430705961192819e-02
130 2 2 2.50000000000000014e-02
130 2 3 9.40019342160768323e-01
130 2 4 -1.06066017177982128e-01
130 2 5 3.00000000000000155e-01
130 3 0 1.65144564768954116e-01
130 3 1 -2.58731808559231113e-01
130 3 2 9.40019342160768323e-01
130 3 3 1.81818181818181879e-02
130 3 4 1.47709789175199252e-01
130 4 0 9.50328890437410756e-01
130 4 1 1.45968552030285581e-01
130 4 2 -1.06066017177982128e-01
130 4 3 1.47709789175199308e-01
130 4 4 -1.50000000000000105e-01
130 4 5 -1.41421356237309559e-01
130 5 0 -1.58113883008418776e-01
130 5 1 9.08295106229247917e-01
130 5 2 3.00000000000000155e-01
130 5 4 -1.41421356237309559e-01
130 5 5 -2.00000000000000067e-01
131 0 0 1.00000000000000000e+00
132 0 0 1.00000000000000033e-01
132 0 1 9.94987437106620076e-01
132 1 0 9.94987437106620076e-01
132 1 1 -1.00000000000000006e-01
133 0 0 -1.99999999999999983e-01
133 0 1 9.79795897113271308e-01
133 1 0 9.79795897113271308e-01
133 1 1 2.00000000000000178e-01
134 0 0 1.00000000000000000e+00
135 0 0 1.00000000000000000e+00
136 0 0 -3.33333333333333259e-01
136 0 1 9.42809041582063689e-01
136 1 0 9.42809041582063245e-01
136 1 1 3.33333333333333370e-01
137 0 0 1.11111111111111271e-01
137 0 1 9.93807989999906716e-01
137 1 0 9.93807989999906716e-01
137 1 1 -1.11111111111111188e-01
138 0 0 1.00000000000000000e+00
139 0 0 6.66666666666665270e-02
139 0 1 2.03670030886926257e-01
139 0 2 -1.39443337755679492e-01
139 0 3 2.15165741455967591e-01
139 0 4 9.23760430703401081e-01
139 0 5 -1.87082869338697111e-01
139 1 0 2.03670030886926201e-01
139 1 1 2.88888888888888917e-01
139 1 2 3.04290309725091732e-02
139 1 3 -3.28671099061089933e-01
139 1 4 1.76383420737639462e-01
139 1 5 8.57321409974112547e-01
139 2 0 -1.39443337755679492e-01
139 2 1 3.04290309725091801e-02
139 2 2 4.16666666666667129e-02
139 2 3 9.00102874778869855e-01
139 2 4 -1.20761472884911986e-01
139 2 5 3.91311896062463305e-01
139 3 0 2.15165741455967563e-01
139 3 1 -3.28671099061089933e-01
139 3 2 9.00102874778869855e-01
139 3 3 2.77777777777777832e-02
139 3 4 1.86338998124982475e-01
139 4 0 9.23760430703401081e-01
139 4 1 1.76383420737639462e-01
139 4 2 -1.20761472884911999e-01
139 4 3 1.86338998124982530e-01
139 4 4 -2.00000000000000039e-01
139 4 5 -1.62018517460196576e-01
139 5 0 -1.87082869338697111e-01
139 5 1 8.57321409974112658e-01
139 5 2 3.91311896062463305e-01
139 5 4 -1.62018517460196548e-01
139 5 5 -2.25000000000000006e-01
140 0 0 1.00000000000000000e+00
141 0 0 -6.66666666666666796e-02
141 0 1 2.10818510677892090e-01
141 0 2 1.49071198499986013e-01
141 0 3 1.63299316185545246e-01
141 0 4 -5.29150262212918165e-01
141 0 5 7.88810637746615861e-01
141 1 0 2.10818510677892090e-01
141 1 1 2.08333333333333814e-01
141 1 2 -2.94627825494395354e-02
141 1 3 9.35970975333459521e-01
141 1 4 1.04582503316759598e-01
141 1 5 -1.55902391115580879e-01
141 2 0 1.49071198499985985e-01
141 2 1 -2.94627825494395354e-02
141 2 2 1.04166666666666671e-01
141 2 3 -2.28217732293819128e-02
141 2 4 8.13460970176197451e-01
141 2 5 5.51198189805123251e-01
141 3 0 1.63299316185545274e-01
141 3 1 9.35970975333459410e-01
141 3 2 -2.28217732293819128e-02
141 3 3 -2.74999999999999967e-01
141 3 4 8.10092587300982464e-02
141 3 5 -1.20761472884912055e-01
141 4 0 -5.29150262212918165e-01
141 4 1 1.04582503316759584e-01
141 4 2 8.13460970176197562e-01
141 4 3 8.10092587300982464e-02
141 4 4 1.12500000000000017e-01
141 4 5 -1.67705098312484258e-01
141 5 0 7.88810637746615861e-01
141 5 1 -1.55902391115580879e-01
141 5 2 5.51198189805123362e-01
141 5 3 -1.20761472884912069e-01
141 5 4 -1.67705098312484230e-01
141 5 5 -8.33333333333333842e-02
142 0 0 2.22222222222222300e-02
142 0 1 1.21716123890036804e-01
142 0 2 2.33068632926700214e-01
142 0 3 1.33333333333333443e-01
142 0 5 9.55297122675763499e-01
142 1 0 1.21716123890036804e-01
142 1 1 -1.45833333333333315e-01
142 1 2 1.99463980782570521e-01
142 1 3 9.35692702404659071e-01
142 1 4 -1.47901994577490370e-01
142 1 5 -1.63511807252904956e-01
142 2 0 2.33068632926700214e-01
142 2 1 1.99463980782570521e-01
142 2 2 -3.68055555555555913e-01
142 2 3 2.18501843368781645e-01
142 2 4 8.49632273398321924e-01
142 2 5 2.84637521276655606e-02
142 3 0 1.33333333333333443e-01
142 3 1 9.35692702404659071e-01
142 3 2 2.18501843368781645e-01
142 3 3 2.50000000000000014e-02
142 3 4 -1.62018517460196493e-01
142 3 5 -1.79118210501705677e-01
142 4 1 -1.47901994577490370e-01
142 4 2 8.49632273398321924e-01
142 4 3 -1.62018517460196493e-01
142 4 4 4.50000000000000011e-01
142 4 5 -1.65831239517770040e-01
142 5 0 9.55297122675763499e-01
142 5 1 -1.63511807252904873e-01
142 5 2 2.84637521276655606e-02
142 5 3 -1.79118210501705649e-01
142 5 4 -1.65831239517770040e-01
142 5 5 1.66666666666666387e-02
143 0 0 7.16049382716048982e-02
143 0 1 -1.46076044027151457e-02
143 0 2 -5.52115549999947497e-02
143 0 3 1.77777777777777785e-01
143 0 4 1.44016459964619120e-01
143 0 5 1.44016459964619092e-01
143 0 6 2.00000000000000067e-01
143 0 7 -6.53271928657924161e-02
143 0 8 -3.06411694962737124e-01
143 0 9 8.83384879999916994e-01
143 1 0 -1.46076044027151457e-02
143 1 1 2.23765432098766183e-02
143 1 2 1.63317982164480846e-01
143 1 3 -1.80769104483599563e-01
143 1 4 5.32508042018911484e-02
143 1 5 5.32508042018912386e-02
143 1 6 7.39509972887452266e-02
143 1 7 -2.41550553124977377e-02
143 1 8 9.06378016937167907e-01
143 1 9 3.26635964328961803e-01
143 2 0 -5.52115549999947497e-02
143 2 1 1.63317982164480846e-01
143 2 2 1.58950617283950629e-01
143 2 3 -3.10564996874971196e-02
143 2 4 2.01269121474853430e-01
143 2 5 2.01269121474853346e-01
143 2 6 -5.59016994374947562e-01
143 2 7 7.30380220135755320e-01
143 2 8 -4.28223361898506655e-02
143 2 9 1.23456790123456811e-01
143 3 0 1.77777777777777757e-01
143 3 1 -1.80769104483599563e-01
143 3 2 -3.10564996874971126e-02
143 3 3 9.25000000000000044e-01
143 3 6 -7.50000000000000389e-02
143 3 7 7.34930919740163779e-02
143 3 8 2.41299209783155666e-01
143 3 9 -9.93807989999907077e-02
143 4 0 1.44016459964619120e-01
143 4 1 5.32508042018911484e-02
143 4 2 2.01269121474853457e-01
143 4 4 -7.50000000000000389e-02
143 4 5 9.25000000000000377e-01
143 4 6 1.04154761224412098e-01
143 4 7 -1.70103454359942952e-01
143 4 8 -3.19142369252112257e-02
143 4 9 -1.84017482491294487e-01
143 5 0 1.44016459964619092e-01
143 5 1 5.32508042018912386e-02
143 5 2 2.01269121474853346e-01
143 5 4 9.25000000000000266e-01
143 5 5 -7.49999999999999972e-02
143 5 6 1.04154761224412112e-01
143 5 7 -1.70103454359942896e-01
143 5 8 -3.19142369252112465e-02
143 5 9 -1.84017482491294487e-01
143 6 0 2.00000000000000094e-01
143 6 1 7.39509972887452266e-02
143 6 2 -5.59016994374947562e-01
143 6 3 -7.50000000000000250e-02
143 6 4 1.04154761224412098e-01
143 6 5 1.04154761224412112e-01
143 6 6 5.66071428571429114e-01
143 6 7 5.19701150387687494e-01
143 6 8 8.86405260427918923e-02
143 6 9 -1.27775312999988067e-01
143 7 0 -6.53271928657924161e-02
143 7 1 -2.41550553124977377e-02
143 7 2 7.30380220135755320e-01
143 7 3 7.34930919740163779e-02
143 7 4 -1.70103454359943035e-01
143 7 5 -1.70103454359942868e-01
143 7 6 5.19701150387687494e-01
143 7 7 3.36419753086419748e-01
143 7 8 -1.15812734810455065e-01
143 7 9 -4.17360125791860007e-02
143 8 0 -3.06411694962737069e-01
143 8 1 9.06378016937168129e-01
143 8 2 -4.28223361898506724e-02
143 8 3 2.41299209783155555e-01
143 8 4 -3.19142369252112118e-02
143 8 5 -3.19142369252112604e-02
143 8 6 8.86405260427918923e-02
143 8 7 -1.15812734810455065e-01
143 8 8 2.90123456790123274e-02
143 8 9 -1.95759251153602779e-02
143 9 0 8.83384879999916883e-01
143 9 1 3.26635964328961803e-01
143 9 2 1.23456790123456811e-01
143 9 3 -9.93807989999907354e-02
143 9 4 -1.84017482491294487e-01
143 9 5 -1.84017482491294515e-01
143 9 6 -1.27775312999988067e-01
143 9 7 -4.17360125791860007e-02
143 9 8 -1.95759251153602779e-02
143 9 9 4.05643738977072565e-02
144 0 0 1.66666666666666408e-01
144 0 1 9.86013297183269355e-01
144 1 0 9.86013297183269355e-01
144 1 1 -1.66666666666666685e-01
145 0 0 2.08333333333333565e-02
145 0 1 1.35015431216830462e-01
145 0 2 1.87500000000000056e-01
145 0 3 1.42318760638327907e-01
145 0 4 9.62250448649376033e-01
145 1 0 1.35015431216830462e-01
145 1 1 -1.25000000000000056e-01
145 1 2 2.89318781178922402e-01
145 1 3 9.22330984215777527e-01
145 1 4 -1.78174161274949616e-01
145 2 0 1.87500000000000056e-01
145 2 1 2.89318781178922402e-01
145 2 2 -8.83928571428572063e-01
145 2 3 3.04968772796416820e-01
145 2 4 8.24786098842322374e-02
145 3 0 1.42318760638327907e-01
145 3 1 9.22330984215777749e-01
145 3 2 3.04968772796416876e-01
145 3 3 -2.77777777777777693e-02
145 3 4 -1.87812056606337124e-01
145 4 0 9.62250448649376255e-01
145 4 1 -1.78174161274949561e-01
145 4 2 8.24786098842322374e-02
145 4 3 -1.87812056606337069e-01
145 4 4 1.58730158730158652e-02
146 0 0 -4.16666666666665880e-02
146 0 1 1.61374306091975561e-01
146 0 2 1.49403576166799085e-01
146 0 3 1.31761569173682508e-01
146 0 4 -3.72677996249964949e-01
146 0 5 8.90870806374748136e-01
146 1 0 1.61374306091975561e-01
146 1 1 1.75000000000000017e-01
146 1 2 -2.31455024943138105e-02
146 1 3 9.59383482590077996e-01
146 1 4 5.77350269189627410e-02
146 1 5 -1.38013111868470789e-01
146 2 0 1.49403576166799085e-01
146 2 1 -2.31455024943138105e-02
146 2 2 6.42857142857142932e-02
146 2 3 -1.88982236504613293e-02
146 2 4 9.08688222502242904e-01
146 2 5 3.83325938999963867e-01
146 3 0 1.31761569173682480e-01
146 3 1 9.59383482590077885e-01
146 3 2 -1.88982236504613293e-02
146 3 3 -2.16666666666666591e-01
146 3 4 4.71404520791031054e-02
146 3 5 -1.12687233963802175e-01
146 4 0 -3.72677996249964893e-01
146 4 1 5.77350269189627133e-02
146 4 2 9.08688222502243126e-01
146 4 3 4.71404520791031331e-02
146 4 4 6.66666666666666796e-02
146 4 5 -1.59363814577919122e-01
146 5 0 8.90870806374748136e-01
146 5 1 -1.38013111868470789e-01
146 5 2 3.83325938999963867e-01
146 5 3 -1.12687233963802202e-01
146 5 4 -1.59363814577919150e-01
146 5 5 -4.76190476190475609e-02
147 0 0 9.99999999999999778e-02
147 0 1 1.85164019954510262e-01
147 0 2 -1.05409255338945962e-01
147 0 3 1.91485421551267659e-01
147 0 4 9.46729262406257654e-01
147 0 5 -1.07889812495024939e-01
147 1 0 1.85164019954510289e-01
147 1 1 1.28571428571428559e-01
147 1 2 4.87950036474266990e-02
147 1 3 -5.31843156256751159e-01
147 1 4 1.59363814577919205e-01
147 1 5 7.99092455748687369e-01
147 2 0 -1.05409255338945962e-01
147 2 1 4.87950036474266990e-02
147 2 2 5.55555555555555525e-02
147 2 3 8.07373427759331408e-01
147 2 4 -9.07218423253028095e-02
147 2 5 5.68629239687954535e-01
147 3 0 1.91485421551267659e-01
147 3 1 -5.31843156256751159e-01
147 3 2 8.07373427759331408e-01
147 3 3 3.33333333333333398e-02
147 3 4 1.64804410824348047e-01
147 3 5 -1.87812056606336958e-02
147 4 0 9.46729262406257543e-01
147 4 1 1.59363814577919205e-01
147 4 2 -9.07218423253028372e-02
147 4 3 1.64804410824348047e-01
147 4 4 -1.85185185185185258e-01
147 4 5 -9.28567660041495213e-02
147 5 0 -1.07889812495024939e-01
147 5 1 7.99092455748687369e-01
147 5 2 5.68629239687954535e-01
147 5 3 -1.87812056606336888e-02
147 5 4 -9.28567660041495074e-02
147 5 5 -1.32275132275132323e-01
148 0 0 1.00000000000000000e+00
149 0 0 -3.33333333333333259e-01
149 0 1 9.42809041582063356e-01
149 1 0 9.42809041582063356e-01
149 1 1 3.33333333333333148e-01
150 0 0 1.00000000000000000e+00
151 0 0 1.00000000000000000e+00
152 0 0 -1.00000000000000000e+00
153 0 0 1.25000000000000083e-01
153 0 1 9.92156741649221630e-01
153 1 0 9.92156741649221519e-01
153 1 1 -1.25000000000000056e-01
154 0 0 1.25000000000000139e-01
154 0 1 2.65165042944955465e-01
154 0 2 2.65165042944955409e-01
154 0 3 9.18558653543692150e-01
154 1 0 2.65165042944955465e-01
154 1 1 6.24999999999999722e-02
154 1 2 -9.37500000000000222e-01
154 1 3 2.16506350946109732e-01
154 2 0 2.65165042944955409e-01
154 2 1 -9.37500000000000222e-01
154 2 2 6.25000000000000555e-02
154 2 3 2.16506350946109760e-01
154 3 0 9.18558653543692150e-01
154 3 1 2.16506350946109732e-01
154 3 2 2.16506350946109732e-01
154 3 3 -2.49999999999999972e-01
155 0 0 1.00000000000000000e+00
156 0 0 2.08333333333333461e-02
156 0 1 1.35015431216830545e-01
156 0 2 1.87500000000000139e-01
156 0 3 1.42318760638327768e-01
156 0 4 9.62250448649376477e-01
156 1 0 1.35015431216830545e-01
156 1 1 -1.25000000000000028e-01
156 1 2 2.89318781178922346e-01
156 1 3 9.22330984215777416e-01
156 1 4 -1.78174161274949672e-01
156 2 0 1.87500000000000139e-01
156 2 1 2.89318781178922402e-01
156 2 2 -8.83928571428571841e-01
156 2 3 3.04968772796416765e-01
156 2 4 8.24786098842322513e-02
156 3 0 1.42318760638327768e-01
156 3 1 9.22330984215777416e-01
156 3 2 3.04968772796416765e-01
156 3 3 -2.77777777777777589e-02
156 3 4 -1.87812056606337013e-01
156 4 0 9.62250448649376477e-01
156 4 1 -1.78174161274949672e-01
156 4 2 8.24786098842322651e-02
156 4 3 -1.87812056606336958e-01
156 4 4 1.58730158730158964e-02
157 0 0 6.25000000000000416e-02
157 0 1 -1.58466422761597003e-01
157 0 2 2.79508497187473726e-01
157 0 3 -9.44911182523068272e-01
157 1 0 -1.58466422761597003e-01
157 1 1 9.73214285714286031e-01
157 1 2 4.72455591261534413e-02
157 1 3 -1.59719141249985097e-01
157 2 0 2.79508497187473726e-01
157 2 1 4.72455591261534413e-02
157 2 2 9.16666666666666852e-01
157 2 3 2.81718084909505451e-01
157 3 0 -9.44911182523068272e-01
157 3 1 -1.59719141249985097e-01
157 3 2 2.81718084909505506e-01
157 3 3 4.76190476190476511e-02
158 0 0 1.42857142857143044e-01
158 0 1 9.89743318610787126e-01
158 1 0 9.89743318610787126e-01
158 1 1 -1.42857142857142849e-01
159 0 0 -7.14285714285715079e-02
159 0 1 1.88982236504613682e-01
159 0 2 1.54303349962091857e-01
159 0 3 -9.67147429123328739e-01
159 1 0 1.88982236504613682e-01
159 1 1 1.66666666666666630e-01
159 1 2 9.52579344415680596e-01
159 1 3 1.70588771906386438e-01
159 2 0 1.54303349962091857e-01
159 2 1 9.52579344415680596e-01
159 2 2 -2.22222222222222293e-01
159 2 3 1.39285149006224185e-01
159 3 0 -9.67147429123328739e-01
159 3 1 1.70588771906386438e-01
159 3 2 1.39285149006224185e-01
159 3 3 1.26984126984127060e-01
160 0 0 1.00000000000000000e+00
161 0 0 -1.00000000000000000e+00
162 0 0 1.66666666666666075e-01
162 0 1 9.52579344415680151e-01
162 0 2 -1.70588771906386161e-01
162 0 3 -1.88982236504614237e-01
162 1 0 9.52579344415680151e-01
162 1 1 -2.22222222222222210e-01
162 1 2 -1.39285149006224240e-01
162 1 3 -1.54303349962091940e-01
162 2 0 -1.70588771906386161e-01
162 2 1 -1.39285149006224296e-01
162 2 2 1.26984126984126949e-01
162 2 3 -9.67147429123328961e-01
162 3 0 -1.88982236504614209e-01
162 3 1 -1.54303349962091940e-01
162 3 2 -9.67147429123328850e-01
162 3 3 -7.14285714285714662e-02
163 0 0 -1.66666666666666657e-01
163 0 1 9.62250448649376255e-01
163 0 2 -1.53522062157279371e-01
163 0 3 -1.50755672288881815e-01
163 1 0 9.62250448649376255e-01
163 1 1 1.11111111111111105e-01
163 1 2 -1.77272007826103473e-01
163 1 3 -1.74077655955697796e-01
163 2 0 -1.53522062157279371e-01
163 2 1 -1.77272007826103473e-01
163 2 2 1.01010101010101522e-02
163 2 3 -9.72061511051238836e-01
163 3 0 -1.50755672288881815e-01
163 3 1 -1.74077655955697852e-01
163 3 2 -9.72061511051238836e-01
163 3 3 4.54545454545454627e-02
164 0 0 4.99999999999999944e-01
164 0 1 8.66025403784438708e-01
164 1 0 8.66025403784438708e-01
164 1 1 -5.00000000000000000e-01
165 0 0 1.66666666666664756e-02
165 0 1 4.90535421758714507e-01
165 0 2 -1.31468439624435773e-01
165 0 3 -8.24022054121748976e-02
165 0 4 -8.24022054121738429e-02
165 0 5 7.51248226425349913e-02
165 0 6 -9.44911182523051202e-03
165 0 7 8.41872912024136832e-01
165 0 8 1.17260393995586035e-01
165 1 0 4.90535421758714507e-01
165 1 1 2.08333333333333356e-02
165 1 2 -9.21284663987611135e-02
165 1 3 1.46986183948032811e-01
165 1 4 1.46986183948032839e-01
165 1 5 -8.37531512716004414e-03
165 1 6 8.34322329798262263e-01
165 1 7 -1.19182823655699030e-02
165 1 8 1.04582503316759445e-01
165 2 0 -1.31468439624435773e-01
165 2 1 -9.21284663987611135e-02
165 2 2 9.44444444444444087e-01
165 2 5 -5.55555555555555386e-02
165 2 6 1.86338998124982502e-01
165 2 7 2.10818510677892007e-01
165 3 0 -8.24022054121748976e-02
165 3 1 1.46986183948032811e-01
165 3 3 -5.55555555555555455e-02
165 3 4 9.44444444444444198e-01
165 3 5 -2.02596580372689600e-01
165 3 6 -9.34353184302313539e-02
165 3 7 4.20437482591260875e-02
165 3 8 -1.58113883008418998e-01
165 4 0 -8.24022054121738429e-02
165 4 1 1.46986183948032811e-01
165 4 3 9.44444444444444198e-01
165 4 4 -5.55555555555555386e-02
165 4 5 -2.02596580372689600e-01
165 4 6 -9.34353184302313539e-02
165 4 7 4.20437482591261152e-02
165 4 8 -1.58113883008419026e-01
165 5 0 7.51248226425349913e-02
165 5 1 -8.37531512716005108e-03
165 5 2 -5.55555555555555455e-02
165 5 3 -2.02596580372689572e-01
165 5 4 -2.02596580372689600e-01
165 5 5 -2.61904761904762029e-01
165 5 6 1.33099284374987387e-01
165 5 7 1.05409255338946017e-01
165 5 8 -9.00937462695559077e-01
165 6 0 -9.44911182523051202e-03
165 6 1 8.34322329798262263e-01
165 6 2 1.86338998124982502e-01
165 6 3 -9.34353184302313677e-02
165 6 4 -9.34353184302313539e-02
165 6 5 1.33099284374987387e-01
165 6 6 4.10714285714286059e-02
165 6 7 -4.77297077300919637e-01
165 6 8 -6.64803945320938672e-02
165 7 0 8.41872912024136943e-01
165 7 1 -1.19182823655698978e-02
165 7 2 2.10818510677891979e-01
165 7 3 4.20437482591260875e-02
165 7 4 4.20437482591261291e-02
165 7 5 1.05409255338946059e-01
165 7 6 -4.77297077300919637e-01
165 7 7 2.49999999999999944e-02
165 7 8 -5.98293026413099435e-02
165 8 0 1.17260393995586049e-01
165 8 1 1.04582503316759445e-01
165 8 3 -1.58113883008418998e-01
165 8 4 -1.58113883008419026e-01
165 8 5 -9.00937462695559188e-01
165 8 6 -6.64803945320938394e-02
165 8 7 -5.98293026413099227e-02
165 8 8 3.25000000000000178e-01
166 0 0 5.00000000000000111e-01
166 0 1 8.66025403784438597e-01
166 1 0 8.66025403784438597e-01
166 1 1 -5.00000000000000000e-01
167 0 0 5.55555555555563296e-02
167 0 1 9.07218423253030037e-02
167 0 2 5.68629239687954202e-01
167 0 3 1.05409255338945879e-01
167 0 4 4.87950036474273027e-02
167 0 5 8.07373427759331186e-01
167 1 0 9.07218423253030176e-02
167 1 1 -1.85185185185185175e-01
167 1 2 9.28567660041494103e-02
167 1 3 9.46729262406257321e-01
167 1 4 -1.59363814577919205e-01
167 1 5 -1.64804410824348019e-01
167 2 0 5.68629239687954313e-01
167 2 1 9.28567660041493964e-02
167 2 2 -1.32275132275132268e-01
167 2 3 1.07889812495025078e-01
167 2 4 7.99092455748687036e-01
167 2 5 -1.87812056606337235e-02
167 3 0 1.05409255338945879e-01
167 3 1 9.46729262406257432e-01
167 3 2 1.07889812495025092e-01
167 3 3 1.00000000000000006e-01
167 3 4 -1.85164019954510373e-01
167 3 5 -1.91485421551267659e-01
167 4 0 4.87950036474273027e-02
167 4 1 -1.59363814577919233e-01
167 4 2 7.99092455748687036e-01
167 4 3 -1.85164019954510373e-01
167 4 4 1.28571428571428753e-01
167 4 5 -5.31843156256751159e-01
167 5 0 8.07373427759331186e-01
167 5 1 -1.64804410824348019e-01
167 5 2 -1.87812056606337131e-02
167 5 3 -1.91485421551267659e-01
167 5 4 -5.31843156256751270e-01
167 5 5 3.33333333333333606e-02
168 0 0 -5.55555555555555317e-02
168 0 1 1.01430103241697434e-01
168 0 2 5.66392618753437160e-01
168 0 3 8.54981960070961416e-02
168 0 4 -1.01817612210755720e-01
168 0 5 8.05076485899413163e-01
168 1 0 1.01430103241697434e-01
168 1 1 1.48148148148148223e-01
168 1 2 2.95453346376838566e-02
168 1 3 9.67805338634416978e-01
168 1 4 -9.29463382652406522e-02
168 1 5 -1.46986183948032839e-01
168 2 0 5.66392618753437160e-01
168 2 1 2.95453346376838566e-02
168 2 2 7.40740740740740422e-02
168 2 3 2.49045670980791549e-02
168 2 4 8.15600808215988127e-01
168 2 5 8.37531512716010174e-02
168 3 0 8.54981960070961555e-02
168 3 1 9.67805338634416978e-01
168 3 2 2.49045670980791514e-02
168 3 3 -1.84210526315789325e-01
168 3 4 -7.83469994919273327e-02
168 3 5 -1.23898656945837987e-01
168 4 0 -1.01817612210755734e-01
168 4 1 -9.29463382652406800e-02
168 4 2 8.15600808215988127e-01
168 4 3 -7.83469994919273327e-02
168 4 4 5.92105263157894843e-02
168 4 5 -5.53304016728805026e-01
168 5 0 8.05076485899413274e-01
168 5 1 -1.46986183948032839e-01
168 5 2 8.37531512716010174e-02
168 5 3 -1.23898656945837987e-01
168 5 4 -5.53304016728805026e-01
168 5 5 -4.16666666666666852e-02
169 0 0 1.00000000000000000e+00
170 0 1 1.13960576459637974e-01
170 0 2 -1.19522860933439320e-01
170 0 3 1.50755672288881787e-01
170 0 4 9.48683298050513546e-01
170 0 5 -2.23606797749978853e-01
170 1 0 1.13960576459637974e-01
170 1 1 6.49350649350649345e-01
170 1 2 -1.36208941320798173e-02
170 1 3 -8.59010165930061409e-02
170 1 4 1.08112495523467050e-01
170 1 5 7.38988427584556962e-01
170 2 0 -1.19522860933439320e-01
170 2 1 -1.36208941320798173e-02
170 2 2 1.42857142857142922e-02
170 2 3 9.73012459711203648e-01
170 2 4 -1.13389341902768212e-01
170 2 5 1.60356745147454655e-01
170 3 0 1.50755672288881787e-01
170 3 1 -8.59010165930061409e-02
170 3 2 9.73012459711203648e-01
170 3 3 1.13636363636363622e-02
170 3 4 1.43019388386838781e-01
170 3 5 5.05649896847431626e-02
170 4 0 9.48683298050513546e-01
170 4 1 1.08112495523467064e-01
170 4 2 -1.13389341902768198e-01
170 4 3 1.43019388386838781e-01
170 4 4 -1.00000000000000033e-01
170 4 5 -2.12132034355964283e-01
170 5 0 -2.23606797749978853e-01
170 5 1 7.38988427584556962e-01
170 5 2 1.60356745147454655e-01
170 5 3 5.05649896847431488e-02
170 5 4 -2.12132034355964311e-01
170 5 5 -5.75000000000000289e-01
171 0 0 1.00000000000000000e+00
172 0 0 9.99999999999998807e-02
172 0 1 9.94987437106620298e-01
172 1 0 9.94987437106620076e-01
172 1 1 -9.99999999999999778e-02
173 0 0 -1.24999999999999972e-01
173 0 1 9.92156741649221519e-01
173 1 0 9.92156741649221519e-01
173 1 1 1.25000000000000028e-01
174 0 0 1.00000000000000000e+00
175 0 0 -1.42857142857142877e-01
175 0 1 9.89743318610786904e-01
175 1 0 9.89743318610786793e-01
175 1 1 1.42857142857142960e-01
176 0 0 9.09090909090909394e-02
176 0 1 9.95859195463938529e-01
176 1 0 9.95859195463938529e-01
176 1 1 -9.09090909090909394e-02
177 0 0 1.00000000000000000e+00
178 0 1 1.13960576459637877e-01
178 0 2 -1.19522860933439362e-01
178 0 3 1.50755672288881787e-01
178 0 4 9.48683298050513657e-01
178 0 5 -2.23606797749978936e-01
178 1 0 1.13960576459637877e-01
178 1 1 6.49350649350649567e-01
178 1 2 -1.36208941320798919e-02
178 1 3 -8.59010165930062103e-02
178 1 4 1.08112495523467092e-01
178 1 5 7.38988427584557073e-01
178 2 0 -1.19522860933439376e-01
178 2 1 -1.36208941320798936e-02
178 2 2 1.42857142857142887e-02
178 2 3 9.73012459711203648e-01
178 2 4 -1.13389341902768198e-01
178 2 5 1.60356745147454682e-01
178 3 0 1.50755672288881842e-01
178 3 1 -8.59010165930062242e-02
178 3 2 9.73012459711203759e-01
178 3 3 1.13636363636363744e-02
178 3 4 1.43019388386838919e-01
178 3 5 5.05649896847431973e-02
178 4 0 9.48683298050513435e-01
178 4 1 1.08112495523467120e-01
178 4 2 -1.13389341902768212e-01
178 4 3 1.43019388386838892e-01
178 4 4 -9.99999999999999778e-02
178 4 5 -2.12132034355964283e-01
178 5 0 -2.23606797749978908e-01
178 5 1 7.38988427584557073e-01
178 5 2 1.60356745147454682e-01
178 5 3 5.05649896847431835e-02
178 5 4 -2.12132034355964283e-01
178 5 5 -5.75000000000000289e-01
179 0 0 1.00000000000000000e+00
180 0 0 -4.76190476190476233e-02
180 0 1 1.38013111868470845e-01
180 0 2 3.83325938999964200e-01
180 0 3 1.12687233963802189e-01
180 0 4 -1.59363814577919205e-01
180 0 5 8.90870806374748136e-01
180 1 0 1.38013111868470817e-01
180 1 1 1.75000000000000017e-01
180 1 2 2.31455024943138001e-02
180 1 3 9.59383482590077774e-01
180 1 4 -5.77350269189624357e-02
180 1 5 -1.61374306091975783e-01
180 2 0 3.83325938999964200e-01
180 2 1 2.31455024943138001e-02
180 2 2 6.42857142857143488e-02
180 2 3 1.88982236504612010e-02
180 2 4 9.08688222502243126e-01
180 2 5 1.49403576166799390e-01
180 3 0 1.12687233963802175e-01
180 3 1 9.59383482590077885e-01
180 3 2 1.88982236504612183e-02
180 3 3 -2.16666666666666674e-01
180 3 4 -4.71404520791031539e-02
180 3 5 -1.31761569173682452e-01
180 4 0 -1.59363814577919150e-01
180 4 1 -5.77350269189624357e-02
180 4 2 9.08688222502242904e-01
180 4 3 -4.71404520791031748e-02
180 4 4 6.66666666666666796e-02
180 4 5 -3.72677996249965005e-01
180 5 0 8.90870806374748136e-01
180 5 1 -1.61374306091975783e-01
180 5 2 1.49403576166799418e-01
180 5 3 -1.31761569173682452e-01
180 5 4 -3.72677996249965060e-01
180 5 5 -4.16666666666666990e-02
181 0 0 3.03030303030303108e-02
181 0 1 8.92999532961366305e-02
181 0 2 3.98793853544728683e-01
181 0 3 1.00503781525921196e-01
181 0 4 3.55334527259349997e-02
181 0 5 9.05928844174348380e-01
181 1 0 8.92999532961366305e-02
181 1 1 -1.44736842105263191e-01
181 1 2 9.79337493649092006e-02
181 1 3 9.62566926358524921e-01
181 1 4 -1.30891846341154749e-01
181 1 5 -1.33484015732747430e-01
181 2 0 3.98793853544728683e-01
181 2 1 9.79337493649092006e-02
181 2 2 -1.25149521531100566e-01
181 2 3 1.10220798408983925e-01
181 2 4 8.96285550802061737e-01
181 2 5 -1.52848746263912066e-02
181 3 0 1.00503781525921196e-01
181 3 1 9.62566926358524921e-01
181 3 2 1.10220798408983925e-01
181 3 3 8.33333333333333010e-02
181 3 4 -1.47313912747197351e-01
181 3 5 -1.50231303144332862e-01
181 4 0 3.55334527259349997e-02
181 4 1 -1.30891846341154722e-01
181 4 2 8.96285550802061515e-01
181 4 3 -1.47313912747197351e-01
181 4 4 1.35416666666666741e-01
181 4 5 -3.71803506199474054e-01
181 5 0 9.05928844174348380e-01
181 5 1 -1.33484015732747430e-01
181 5 2 -1.52848746263911928e-02
181 5 3 -1.50231303144332889e-01
181 5 4 -3.71803506199474054e-01
181 5 5 2.08333333333333530e-02
182 0 0 2.50000000000000000e-01
182 0 1 9.68245836551854477e-01
182 1 0 9.68245836551854477e-01
182 1 1 -2.50000000000000222e-01
183 0 0 1.68831168831168832e-01
183 0 1 -1.74239063181801865e-02
183 0 2 -3.08014057808608660e-02
183 0 3 7.20749970156446818e-02
183 0 4 1.52894157431287675e-01
183 0 5 1.52894157431287536e-01
183 0 6 4.14431232839957142e-01
183 0 7 -6.49350649350649151e-02
183 0 8 -1.17063353099480169e-01
183 0 9 8.53593596111947295e-01
183 1 0 -1.74239063181801865e-02
183 1 1 1.52597402597402631e-02
183 1 2 2.47946533662815466e-01
183 1 3 -1.57135477984949118e-01
183 1 4 -3.41881729378914201e-02
183 1 5 -3.41881729378912397e-02
183 1 6 4.83493778415228989e-02
183 1 7 -1.08899414488626139e-02
183 1 8 9.42341814736194050e-01
183 1 9 1.43151997954861221e-01
183 2 0 -3.08014057808608660e-02
183 2 1 2.47946533662815466e-01
183 2 2 3.20616883116883536e-02
183 2 3 -8.54704323447284392e-02
183 2 4 1.51091805754758862e-01
183 2 5 1.51091805754758807e-01
183 2 6 -1.38889452560183757e-01
183 2 7 9.24042173425825286e-01
183 2 8 -1.38820059874083523e-02
183 2 9 1.01223748494285129e-01
183 3 0 7.20749970156446818e-02
183 3 1 -1.57135477984949118e-01
183 3 2 -8.54704323447284253e-02
183 3 3 9.49999999999999623e-01
183 3 6 -4.99999999999999958e-02
183 3 7 1.35140619404333862e-01
183 3 8 1.94902573064115708e-01
183 3 9 -3.94771016975860936e-02
183 4 0 1.52894157431287675e-01
183 4 1 -3.41881729378914201e-02
183 4 2 1.51091805754758834e-01
183 4 4 -4.99999999999999681e-02
183 4 5 9.49999999999999956e-01
183 4 6 -5.30330085889910083e-02
183 4 7 -1.27411797859406428e-01
183 4 8 2.29694885140571230e-02
183 4 9 -1.67487157871724773e-01
183 5 0 1.52894157431287536e-01
183 5 1 -3.41881729378912397e-02
183 5 2 1.51091805754758751e-01
183 5 4 9.49999999999999956e-01
183 5 5 -4.99999999999999750e-02
183 5 6 -5.30330085889910152e-02
183 5 7 -1.27411797859406456e-01
183 5 8 2.29694885140571611e-02
183 5 9 -1.67487157871724718e-01
183 6 0 4.14431232839957142e-01
183 6 1 4.83493778415228989e-02
183 6 2 -1.38889452560183785e-01
183 6 3 -4.99999999999999958e-02
183 6 4 -5.30330085889909805e-02
183 6 5 -5.30330085889910291e-02
183 6 6 7.68750000000000266e-01
183 6 7 1.80187492539111843e-01
183 6 8 5.68465838103671198e-02
183 6 9 -4.14509567824654757e-01
183 7 0 -6.49350649350649151e-02
183 7 1 -1.08899414488626139e-02
183 7 2 9.24042173425825286e-01
183 7 3 1.35140619404333862e-01
183 7 4 -1.27411797859406428e-01
183 7 5 -1.27411797859406428e-01
183 7 6 1.80187492539111843e-01
183 7 7 5.03246753246753206e-02
183 7 8 -2.34126706198960477e-01
183 7 9 -3.55663998379978433e-02
183 8 0 -1.17063353099480169e-01
183 8 1 9.42341814736194161e-01
183 8 2 -1.38820059874083593e-02
183 8 3 1.94902573064115819e-01
183 8 4 2.29694885140571438e-02
183 8 5 2.29694885140571611e-02
183 8 6 5.68465838103671198e-02
183 8 7 -2.34126706198960477e-01
183 8 8 1.86688311688311681e-02
183 8 9 -2.56472956599110707e-02
183 9 0 8.53593596111947295e-01
183 9 1 1.43151997954861221e-01
183 9 2 1.01223748494285115e-01
183 9 3 -3.94771016975860936e-02
183 9 4 -1.67487157871724773e-01
183 9 5 -1.67487157871724718e-01
183 9 6 -4.14509567824654646e-01
183 9 7 -3.55663998379978571e-02
183 9 8 -2.56472956599110638e-02
183 9 9 9.61038961038961220e-02
184 0 0 2.50000000000000111e-01
184 0 1 9.68245836551854255e-01
184 1 0 9.68245836551854255e-01
184 1 1 -2.50000000000000111e-01
185 0 0 2.50000000000000049e-02
185 0 1 1.06066017177982114e-01
185 0 2 3.00000000000000044e-01
185 0 3 1.18585412256314207e-01
185 0 4 2.06430705961192680e-02
185 0 5 9.40019342160768434e-01
185 1 0 1.06066017177982100e-01
185 1 1 -1.50000000000000022e-01
185 1 2 1.41421356237309476e-01
185 1 3 9.50328890437410867e-01
185 1 4 -1.45968552030285692e-01
185 1 5 -1.47709789175199308e-01
185 2 0 3.00000000000000044e-01
185 2 1 1.41421356237309503e-01
185 2 2 -2.00000000000000011e-01
185 2 3 1.58113883008419165e-01
185 2 4 9.08295106229248028e-01
185 3 0 1.18585412256314207e-01
185 3 1 9.50328890437411089e-01
185 3 2 1.58113883008419109e-01
185 3 3 6.25000000000000139e-02
185 3 4 -1.63197802458466851e-01
185 3 5 -1.65144564768954200e-01
185 4 0 2.06430705961192645e-02
185 4 1 -1.45968552030285720e-01
185 4 2 9.08295106229248028e-01
185 4 3 -1.63197802458466851e-01
185 4 4 2.44318181818182129e-01
185 4 5 -2.58731808559231280e-01
185 5 0 9.40019342160768323e-01
185 5 1 -1.47709789175199280e-01
185 5 3 -1.65144564768954227e-01
185 5 4 -2.58731808559231224e-01
185 5 5 1.81818181818181913e-02
186 0 0 -3.12500000000000278e-02
186 0 1 1.18585412256314235e-01
186 0 2 2.93483922046847423e-01
186 0 3 1.00222965717159107e-01
186 0 4 -1.44659390589461229e-01
186 0 5 9.31588505112178167e-01
186 1 0 1.18585412256314235e-01
186 1 1 1.49999999999999939e-01
186 1 2 1.76776695296635457e-02
186 1 3 9.71927392937793844e-01
186 1 4 -3.65962527355701076e-02
186 1 5 -1.30930734141595478e-01
186 2 0 2.93483922046847423e-01
186 2 1 1.76776695296635457e-02
186 2 2 4.37500000000000250e-02
186 2 3 1.49403576166800833e-02
186 2 4 9.44527234349847644e-01
186 2 5 1.38873014965882807e-01
186 3 0 1.00222965717159135e-01
186 3 1 9.71927392937793844e-01
186 3 2 1.49403576166800833e-02
186 3 3 -1.78571428571428603e-01
186 3 4 -3.09294787065870665e-02
186 3 5 -1.10656667034497683e-01
186 4 0 -1.44659390589461256e-01
186 4 1 -3.65962527355701076e-02
186 4 2 9.44527234349847644e-01
186 4 3 -3.09294787065870699e-02
186 4 4 4.46428571428571924e-02
186 4 5 -2.87494454249973164e-01
186 5 0 9.31588505112178167e-01
186 5 1 -1.30930734141595478e-01
186 5 2 1.38873014965882807e-01
186 5 3 -1.10656667034497655e-01
186 5 4 -2.87494454249973053e-01
186 5 5 -2.85714285714286156e-02
187 0 0 1.00000000000000000e+00
188 0 0 3.33333333333333259e-02
188 0 1 1.41421356237309503e-01
188 0 2 -1.12366643743873645e-01
188 0 3 1.43648601228555800e-01
188 0 4 9.56680769764969852e-01
188 0 5 -1.74326160944392877e-01
188 1 0 1.41421356237309503e-01
188 1 1 3.49999999999999922e-01
188 1 3 -1.52362350055011059e-01
188 1 4 1.30930734141595617e-01
188 1 5 9.03959543974650059e-01
188 2 0 -1.12366643743873645e-01
188 2 2 1.51515151515151502e-02
188 2 3 9.68478671913294287e-01
188 2 4 -1.04031297322059971e-01
188 2 5 1.95884456220758035e-01
188 3 0 1.43648601228555800e-01
188 3 1 -1.52362350055011059e-01
188 3 2 9.68478671913294287e-01
188 3 3 1.19047619047619197e-02
188 3 4 1.32992762321609032e-01
188 3 5 1.92628532132355021e-02
188 4 0 9.56680769764969852e-01
188 4 1 1.30930734141595645e-01
188 4 2 -1.04031297322059971e-01
188 4 3 1.32992762321609032e-01
188 4 4 -1.14285714285714352e-01
188 4 5 -1.61394663718503778e-01
188 5 0 -1.74326160944392877e-01
188 5 1 9.03959543974650170e-01
188 5 2 1.95884456220758035e-01
188 5 3 1.92628532132355021e-02
188 5 4 -1.61394663718503778e-01
188 5 5 -2.96103896103896203e-01
189 0 0 1.00000000000000000e+00
190 0 0 9.09090909090909116e-02
190 0 1 9.95859195463938529e-01
190 1 0 9.95859195463938529e-01
190 1 1 -9.09090909090909394e-02
191 0 0 -1.42857142857142849e-01
191 0 1 9.89743318610787126e-01
191 1 0 9.89743318610787126e-01
191 1 1 1.42857142857143044e-01
192 0 0 1.00000000000000000e+00
193 0 0 1.00000000000000000e+00
194 0 0 -1.66666666666666741e-01
194 0 1 9.86013297183269799e-01
194 1 0 9.86013297183269688e-01
194 1 1 1.66666666666666741e-01
195 0 0 8.33333333333334814e-02
195 0 1 9.96521728591783562e-01
195 1 0 9.96521728591783562e-01
195 1 1 -8.33333333333333842e-02
196 0 0 1.00000000000000000e+00
197 0 0 3.33333333333332635e-02
197 0 1 1.41421356237309531e-01
197 0 2 -1.12366643743873826e-01
197 0 3 1.43648601228555772e-01
197 0 4 9.56680769764969852e-01
197 0 5 -1.74326160944392933e-01
197 1 0 1.41421356237309531e-01
197 1 1 3.50000000000000422e-01
197 1 3 -1.52362350055011003e-01
197 1 4 1.30930734141595645e-01
197 1 5 9.03959543974650170e-01
197 2 0 -1.12366643743873826e-01
197 2 2 1.51515151515151554e-02
197 2 3 9.68478671913294509e-01
197 2 4 -1.04031297322059901e-01
197 2 5 1.95884456220757897e-01
197 3 0 1.43648601228555772e-01
197 3 1 -1.52362350055011003e-01
197 3 2 9.68478671913294287e-01
197 3 3 1.19047619047619024e-02
197 3 4 1.32992762321609004e-01
197 3 5 1.92628532132355056e-02
197 4 0 9.56680769764969741e-01
197 4 1 1.30930734141595645e-01
197 4 2 -1.04031297322059901e-01
197 4 3 1.32992762321609032e-01
197 4 4 -1.14285714285714324e-01
197 4 5 -1.61394663718503806e-01
197 5 0 -1.74326160944392933e-01
197 5 1 9.03959543974650170e-01
197 5 2 1.95884456220757924e-01
197 5 3 1.92628532132355056e-02
197 5 4 -1.61394663718503778e-01
197 5 5 -2.96103896103896203e-01
198 0 0 1.00000000000000000e+00
199 0 0 -3.33333333333333676e-02
199 0 1 1.39443337755679270e-01
199 0 2 2.18465724376325859e-01
199 0 3 1.15470053837925191e-01
199 0 4 -2.17422922601843649e-01
199 0 5 9.33333333333333348e-01
199 1 0 1.39443337755679270e-01
199 1 1 1.66666666666666824e-01
199 1 3 9.66091783079296440e-01
199 1 5 -1.39443337755679242e-01
199 2 0 2.18465724376325859e-01
199 2 2 4.54545454545454142e-02
199 2 4 9.49989125644591592e-01
199 2 5 2.18465724376325804e-01
199 3 0 1.15470053837925218e-01
199 3 1 9.66091783079296329e-01
199 3 3 -1.99999999999999983e-01
199 3 5 -1.15470053837925163e-01
199 4 0 -2.17422922601843621e-01
199 4 2 9.49989125644591814e-01
199 4 4 5.45454545454545914e-02
199 4 5 -2.17422922601843621e-01
199 5 0 9.33333333333333459e-01
199 5 1 -1.39443337755679270e-01
199 5 2 2.18465724376325832e-01
199 5 3 -1.15470053837925177e-01
199 5 4 -2.17422922601843621e-01
199 5 5 -3.33333333333333329e-02
200 0 0 1.66666666666667046e-02
200 0 1 9.34353184302312428e-02
200 0 2 2.42752078113806058e-01
200 0 3 1.02353263143831905e-01
200 0 4 1.48249863332221097e-02
200 0 5 9.59878909742016173e-01
200 1 0 9.34353184302312428e-02
200 1 1 -1.19047619047619069e-01
200 1 2 1.23717914826348446e-01
200 1 3 9.65034982271006814e-01
200 1 4 -1.24665958689158432e-01
200 1 5 -1.22299897617557107e-01
200 2 0 2.42752078113806058e-01
200 2 1 1.23717914826348446e-01
200 2 2 -1.78571428571428714e-01
200 2 3 1.35526185435787816e-01
200 2 4 9.35687022503589705e-01
200 3 0 1.02353263143831905e-01
200 3 1 9.65034982271006814e-01
200 3 2 1.35526185435787816e-01
200 3 3 5.71428571428571480e-02
200 3 4 -1.36564715454118579e-01
200 3 5 -1.33972825411416807e-01
200 4 0 1.48249863332221097e-02
200 4 1 -1.24665958689158460e-01
200 4 2 9.35687022503589705e-01
200 4 3 -1.36564715454118579e-01
200 4 4 2.10989010989010933e-01
200 4 5 -2.13452875777101619e-01
200 5 0 9.59878909742016173e-01
200 5 1 -1.22299897617557135e-01
200 5 3 -1.33972825411416807e-01
200 5 4 -2.13452875777101619e-01
200 5 5 1.28205128205128131e-02
201 0 0 1.66666666666666657e-01
201 0 1 9.86013297183269577e-01
201 1 0 9.86013297183269466e-01
201 1 1 -1.66666666666666657e-01
202 0 0 6.85185185185186035e-02
202 0 1 -1.16788189608683785e-02
202 0 2 -2.64682506630280548e-02
202 0 3 9.64995819274328120e-02
202 0 4 1.36277028773849451e-01
202 0 5 1.36277028773849368e-01
202 0 6 2.50021644084712336e-01
202 0 7 -6.48148148148148806e-02
202 0 8 -1.52004214438722252e-01
202 0 9 9.26388773205982563e-01
202 1 0 -1.16788189608683785e-02
202 1 1 1.30471380471380571e-02
202 1 2 1.66923670160369741e-01
202 1 3 -1.52145154862546234e-01
202 1 6 4.14941331443307096e-02
202 1 7 -1.16788189608683715e-02
202 1 8 9.58624038928178823e-01
202 1 9 1.66923670160369714e-01
202 2 0 -2.64682506630280548e-02
202 2 1 1.66923670160369769e-01
202 2 2 4.49735449735450057e-02
202 2 3 -6.26933893908937084e-02
202 2 4 1.49829835452878868e-01
202 2 5 1.49829835452878840e-01
202 2 6 -2.31483283904838133e-01
202 2 7 9.26388773205982674e-01
202 2 8 -1.51928269285623481e-02
202 2 9 9.25925925925926013e-02
202 3 0 9.64995819274328259e-02
202 3 1 -1.52145154862546206e-01
202 3 2 -6.26933893908936946e-02
202 3 3 9.57142857142857184e-01
202 3 6 -4.28571428571429200e-02
202 3 7 9.64995819274327843e-02
202 3 8 1.80020574955773921e-01
202 3 9 -6.26933893908936807e-02
202 4 0 1.36277028773849451e-01
202 4 2 1.49829835452878840e-01
202 4 4 -4.28571428571429131e-02
202 4 5 9.57142857142857073e-01
202 4 7 -1.36277028773849396e-01
202 4 9 -1.49829835452878840e-01
202 5 0 1.36277028773849396e-01
202 5 2 1.49829835452878840e-01
202 5 4 9.57142857142857184e-01
202 5 5 -4.28571428571429061e-02
202 5 7 -1.36277028773849312e-01
202 5 9 -1.49829835452878785e-01
202 6 0 2.50021644084712336e-01
202 6 1 4.14941331443307096e-02
202 6 2 -2.31483283904838189e-01
202 6 3 -4.28571428571429131e-02
202 6 6 8.73226773226773334e-01
202 6 7 2.50021644084712225e-01
202 6 8 4.15432096051785923e-02
202 6 9 -2.31483283904838133e-01
202 7 0 -6.48148148148148806e-02
202 7 1 -1.16788189608683715e-02
202 7 2 9.26388773205982563e-01
202 7 3 9.64995819274327843e-02
202 7 4 -1.36277028773849396e-01
202 7 5 -1.36277028773849340e-01
202 7 6 2.50021644084712225e-01
202 7 7 6.85185185185184925e-02
202 7 8 -1.52004214438722224e-01
202 7 9 -2.64682506630280479e-02
202 8 0 -1.52004214438722279e-01
202 8 1 9.58624038928178934e-01
202 8 2 -1.51928269285623516e-02
202 8 3 1.80020574955773865e-01
202 8 6 4.15432096051785854e-02
202 8 7 -1.52004214438722252e-01
202 8 8 1.53133903133903168e-02
202 8 9 -1.51928269285623446e-02
202 9 0 9.26388773205982674e-01
202 9 1 1.66923670160369714e-01
202 9 2 9.25925925925926013e-02
202 9 3 -6.26933893908936807e-02
202 9 4 -1.49829835452878840e-01
202 9 5 -1.49829835452878785e-01
202 9 6 -2.31483283904838133e-01
202 9 7 -2.64682506630280479e-02
202 9 8 -1.51928269285623446e-02
202 9 9 4.49735449735450196e-02
203 0 0 1.66666666666666408e-01
203 0 1 9.86013297183269355e-01
203 1 0 9.86013297183269355e-01
203 1 1 -1.66666666666666685e-01
204 0 0 1.51515151515151381e-02
204 0 1 1.04031297322059874e-01
204 0 2 1.95884456220757869e-01
204 0 3 1.12366643743873701e-01
204 0 5 9.68478671913294287e-01
204 1 0 1.04031297322059874e-01
204 1 1 -1.14285714285714254e-01
204 1 2 1.61394663718503695e-01
204 1 3 9.56680769764969519e-01
204 1 4 -1.30930734141595229e-01
204 1 5 -1.32992762321609004e-01
204 2 0 1.95884456220757841e-01
204 2 1 1.61394663718503723e-01
204 2 2 -2.96103896103896147e-01
204 2 3 1.74326160944393016e-01
204 2 4 9.03959543974649948e-01
204 2 5 1.92628532132354847e-02
204 3 0 1.12366643743873701e-01
204 3 1 9.56680769764969408e-01
204 3 2 1.74326160944393016e-01
204 3 3 3.33333333333332843e-02
204 3 4 -1.41421356237309476e-01
204 3 5 -1.43648601228555745e-01
204 4 1 -1.30930734141595256e-01
204 4 2 9.03959543974649948e-01
204 4 3 -1.41421356237309448e-01
204 4 4 3.50000000000000033e-01
204 4 5 -1.52362350055011059e-01
204 5 0 9.68478671913294287e-01
204 5 1 -1.32992762321609004e-01
204 5 2 1.92628532132354778e-02
204 5 3 -1.43648601228555800e-01
204 5 4 -1.52362350055011059e-01
204 5 5 1.19047619047618937e-02
205 0 0 -2.38095238095237596e-02
205 0 1 1.16642368703960775e-01
205 0 2 1.85841038739425812e-01
205 0 3 9.96023841111994962e-02
205 0 4 -1.85312329165275402e-01
205 0 5 9.52380952380952550e-01
205 1 0 1.16642368703960775e-01
205 1 1 1.42857142857142905e-01
205 1 3 9.75900072948533204e-01
205 1 5 -1.16642368703960775e-01
205 2 0 1.85841038739425812e-01
205 2 2 3.29670329670329193e-02
205 2 4 9.64281800812321510e-01
205 2 5 1.85841038739425812e-01
205 3 0 9.96023841111994962e-02
205 3 1 9.75900072948533315e-01
205 3 3 -1.66666666666666630e-01
205 3 5 -9.96023841111995101e-02
205 4 0 -1.85312329165275347e-01
205 4 2 9.64281800812321510e-01
205 4 4 3.84615384615385192e-02
205 4 5 -1.85312329165275402e-01
205 5 0 9.52380952380952550e-01
205 5 1 -1.16642368703960775e-01
205 5 2 1.85841038739425812e-01
205 5 3 -9.96023841111995101e-02
205 5 4 -1.85312329165275375e-01
205 5 5 -2.38095238095237596e-02
206 0 0 1.00000000000000000e+00
207 0 0 5.71428571428571480e-02
207 0 1 1.36564715454118524e-01
207 0 2 -1.02353263143831794e-01
207 0 3 1.33972825411416724e-01
207 0 4 9.65034982271007036e-01
207 0 5 -1.35526185435787649e-01
207 1 0 1.36564715454118524e-01
207 1 1 2.10989010989010961e-01
207 1 2 1.48249863332219241e-02
207 1 3 -2.13452875777101647e-01
207 1 4 1.24665958689158543e-01
207 1 5 9.35687022503589705e-01
207 2 0 -1.02353263143831794e-01
207 2 1 1.48249863332219241e-02
207 2 2 1.66666666666666630e-02
207 2 3 9.59878909742016173e-01
207 2 4 -9.34353184302312290e-02
207 2 5 2.42752078113805919e-01
207 3 0 1.33972825411416752e-01
207 3 1 -2.13452875777101675e-01
207 3 2 9.59878909742016173e-01
207 3 3 1.28205128205128218e-02
207 3 4 1.22299897617557135e-01
207 4 0 9.65034982271006925e-01
207 4 1 1.24665958689158571e-01
207 4 2 -9.34353184302312290e-02
207 4 3 1.22299897617557135e-01
207 4 4 -1.19047619047619083e-01
207 4 5 -1.23717914826348460e-01
207 5 0 -1.35526185435787649e-01
207 5 1 9.35687022503589705e-01
207 5 2 2.42752078113805947e-01
207 5 4 -1.23717914826348460e-01
207 5 5 -1.78571428571428659e-01
208 0 0 1.00000000000000000e+00
209 0 0 8.33333333333333148e-02
209 0 1 9.96521728591783229e-01
209 1 0 9.96521728591783229e-01
209 1 1 -8.33333333333333426e-02
210 0 0 -1.66666666666666685e-01
210 0 1 9.86013297183269355e-01
210 1 0 9.86013297183269355e-01
210 1 1 1.66666666666666408e-01
211 0 0 1.00000000000000000e+00
212 0 0 1.00000000000000000e+00
213 0 0 -2.50000000000000111e-01
213 0 1 9.68245836551854366e-01
213 1 0 9.68245836551854033e-01
213 1 1 2.50000000000000333e-01
214 0 0 9.09090909090909949e-02
214 0 1 9.95859195463938640e-01
214 1 0 9.95859195463938640e-01
214 1 1 -9.09090909090910088e-02
215 0 0 1.00000000000000000e+00
216 0 0 6.25000000000000555e-02
216 0 1 1.63197802458466934e-01
216 0 2 -1.18585412256314471e-01
216 0 3 1.65144564768954116e-01
216 0 4 9.50328890437410867e-01
216 0 5 -1.58113883008418832e-01
216 1 0 1.63197802458466906e-01
216 1 1 2.44318181818182045e-01
216 1 2 2.06430705961216827e-02
216 1 3 -2.58731808559231169e-01
216 1 4 1.45968552030285581e-01
216 1 5 9.08295106229247917e-01
216 2 0 -1.18585412256314485e-01
216 2 1 2.06430705961216758e-02
216 2 2 2.50000000000015279e-02
216 2 3 9.40019342160768545e-01
216 2 4 -1.06066017177982586e-01
216 2 5 2.99999999999999656e-01
216 3 0 1.65144564768954144e-01
216 3 1 -2.58731808559231113e-01
216 3 2 9.40019342160768656e-01
216 3 3 1.81818181818182018e-02
216 3 4 1.47709789175199335e-01
216 4 0 9.50328890437410867e-01
216 4 1 1.45968552030285581e-01
216 4 2 -1.06066017177982586e-01
216 4 3 1.47709789175199280e-01
216 4 4 -1.49999999999999994e-01
216 4 5 -1.41421356237309559e-01
216 5 0 -1.58113883008418860e-01
216 5 1 9.08295106229248028e-01
216 5 2 2.99999999999999656e-01
216 5 4 -1.41421356237309531e-01
216 5 5 -2.00000000000000094e-01
217 0 0 1.00000000000000000e+00
218 0 0 -4.16666666666666990e-02
218 0 1 1.61374306091977116e-01
218 0 2 1.49403576166798918e-01
218 0 3 1.31761569173682480e-01
218 0 4 -3.72677996249964949e-01
218 0 5 8.90870806374748136e-01
218 1 0 1.61374306091977143e-01
218 1 1 1.74999999999999017e-01
218 1 2 -2.31455024943169503e-02
218 1 3 9.59383482590078218e-01
218 1 4 5.77350269189624218e-02
218 1 5 -1.38013111868470317e-01
218 2 0 1.49403576166798918e-01
218 2 1 -2.31455024943169468e-02
218 2 2 6.42857142857163194e-02
218 2 3 -1.88982236504612808e-02
218 2 4 9.08688222502243015e-01
218 2 5 3.83325938999963978e-01
218 3 0 1.31761569173682480e-01
218 3 1 9.59383482590077996e-01
218 3 2 -1.88982236504612738e-02
218 3 3 -2.16666666666666646e-01
218 3 4 4.71404520791031609e-02
218 3 5 -1.12687233963802202e-01
218 4 0 -3.72677996249964949e-01
218 4 1 5.77350269189624149e-02
218 4 2 9.08688222502242793e-01
218 4 3 4.71404520791031609e-02
218 4 4 6.66666666666666935e-02
218 4 5 -1.59363814577919233e-01
218 5 0 8.90870806374748248e-01
218 5 1 -1.38013111868470290e-01
218 5 2 3.83325938999963922e-01
218 5 3 -1.12687233963802189e-01
218 5 4 -1.59363814577919261e-01
218 5 5 -4.76190476190476025e-02
219 0 0 1.51515151515151623e-02
219 0 1 1.04031297322059957e-01
219 0 2 1.95884456220758063e-01
219 0 3 1.12366643743873715e-01
219 0 5 9.68478671913294176e-01
219 1 0 1.04031297322059957e-01
219 1 1 -1.14285714285714352e-01
219 1 2 1.61394663718503778e-01
219 1 3 9.56680769764969963e-01
219 1 4 -1.30930734141595312e-01
219 1 5 -1.32992762321609087e-01
219 2 0 1.95884456220758063e-01
219 2 1 1.61394663718503778e-01
219 2 2 -2.96103896103896258e-01
219 2 3 1.74326160944392988e-01
219 2 4 9.03959543974650170e-01
219 2 5 1.92628532132354813e-02
219 3 0 1.12366643743873715e-01
219 3 1 9.56680769764969963e-01
219 3 2 1.74326160944392988e-01
219 3 3 3.33333333333333259e-02
219 3 4 -1.41421356237309476e-01
219 3 5 -1.43648601228555772e-01
219 4 1 -1.30930734141595312e-01
219 4 2 9.03959543974650170e-01
219 4 3 -1.41421356237309476e-01
219 4 4 3.50000000000000033e-01
219 4 5 -1.52362350055011003e-01
219 5 0 9.68478671913294176e-01
219 5 1 -1.32992762321609087e-01
219 5 2 1.92628532132354952e-02
219 5 3 -1.43648601228555772e-01
219 5 4 -1.52362350055011003e-01
219 5 5 1.19047619047619249e-02
220 0 0 1.42857142857142988e-01
220 0 1 9.89743318610787126e-01
220 1 0 9.89743318610787348e-01
220 1 1 -1.42857142857142794e-01
221 0 0 5.03246753246753206e-02
221 0 1 -1.08899414488622150e-02
221 0 2 -3.55663998379978433e-02
221 0 3 1.35140619404333862e-01
221 0 4 1.27411797859406428e-01
221 0 5 1.27411797859406345e-01
221 0 6 1.80187492539111815e-01
221 0 7 -6.49350649350649151e-02
221 0 8 -2.34126706198960421e-01
221 0 9 9.24042173425825286e-01
221 1 0 -1.08899414488622150e-02
221 1 1 1.52597402597403273e-02
221 1 2 1.43151997954861915e-01
221 1 3 -1.57135477984948840e-01
221 1 4 3.41881729378945912e-02
221 1 5 3.41881729378912397e-02
221 1 6 4.83493778415226838e-02
221 1 7 -1.74239063181808387e-02
221 1 8 9.42341814736194272e-01
221 1 9 2.47946533662815105e-01
221 2 0 -3.55663998379978363e-02
221 2 1 1.43151997954861915e-01
221 2 2 9.61038961038961637e-02
221 2 3 -3.94771016975861005e-02
221 2 4 1.67487157871724773e-01
221 2 5 1.67487157871724718e-01
221 2 6 -4.14509567824654479e-01
221 2 7 8.53593596111947295e-01
221 2 8 -2.56472956599110395e-02
221 2 9 1.01223748494285101e-01
221 3 0 1.35140619404333862e-01
221 3 1 -1.57135477984948813e-01
221 3 2 -3.94771016975861005e-02
221 3 3 9.49999999999999512e-01
221 3 6 -5.00000000000000375e-02
221 3 7 7.20749970156446956e-02
221 3 8 1.94902573064115792e-01
221 3 9 -8.54704323447284253e-02
221 4 0 1.27411797859406456e-01
221 4 1 3.41881729378945912e-02
221 4 2 1.67487157871724801e-01
221 4 4 -5.00000000000000167e-02
221 4 5 9.49999999999999734e-01
221 4 6 5.30330085889912303e-02
221 4 7 -1.52894157431287647e-01
221 4 8 -2.29694885140571126e-02
221 4 9 -1.51091805754758834e-01
221 5 0 1.27411797859406345e-01
221 5 1 3.41881729378912397e-02
221 5 2 1.67487157871724746e-01
221 5 4 9.49999999999999845e-01
221 5 5 -5.00000000000000167e-02
221 5 6 5.30330085889912164e-02
221 5 7 -1.52894157431287703e-01
221 5 8 -2.29694885140571056e-02
221 5 9 -1.51091805754758862e-01
221 6 0 1.80187492539111788e-01
221 6 1 4.83493778415226838e-02
221 6 2 -4.14509567824654646e-01
221 6 3 -5.00000000000000305e-02
221 6 4 5.30330085889912164e-02
221 6 5 5.30330085889912095e-02
221 6 6 7.68749999999999933e-01
221 6 7 4.14431232839957142e-01
221 6 8 5.68465838103670920e-02
221 6 9 -1.38889452560183813e-01
221 7 0 -6.49350649350649151e-02
221 7 1 -1.74239063181808387e-02
221 7 2 8.53593596111947295e-01
221 7 3 7.20749970156446956e-02
221 7 4 -1.52894157431287647e-01
221 7 5 -1.52894157431287703e-01
221 7 6 4.14431232839957142e-01
221 7 7 1.68831168831168832e-01
221 7 8 -1.17063353099480155e-01
221 7 9 -3.08014057808608487e-02
221 8 0 -2.34126706198960449e-01
221 8 1 9.42341814736194272e-01
221 8 2 -2.56472956599110603e-02
221 8 3 1.94902573064115736e-01
221 8 4 -2.29694885140570987e-02
221 8 5 -2.29694885140571056e-02
221 8 6 5.68465838103671198e-02
221 8 7 -1.17063353099480155e-01
221 8 8 1.86688311688312132e-02
221 8 9 -1.38820059874083419e-02
221 9 0 9.24042173425825286e-01
221 9 1 2.47946533662815105e-01
221 9 2 1.01223748494285087e-01
221 9 3 -8.54704323447284392e-02
221 9 4 -1.51091805754758862e-01
221 9 5 -1.51091805754758862e-01
221 9 6 -1.38889452560183813e-01
221 9 7 -3.08014057808608417e-02
221 9 8 -1.38820059874083419e-02
221 9 9 3.20616883116883189e-02
222 0 0 1.42857142857143044e-01
222 0 1 9.89743318610787126e-01
222 1 0 9.89743318610787126e-01
222 1 1 -1.42857142857142849e-01
223 0 0 1.42857142857134682e-02
223 0 1 1.13389341902767699e-01
223 0 2 1.60356745147455959e-01
223 0 3 1.19522860933438627e-01
223 0 4 -1.36208941320816197e-02
223 0 5 9.73012459711203315e-01
223 1 0 1.13389341902767685e-01
223 1 1 -9.99999999999999778e-02
223 1 2 2.12132034355964283e-01
223 1 3 9.48683298050513768e-01
223 1 4 -1.08112495523467037e-01
223 1 5 -1.43019388386838808e-01
223 2 0 1.60356745147455959e-01
223 2 1 2.12132034355964311e-01
223 2 2 -5.74999999999999956e-01
223 2 3 2.23606797749979103e-01
223 2 4 7.38988427584557184e-01
223 2 5 5.05649896847431626e-02
223 3 0 1.19522860933438627e-01
223 3 1 9.48683298050513768e-01
223 3 2 2.23606797749979103e-01
223 3 4 -1.13960576459638044e-01
223 3 5 -1.50755672288881815e-01
223 4 0 -1.36208941320816214e-02
223 4 1 -1.08112495523467037e-01
223 4 2 7.38988427584557295e-01
223 4 3 -1.13960576459638016e-01
223 4 4 6.49350649350649678e-01
223 4 5 -8.59010165930061964e-02
223 5 0 9.73012459711203315e-01
223 5 1 -1.43019388386838781e-01
223 5 2 5.05649896847431626e-02
223 5 3 -1.50755672288881815e-01
223 5 4 -8.59010165930061964e-02
223 5 5 1.13636363636363813e-02
224 0 0 -2.85714285714286122e-02
224 0 1 1.30930734141595506e-01
224 0 2 1.38873014965882752e-01
224 0 3 1.10656667034497669e-01
224 0 4 -2.87494454249973053e-01
224 0 5 9.31588505112178167e-01
224 1 0 1.30930734141595506e-01
224 1 1 1.49999999999999939e-01
224 1 2 -1.76776695296637261e-02
224 1 3 9.71927392937794066e-01
224 1 4 3.65962527355700590e-02
224 1 5 -1.18585412256314221e-01
224 2 0 1.38873014965882752e-01
224 2 1 -1.76776695296637261e-02
224 2 2 4.37500000000000180e-02
224 2 3 -1.49403576166797503e-02
224 2 4 9.44527234349847311e-01
224 2 5 2.93483922046847479e-01
224 3 0 1.10656667034497655e-01
224 3 1 9.71927392937794066e-01
224 3 2 -1.49403576166797503e-02
224 3 3 -1.78571428571428686e-01
224 3 4 3.09294787065870977e-02
224 3 5 -1.00222965717159163e-01
224 4 0 -2.87494454249973108e-01
224 4 1 3.65962527355700729e-02
224 4 2 9.44527234349847311e-01
224 4 3 3.09294787065870977e-02
224 4 4 4.46428571428571855e-02
224 4 5 -1.44659390589461201e-01
224 5 0 9.31588505112178167e-01
224 5 1 -1.18585412256314221e-01
224 5 2 2.93483922046847479e-01
224 5 3 -1.00222965717159163e-01
224 5 4 -1.44659390589461173e-01
224 5 5 -3.12500000000000139e-02
225 0 0 8.33333333333333148e-02
225 0 1 1.47313912747197323e-01
225 0 2 -1.00503781525921126e-01
225 0 3 1.50231303144332889e-01
225 0 4 9.62566926358525143e-01
225 0 5 -1.10220798408983883e-01
225 1 0 1.47313912747197323e-01
225 1 1 1.35416666666666546e-01
225 1 2 3.55334527259351038e-02
225 1 3 -3.71803506199473999e-01
225 1 4 1.30891846341154972e-01
225 1 5 8.96285550802061848e-01
225 2 0 -1.00503781525921126e-01
225 2 1 3.55334527259351038e-02
225 2 2 3.03030303030302900e-02
225 2 3 9.05928844174348491e-01
225 2 4 -8.92999532961366582e-02
225 2 5 3.98793853544728683e-01
225 3 0 1.50231303144332889e-01
225 3 1 -3.71803506199473999e-01
225 3 2 9.05928844174348491e-01
225 3 3 2.08333333333333495e-02
225 3 4 1.33484015732747457e-01
225 3 5 -1.52848746263912032e-02
225 4 0 9.62566926358525032e-01
225 4 1 1.30891846341154972e-01
225 4 2 -8.92999532961366582e-02
225 4 3 1.33484015732747457e-01
225 4 4 -1.44736842105263219e-01
225 4 5 -9.79337493649092006e-02
225 5 0 -1.10220798408983883e-01
225 5 1 8.96285550802061848e-01
225 5 2 3.98793853544728683e-01
225 5 3 -1.52848746263912066e-02
225 5 4 -9.79337493649092283e-02
225 5 5 -1.25149521531100594e-01
226 0 0 1.00000000000000000e+00
227 0 0 9.09090909090908283e-02
227 0 1 9.95859195463938529e-01
227 1 0 9.95859195463938640e-01
227 1 1 -9.09090909090909532e-02
228 0 0 -2.50000000000000111e-01
228 0 1 9.68245836551854255e-01
228 1 0 9.68245836551854255e-01
228 1 1 2.50000000000000111e-01
229 0 0 1.00000000000000000e+00
230 0 0 1.00000000000000000e+00
231 0 0 -5.00000000000000111e-01
231 0 1 8.66025403784438930e-01
231 1 0 8.66025403784438930e-01
231 1 1 5.00000000000000333e-01
232 0 0 1.00000000000000214e-01
232 0 1 9.94987437106620076e-01
232 1 0 9.94987437106620076e-01
232 1 1 -1.00000000000000089e-01
233 0 0 9.99999999999999223e-02
233 0 1 1.85164019954510428e-01
233 0 2 -1.05409255338946115e-01
233 0 3 1.91485421551267659e-01
233 0 4 9.46729262406257766e-01
233 0 5 -1.07889812495024898e-01
233 1 0 1.85164019954510456e-01
233 1 1 1.28571428571428642e-01
233 1 2 4.87950036474268933e-02
233 1 3 -5.31843156256751048e-01
233 1 4 1.59363814577919288e-01
233 1 5 7.99092455748687258e-01
233 2 0 -1.05409255338946115e-01
233 2 1 4.87950036474269003e-02
233 2 2 5.55555555555558300e-02
233 2 3 8.07373427759331075e-01
233 2 4 -9.07218423253029760e-02
233 2 5 5.68629239687954646e-01
233 3 0 1.91485421551267659e-01
233 3 1 -5.31843156256751159e-01
233 3 2 8.07373427759331186e-01
233 3 3 3.33333333333333467e-02
233 3 4 1.64804410824348130e-01
233 3 5 -1.87812056606337131e-02
233 4 0 9.46729262406257877e-01
233 4 1 1.59363814577919288e-01
233 4 2 -9.07218423253029621e-02
233 4 3 1.64804410824348102e-01
233 4 4 -1.85185185185185203e-01
233 4 5 -9.28567660041494658e-02
233 5 0 -1.07889812495024912e-01
233 5 1 7.99092455748687369e-01
233 5 2 5.68629239687954646e-01
233 5 3 -1.87812056606337097e-02
233 5 4 -9.28567660041494936e-02
233 5 5 -1.32275132275132379e-01
234 0 0 1.00000000000000000e+00
235 0 0 -7.14285714285714524e-02
235 0 1 1.88982236504613932e-01
235 0 2 1.54303349962091912e-01
235 0 3 -9.67147429123329183e-01
235 1 0 1.88982236504613904e-01
235 1 1 1.66666666666666491e-01
235 1 2 9.52579344415680485e-01
235 1 3 1.70588771906386327e-01
235 2 0 1.54303349962091940e-01
235 2 1 9.52579344415680485e-01
235 2 2 -2.22222222222222238e-01
235 2 3 1.39285149006224185e-01
235 3 0 -9.67147429123328961e-01
235 3 1 1.70588771906386327e-01
235 3 2 1.39285149006224213e-01
235 3 3 1.26984126984126977e-01
236 0 0 1.42857142857143113e-02
236 0 1 1.13389341902768143e-01
236 0 2 1.60356745147454710e-01
236 0 3 1.19522860933439515e-01
236 0 4 -1.36208941320798416e-02
236 0 5 9.73012459711203759e-01
236 1 0 1.13389341902768143e-01
236 1 1 -9.99999999999999639e-02
236 1 2 2.12132034355964227e-01
236 1 3 9.48683298050513657e-01
236 1 4 -1.08112495523467064e-01
236 1 5 -1.43019388386838836e-01
236 2 0 1.60356745147454710e-01
236 2 1 2.12132034355964200e-01
236 2 2 -5.75000000000000067e-01
236 2 3 2.23606797749979130e-01
236 2 4 7.38988427584557295e-01
236 2 5 5.05649896847431626e-02
236 3 0 1.19522860933439515e-01
236 3 1 9.48683298050513657e-01
236 3 2 2.23606797749979075e-01
236 3 4 -1.13960576459637988e-01
236 3 5 -1.50755672288881842e-01
236 4 0 -1.36208941320798416e-02
236 4 1 -1.08112495523467064e-01
236 4 2 7.38988427584557295e-01
236 4 3 -1.13960576459637988e-01
236 4 4 6.49350649350649345e-01
236 4 5 -8.59010165930062103e-02
236 5 0 9.73012459711203759e-01
236 5 1 -1.43019388386838836e-01
236 5 2 5.05649896847431626e-02
236 5 3 -1.50755672288881842e-01
236 5 4 -8.59010165930062103e-02
236 5 5 1.13636363636363640e-02
237 0 0 4.10714285714285920e-02
237 0 1 -9.44911182523068549e-03
237 0 2 -6.64803945320939227e-02
237 0 3 1.86338998124982502e-01
237 0 4 9.34353184302313539e-02
237 0 5 9.34353184302313955e-02
237 0 6 1.33099284374987581e-01
237 0 7 -4.77297077300919581e-01
237 0 8 8.34322329798262263e-01
237 1 0 -9.44911182523068549e-03
237 1 1 1.66666666666667046e-02
237 1 2 1.17260393995585910e-01
237 1 3 -1.31468439624435857e-01
237 1 4 8.24022054121743286e-02
237 1 5 8.24022054121738429e-02
237 1 6 7.51248226425349219e-02
237 1 7 8.41872912024136721e-01
237 1 8 4.90535421758714729e-01
237 2 0 -6.64803945320939227e-02
237 2 1 1.17260393995585910e-01
237 2 2 3.25000000000000178e-01
237 2 4 1.58113883008419054e-01
237 2 5 1.58113883008419026e-01
237 2 6 -9.00937462695559188e-01
237 2 7 -5.98293026413099435e-02
237 2 8 1.04582503316759473e-01
237 3 0 1.86338998124982502e-01
237 3 1 -1.31468439624435857e-01
237 3 3 9.44444444444444753e-01
237 3 6 -5.55555555555555594e-02
237 3 7 2.10818510677892007e-01
237 3 8 -9.21284663987611135e-02
237 4 0 9.34353184302313539e-02
237 4 1 8.24022054121743286e-02
237 4 2 1.58113883008419054e-01
237 4 4 -5.55555555555556010e-02
237 4 5 9.44444444444444864e-01
237 4 6 2.02596580372689877e-01
237 4 7 -4.20437482591260875e-02
237 4 8 -1.46986183948032839e-01
237 5 0 9.34353184302314094e-02
237 5 1 8.24022054121738429e-02
237 5 2 1.58113883008419026e-01
237 5 4 9.44444444444444753e-01
237 5 5 -5.55555555555555663e-02
237 5 6 2.02596580372689739e-01
237 5 7 -4.20437482591260944e-02
237 5 8 -1.46986183948032839e-01
237 6 0 1.33099284374987581e-01
237 6 1 7.51248226425349219e-02
237 6 2 -9.00937462695559188e-01
237 6 3 -5.55555555555555455e-02
237 6 4 2.02596580372689850e-01
237 6 5 2.02596580372689766e-01
237 6 6 -2.61904761904762085e-01
237 6 7 1.05409255338946004e-01
237 6 8 -8.37531512716010659e-03
237 7 0 -4.77297077300919581e-01
237 7 1 8.41872912024136721e-01
237 7 2 -5.98293026413099296e-02
237 7 3 2.10818510677891952e-01
237 7 4 -4.20437482591260875e-02
237 7 5 -4.20437482591260805e-02
237 7 6 1.05409255338945976e-01
237 7 7 2.49999999999999944e-02
237 7 8 -1.19182823655698961e-02
237 8 0 8.34322329798262263e-01
237 8 1 4.90535421758714729e-01
237 8 2 1.04582503316759445e-01
237 8 3 -9.21284663987611135e-02
237 8 4 -1.46986183948032839e-01
237 8 5 -1.46986183948032839e-01
237 8 6 -8.37531512716010659e-03
237 8 7 -1.19182823655698961e-02
237 8 8 2.08333333333333148e-02
238 0 0 1.25000000000000028e-01
238 0 1 9.92156741649221519e-01
238 1 0 9.92156741649221519e-01
238 1 1 -1.24999999999999972e-01
239 0 0 -4.16666666666666713e-02
239 0 1 1.46986183948032839e-01
239 0 2 8.37531512716010590e-02
239 0 3 1.23898656945838001e-01
239 0 4 -5.53304016728805026e-01
239 0 5 8.05076485899413163e-01
239 1 0 1.46986183948032839e-01
239 1 1 1.48148148148148195e-01
239 1 2 -2.95453346376837941e-02
239 1 3 9.67805338634417200e-01
239 1 4 9.29463382652406800e-02
239 1 5 -1.01430103241697447e-01
239 2 0 8.37531512716010590e-02
239 2 1 -2.95453346376837941e-02
239 2 2 7.40740740740739312e-02
239 2 3 -2.49045670980790890e-02
239 2 4 8.15600808215988460e-01
239 2 5 5.66392618753437160e-01
239 3 0 1.23898656945837987e-01
239 3 1 9.67805338634417200e-01
239 3 2 -2.49045670980790820e-02
239 3 3 -1.84210526315789491e-01
239 3 4 7.83469994919273605e-02
239 3 5 -8.54981960070961833e-02
239 4 0 -5.53304016728805026e-01
239 4 1 9.29463382652407355e-02
239 4 2 8.15600808215988571e-01
239 4 3 7.83469994919273327e-02
239 4 4 5.92105263157895051e-02
239 4 5 -1.01817612210755748e-01
239 5 0 8.05076485899413274e-01
239 5 1 -1.01430103241697447e-01
239 5 2 5.66392618753437160e-01
239 5 3 -8.54981960070961555e-02
239 5 4 -1.01817612210755748e-01
239 5 5 -5.55555555555555386e-02
240 0 0 1.11111111111111105e-01
240 0 1 1.77272007826103417e-01
240 0 2 1.74077655955697880e-01
240 0 3 9.62250448649376589e-01
240 1 0 1.77272007826103417e-01
240 1 1 1.01010101010103326e-02
240 1 2 -9.72061511051238947e-01
240 1 3 1.53522062157279510e-01
240 2 0 1.74077655955697880e-01
240 2 1 -9.72061511051238947e-01
240 2 2 4.54545454545454558e-02
240 2 3 1.50755672288881870e-01
240 3 0 9.62250448649376589e-01
240 3 1 1.53522062157279510e-01
240 3 2 1.50755672288881842e-01
240 3 3 -1.66666666666666685e-01
241 0 0 1.00000000000000000e+00
242 0 0 -5.00000000000000000e-01
242 0 1 8.66025403784438597e-01
242 1 0 8.66025403784438597e-01
242 1 1 5.00000000000000111e-01
END_VALUES
END_TABLE
